ticker,rank_quarter,rebalance_date,shares,shares_filed,shares_end,n_share_values,adj_close,mcap_usd,verdict
ABT,2016Q1,2016-04-01,1473241861,2016-02-19,2016-01-31,1,34.5354,50878984042,large_5b_plus
AZN,2016Q1,2016-04-01,,,,,41.7636,,unknown
BAX,2016Q1,2016-04-01,547871849,2016-02-26,2016-01-31,1,35.5415,19472183240,large_5b_plus
BMY,2016Q1,2016-04-01,1669459090,2016-02-12,2016-02-01,1,45.3691,75741875321,large_5b_plus
BSX,2016Q1,2016-04-01,1348346253,2016-02-24,2016-01-29,1,18.94,25537678032,large_5b_plus
GSK,2016Q1,2016-04-01,,,,,30.9779,,unknown
INCY,2016Q1,2016-04-01,187199761,2016-02-12,2016-02-05,1,73.3,13721742481,large_5b_plus
INGR,2016Q1,2016-04-01,71887000,2016-02-19,2016-02-17,1,84.1618,6050138465,large_5b_plus
IONS,2016Q1,2016-04-01,120658638,2016-02-26,2016-02-19,1,41.02,4949417331,below_5b
JNJ,2016Q1,2016-04-01,2759359192,2016-02-24,2016-02-19,1,82.0805,226489711980,large_5b_plus
LLY,2016Q1,2016-04-01,1106093485,2016-02-19,2016-02-12,1,61.9768,68552121005,large_5b_plus
MDT,2016Q1,2016-04-01,1401043252,2016-03-09,2016-03-03,1,57.0451,79922613827,large_5b_plus
MED,2016Q1,2016-04-01,11834724,2016-03-15,2016-03-01,1,23.1844,274380655,below_5b
MRK,2016Q1,2016-04-01,2775258591,2016-02-26,2016-01-31,1,37.1807,103186004219,large_5b_plus
NVO,2016Q1,2016-04-01,,,,,22.0559,,unknown
NVS,2016Q1,2016-04-01,,,,,43.5266,,unknown
OPK,2016Q1,2016-04-01,545840064,2016-03-24,2016-03-17,1,10.41,5682195066,large_5b_plus
PFE,2016Q1,2016-04-01,6184139991,2016-02-29,2016-02-25,1,17.7566,109809430364,large_5b_plus
RMD,2016Q1,2016-04-01,140040916,2016-01-28,2016-01-20,1,52.2521,7317438039,large_5b_plus
SNY,2016Q1,2016-04-01,,,,,25.6367,,unknown
TAK,2016Q1,2016-04-01,,,,,15.5053,,unknown
UNH,2016Q1,2016-04-01,950673998,2016-02-09,2016-01-29,1,109.0269,103649063616,large_5b_plus
VTVT,2016Q1,2016-04-01,,,,,208.0,,unknown
ABT,2016Q2,2016-07-01,1469152033,2016-05-04,2016-03-31,1,32.5603,47836042722,large_5b_plus
AZN,2016Q2,2016-07-01,,,,,45.0195,,unknown
BAX,2016Q2,2016-07-01,552262740,2016-05-06,2016-04-29,1,38.8632,21462703725,large_5b_plus
BMY,2016Q2,2016-07-01,1669307273,2016-04-28,2016-03-31,1,51.8373,86532339843,large_5b_plus
BSX,2016Q2,2016-07-01,1356866856,2016-05-04,2016-04-29,1,23.41,31764253099,large_5b_plus
GSK,2016Q2,2016-07-01,,,,,33.5398,,unknown
INCY,2016Q2,2016-07-01,187619384,2016-05-09,2016-05-03,1,81.27,15247827338,large_5b_plus
INGR,2016Q2,2016-07-01,71987000,2016-04-29,2016-04-28,1,99.5278,7164705090,large_5b_plus
IONS,2016Q2,2016-07-01,120782993,2016-05-05,2016-04-29,1,24.42,2949520689,below_5b
JNJ,2016Q2,2016-07-01,2750644288,2016-05-10,2016-04-29,1,91.8239,252575010444,large_5b_plus
LLY,2016Q2,2016-07-01,1103837002,2016-04-29,2016-04-18,1,67.0903,74056743970,large_5b_plus
MDT,2016Q2,2016-07-01,1394731892,2016-06-28,2016-06-20,1,65.8701,91871188767,large_5b_plus
MED,2016Q2,2016-07-01,11845028,2016-05-10,2016-05-06,1,26.0576,308653098,below_5b
MRK,2016Q2,2016-07-01,2768025348,2016-05-09,2016-04-30,1,40.4452,111953459266,large_5b_plus
NVO,2016Q2,2016-07-01,,,,,21.7869,,unknown
NVS,2016Q2,2016-07-01,,,,,50.4214,,unknown
OPK,2016Q2,2016-07-01,547444354,2016-05-09,2016-04-26,1,9.72,5321159121,large_5b_plus
PFE,2016Q2,2016-07-01,6064849361,2016-05-12,2016-05-09,1,21.2156,128669524605,large_5b_plus
RMD,2016Q2,2016-07-01,140409807,2016-04-29,2016-04-20,1,56.5686,7942781956,large_5b_plus
SNY,2016Q2,2016-07-01,,,,,27.6957,,unknown
TAK,2016Q2,2016-07-01,,,,,14.9076,,unknown
UNH,2016Q2,2016-07-01,950804129,2016-05-04,2016-04-29,1,118.7459,112904051709,large_5b_plus
VTVT,2016Q2,2016-07-01,,,,,241.2,,unknown
ABT,2016Q3,2016-10-03,1469995415,2016-08-03,2016-06-30,1,35.256,51826215489,large_5b_plus
AZN,2016Q3,2016-10-03,,,,,49.4782,,unknown
BAX,2016Q3,2016-10-03,543887683,2016-08-04,2016-07-29,1,40.8492,22217351168,large_5b_plus
BMY,2016Q3,2016-10-03,1670858535,2016-07-28,2016-06-30,1,38.4037,64167160220,large_5b_plus
BSX,2016Q3,2016-10-03,1360743339,2016-08-03,2016-07-29,1,23.5,31977468466,large_5b_plus
GSK,2016Q3,2016-10-03,,,,,33.9298,,unknown
INCY,2016Q3,2016-10-03,188002918,2016-08-09,2016-08-02,1,95.54,17961798786,large_5b_plus
INGR,2016Q3,2016-10-03,72182000,2016-07-29,2016-07-28,1,103.3766,7461931175,large_5b_plus
IONS,2016Q3,2016-10-03,120919031,2016-08-09,2016-08-02,1,36.03,4356712687,below_5b
JNJ,2016Q3,2016-10-03,2735876843,2016-08-04,2016-07-29,1,90.5465,247724008352,large_5b_plus
LLY,2016Q3,2016-10-03,1103843444,2016-07-28,2016-07-18,1,69.2681,76461136360,large_5b_plus
MDT,2016Q3,2016-10-03,1381935603,2016-09-07,2016-08-26,1,66.0333,91253702302,large_5b_plus
MED,2016Q3,2016-10-03,11848360,2016-08-09,2016-08-01,1,29.7882,352941337,below_5b
MRK,2016Q3,2016-10-03,2765208203,2016-08-08,2016-07-31,1,43.9671,121578251101,large_5b_plus
NVO,2016Q3,2016-10-03,,,,,16.6254,,unknown
NVS,2016Q3,2016-10-03,,,,,48.1597,,unknown
OPK,2016Q3,2016-10-03,550380939,2016-08-08,2016-07-27,1,10.69,5883572238,large_5b_plus
PFE,2016Q3,2016-10-03,6065652424,2016-08-11,2016-08-08,1,20.2591,122884680868,large_5b_plus
RMD,2016Q3,2016-10-03,140699937,2016-08-05,2016-07-28,1,57.5545,8097915000,large_5b_plus
SNY,2016Q3,2016-10-03,,,,,25.396,,unknown
TAK,2016Q3,2016-10-03,,,,,16.8004,,unknown
UNH,2016Q3,2016-10-03,952391411,2016-08-02,2016-07-29,1,117.2885,111704533879,large_5b_plus
VTVT,2016Q3,2016-10-03,,,,,282.4,,unknown
ABT,2016Q4,2017-01-03,1472309523,2016-11-03,2016-09-30,1,32.5613,47940307325,large_5b_plus
AZN,2016Q4,2017-01-03,,,,,41.5467,,unknown
BAX,2016Q4,2017-01-03,543919936,2016-11-07,2016-10-31,1,38.2169,20786956754,large_5b_plus
BMY,2016Q4,2017-01-03,1671229946,2016-10-27,2016-09-30,1,42.0588,70289954506,large_5b_plus
BSX,2016Q4,2017-01-03,1361677050,2016-11-03,2016-10-31,1,21.88,29793493854,large_5b_plus
GSK,2016Q4,2017-01-03,,,,,30.8442,,unknown
INCY,2016Q4,2017-01-03,188385146,2016-11-01,2016-10-25,1,102.32,19275568139,large_5b_plus
INGR,2016Q4,2017-01-03,72402000,2016-11-03,2016-11-02,1,97.1001,7030243902,large_5b_plus
IONS,2016Q4,2017-01-03,121202967,2016-11-09,2016-11-02,1,47.34,5737748458,large_5b_plus
JNJ,2016Q4,2017-01-03,2720531728,2016-11-04,2016-10-28,1,88.8952,241842297096,large_5b_plus
LLY,2016Q4,2017-01-03,1103948230,2016-10-28,2016-10-17,1,64.2104,70884929559,large_5b_plus
MDT,2016Q4,2017-01-03,1373047310,2016-12-05,2016-12-01,1,54.2958,74550754597,large_5b_plus
MED,2016Q4,2017-01-03,11848360,2016-11-09,2016-11-01,1,33.107,392263827,below_5b
MRK,2016Q4,2017-01-03,2757137517,2016-11-07,2016-10-31,1,42.6222,117515206083,large_5b_plus
NVO,2016Q4,2017-01-03,,,,,14.523,,unknown
NVS,2016Q4,2017-01-03,,,,,44.3984,,unknown
OPK,2016Q4,2017-01-03,557533838,2016-11-07,2016-10-31,1,9.09,5067982587,large_5b_plus
PFE,2016Q4,2017-01-03,6068355132,2016-11-10,2016-11-07,1,20.0486,121661858042,large_5b_plus
RMD,2016Q4,2017-01-03,140965500,2016-10-28,2016-10-20,1,55.7428,7857807422,large_5b_plus
SNY,2016Q4,2017-01-03,,,,,27.1854,,unknown
TAK,2016Q4,2017-01-03,,,,,14.6924,,unknown
UNH,2016Q4,2017-01-03,951816220,2016-11-08,2016-10-31,1,137.2733,130658947505,large_5b_plus
VTVT,2016Q4,2017-01-03,,,,,201.2,,unknown
ABT,2017Q1,2017-04-03,1727997596,2017-02-17,2017-01-31,1,37.3199,64488678751,large_5b_plus
AZN,2017Q1,2017-04-03,,,,,48.195,,unknown
BAX,2017Q1,2017-04-03,540082230,2017-02-23,2017-01-31,1,45.0818,24347899683,large_5b_plus
BMY,2017Q1,2017-04-03,1672715340,2017-02-21,2017-02-01,1,38.6046,64574522533,large_5b_plus
BSX,2017Q1,2017-04-03,1363488640,2017-02-23,2017-01-31,1,24.92,33978136909,large_5b_plus
GSK,2017Q1,2017-04-03,,,,,33.8381,,unknown
INCY,2017Q1,2017-04-03,189408381,2017-02-14,2017-02-07,1,138.52,26236848936,large_5b_plus
INGR,2017Q1,2017-04-03,71790000,2017-02-22,2017-02-17,1,93.4948,6711994995,large_5b_plus
IONS,2017Q1,2017-04-03,123749472,2017-03-01,2017-02-21,1,38.45,4758167198,below_5b
JNJ,2017Q1,2017-04-03,2713346602,2017-02-27,2017-02-23,1,96.3104,261323533134,large_5b_plus
LLY,2017Q1,2017-04-03,1103352450,2017-02-21,2017-02-13,1,73.1746,80737349662,large_5b_plus
MDT,2017Q1,2017-04-03,1368884991,2017-03-03,2017-03-01,1,62.6391,85745738895,large_5b_plus
MED,2017Q1,2017-04-03,11906286,2017-03-16,2017-03-02,1,34.8467,414894998,below_5b
MRK,2017Q1,2017-04-03,2745571067,2017-02-28,2017-01-31,1,45.3042,124385995949,large_5b_plus
NVO,2017Q1,2017-04-03,,,,,14.0931,,unknown
NVS,2017Q1,2017-04-03,,,,,46.9832,,unknown
OPK,2017Q1,2017-04-03,558221985,2017-03-01,2017-02-20,1,7.75,4326220384,below_5b
PFE,2017Q1,2017-04-03,5951872174,2017-02-23,2017-02-21,1,21.0121,125061330430,large_5b_plus
RMD,2017Q1,2017-04-03,141656993,2017-01-25,2017-01-18,1,64.5354,9141890290,large_5b_plus
SNY,2017Q1,2017-04-03,,,,,29.9159,,unknown
TAK,2017Q1,2017-04-03,,,,,17.0467,,unknown
UNH,2017Q1,2017-04-03,951165192,2017-02-08,2017-01-31,1,141.3174,134416196888,large_5b_plus
VTVT,2017Q1,2017-04-03,,,,,258.0,,unknown
ABT,2017Q2,2017-07-03,1735272054,2017-05-03,2017-03-31,1,41.1267,71366067519,large_5b_plus
AZN,2017Q2,2017-07-03,,,,,52.4357,,unknown
BAX,2017Q2,2017-07-03,543669114,2017-05-04,2017-04-30,1,52.076,28312134491,large_5b_plus
BMY,2017Q2,2017-07-03,1647434458,2017-04-27,2017-03-31,1,40.366,66500373916,large_5b_plus
BSX,2017Q2,2017-07-03,1369401733,2017-05-03,2017-04-28,1,27.63,37836569883,large_5b_plus
GSK,2017Q2,2017-07-03,,,,,34.8291,,unknown
INCY,2017Q2,2017-07-03,204774409,2017-05-04,2017-04-27,1,125.87,25774954861,large_5b_plus
INGR,2017Q2,2017-07-03,71641000,2017-05-05,2017-05-03,1,92.677,6639471729,large_5b_plus
IONS,2017Q2,2017-07-03,123965560,2017-05-09,2017-05-02,1,52.22,6473481543,large_5b_plus
JNJ,2017Q2,2017-07-03,2693833081,2017-05-08,2017-04-28,1,103.3279,278348231754,large_5b_plus
LLY,2017Q2,2017-07-03,1103388743,2017-05-01,2017-04-24,1,72.1227,79579410394,large_5b_plus
MDT,2017Q2,2017-07-03,1359026669,2017-06-27,2017-06-21,1,68.6533,93301708362,large_5b_plus
MED,2017Q2,2017-07-03,11927033,2017-05-10,2017-05-05,1,33.419,398589575,below_5b
MRK,2017Q2,2017-07-03,2735164510,2017-05-09,2017-04-30,1,46.2161,126408499808,large_5b_plus
NVO,2017Q2,2017-07-03,,,,,17.4606,,unknown
NVS,2017Q2,2017-07-03,,,,,52.7866,,unknown
OPK,2017Q2,2017-07-03,559388690,2017-05-10,2017-05-01,1,6.43,3596869277,below_5b
PFE,2017Q2,2017-07-03,5967844470,2017-05-11,2017-05-08,1,20.9554,125058742425,large_5b_plus
RMD,2017Q2,2017-07-03,141819243,2017-04-28,2017-04-20,1,70.6748,10023044863,large_5b_plus
SNY,2017Q2,2017-07-03,,,,,32.7539,,unknown
TAK,2017Q2,2017-07-03,,,,,18.1889,,unknown
UNH,2017Q2,2017-07-03,963661565,2017-05-08,2017-04-28,1,159.9527,154140259248,large_5b_plus
VTVT,2017Q2,2017-07-03,,,,,203.2,,unknown
ABT,2017Q3,2017-10-02,1737443264,2017-08-02,2017-06-30,1,45.571,79177011270,large_5b_plus
AZN,2017Q3,2017-10-02,,,,,53.8312,,unknown
BAX,2017Q3,2017-10-02,544870914,2017-08-07,2017-07-28,1,54.7424,29827544752,large_5b_plus
BMY,2017Q3,2017-10-02,1639926446,2017-07-27,2017-06-30,1,46.6335,76475500664,large_5b_plus
BSX,2017Q3,2017-10-02,1372127044,2017-08-03,2017-07-31,1,29.47,40436583987,large_5b_plus
GSK,2017Q3,2017-10-02,,,,,33.7367,,unknown
INCY,2017Q3,2017-10-02,205704731,2017-08-01,2017-07-25,1,115.19,23695127964,large_5b_plus
INGR,2017Q3,2017-10-02,71729000,2017-08-02,2017-07-31,1,96.1282,6895178244,large_5b_plus
IONS,2017Q3,2017-10-02,124354692,2017-08-09,2017-08-02,1,52.91,6579606754,large_5b_plus
JNJ,2017Q3,2017-10-02,2683999728,2017-08-03,2017-07-28,1,102.6726,275573158641,large_5b_plus
LLY,2017Q3,2017-10-02,1100988944,2017-07-28,2017-07-17,1,75.7885,83442246860,large_5b_plus
MDT,2017Q3,2017-10-02,1354591435,2017-09-01,2017-08-29,1,61.0067,82639100481,large_5b_plus
MED,2017Q3,2017-10-02,11930133,2017-08-09,2017-08-02,1,47.8835,571256281,below_5b
MRK,2017Q3,2017-10-02,2727354340,2017-08-08,2017-07-31,1,46.7473,127496571617,large_5b_plus
NVO,2017Q3,2017-10-02,,,,,20.2096,,unknown
NVS,2017Q3,2017-10-02,,,,,54.5232,,unknown
OPK,2017Q3,2017-10-02,559404941,2017-08-08,2017-08-01,1,7.03,3932616735,below_5b
PFE,2017Q3,2017-10-02,5947349054,2017-08-10,2017-08-07,1,22.5668,134212731974,large_5b_plus
RMD,2017Q3,2017-10-02,142209115,2017-08-04,2017-07-28,1,70.6693,10049825451,large_5b_plus
SNY,2017Q3,2017-10-02,,,,,34.1038,,unknown
TAK,2017Q3,2017-10-02,,,,,19.9929,,unknown
UNH,2017Q3,2017-10-02,966859926,2017-08-04,2017-07-31,1,169.8397,164211208298,large_5b_plus
VTVT,2017Q3,2017-10-02,,,,,247.6,,unknown
ABT,2017Q4,2018-01-02,1740600687,2017-11-02,2017-09-30,1,50.1508,87292533739,large_5b_plus
AZN,2017Q4,2018-01-02,,,,,55.5748,,unknown
BAX,2017Q4,2018-01-02,544831923,2017-11-02,2017-10-27,1,58.3601,31796458264,large_5b_plus
BMY,2017Q4,2018-01-02,1636699696,2017-10-26,2017-09-30,1,44.5566,72925842053,large_5b_plus
BSX,2017Q4,2018-01-02,1373195517,2017-11-02,2017-10-31,1,25.28,34714382670,large_5b_plus
GSK,2017Q4,2018-01-02,,,,,30.8924,,unknown
INCY,2017Q4,2018-01-02,211037309,2017-10-31,2017-10-25,1,100.89,21291554105,large_5b_plus
INGR,2017Q4,2018-01-02,71865000,2017-11-03,2017-10-31,1,110.3267,7928624906,large_5b_plus
IONS,2017Q4,2018-01-02,124795504,2017-11-07,2017-11-01,1,49.25,6146178572,large_5b_plus
JNJ,2017Q4,2018-01-02,2686520050,2017-11-02,2017-10-27,1,109.6026,294449579539,large_5b_plus
LLY,2017Q4,2018-01-02,1101094711,2017-10-27,2017-10-23,1,74.7912,82352222876,large_5b_plus
MDT,2017Q4,2018-01-02,1353498000,2017-12-04,2017-11-28,1,64.6217,87465292090,large_5b_plus
MED,2017Q4,2018-01-02,11933645,2017-11-08,2017-11-01,1,58.7323,700890326,below_5b
MRK,2017Q4,2018-01-02,2724436835,2017-11-07,2017-10-31,1,41.0636,111875317645,large_5b_plus
NVO,2017Q4,2018-01-02,,,,,22.3789,,unknown
NVS,2017Q4,2018-01-02,,,,,53.4749,,unknown
OPK,2017Q4,2018-01-02,559404941,2017-11-08,2017-10-31,1,4.97,2780242557,below_5b
PFE,2017Q4,2018-01-02,5960707317,2017-11-09,2017-11-06,1,23.0056,137129409438,large_5b_plus
RMD,2017Q4,2018-01-02,141903908,2017-10-27,2017-10-21,1,78.4148,11127364891,large_5b_plus
RYTM,2017Q4,2018-01-02,27284140,2017-11-14,2017-11-10,1,28.0,763955920,below_5b
SNY,2017Q4,2018-01-02,,,,,29.6841,,unknown
TAK,2017Q4,2018-01-02,,,,,20.8166,,unknown
UNH,2017Q4,2018-01-02,969067449,2017-11-07,2017-10-31,1,190.8692,184965136019,large_5b_plus
VTVT,2017Q4,2018-01-02,,,,,242.4,,unknown
ABT,2018Q1,2018-04-02,1746333892,2018-02-16,2018-01-31,1,49.8919,87127909475,large_5b_plus
AZN,2018Q1,2018-04-02,,,,,56.0125,,unknown
BAX,2018Q1,2018-04-02,540138815,2018-02-23,2018-01-31,1,55.2436,29839229373,large_5b_plus
BMY,2018Q1,2018-04-02,1632582502,2018-02-13,2018-02-01,1,45.35,74037565965,large_5b_plus
BSX,2018Q1,2018-04-02,1374910797,2018-02-20,2018-01-31,1,26.84,36902605791,large_5b_plus
GSK,2018Q1,2018-04-02,5372553820,2018-03-20,2017-12-31,1,33.0659,177648155143,large_5b_plus
INCY,2018Q1,2018-04-02,211663861,2018-02-15,2018-02-08,1,80.56,17051640642,large_5b_plus
INGR,2018Q1,2018-04-02,72235558,2018-02-21,2018-02-16,1,100.118,7232079452,large_5b_plus
IONS,2018Q1,2018-04-02,125403219,2018-02-28,2018-02-20,1,42.12,5281983584,large_5b_plus
JNJ,2018Q1,2018-04-02,2682901553,2018-02-21,2018-02-16,1,98.6779,264743219422,large_5b_plus
LLY,2018Q1,2018-04-02,1095597580,2018-02-20,2018-02-14,1,67.3481,73786445761,large_5b_plus
MDT,2018Q1,2018-04-02,1355373428,2018-03-02,2018-02-28,1,61.2622,83033090460,large_5b_plus
MED,2018Q1,2018-04-02,12036811,2018-03-16,2018-03-05,1,74.8527,900988128,below_5b
MRK,2018Q1,2018-04-02,2696190502,2018-02-27,2018-01-31,1,39.2497,105824796950,large_5b_plus
NVO,2018Q1,2018-04-02,,,,,20.2794,,unknown
NVS,2018Q1,2018-04-02,2317456499,2018-01-24,2017-12-31,1,52.0959,120729875112,large_5b_plus
OPK,2018Q1,2018-04-02,559473568,2018-03-01,2018-02-20,1,3.04,1700799647,below_5b
PFE,2018Q1,2018-04-02,5952864751,2018-02-22,2018-02-20,1,22.3323,132941115877,large_5b_plus
RMD,2018Q1,2018-04-02,142927127,2018-01-24,2018-01-17,1,88.1624,12600804072,large_5b_plus
RYTM,2018Q1,2018-04-02,27284140,2018-03-12,2018-03-09,1,17.02,464376063,below_5b
SNY,2018Q1,2018-04-02,1254019904,2018-03-16,2017-12-31,1,27.046,33916185903,large_5b_plus
TAK,2018Q1,2018-04-02,,,,,17.5778,,unknown
UNH,2018Q1,2018-04-02,967662919,2018-02-13,2018-01-31,1,188.0772,181995304578,large_5b_plus
VTVT,2018Q1,2018-04-02,,,,,155.6,,unknown
ABT,2018Q2,2018-07-02,1753187766,2018-05-02,2018-03-31,1,52.5321,92098549266,large_5b_plus
AZN,2018Q2,2018-07-02,,,,,56.2225,,unknown
BAX,2018Q2,2018-07-02,535485895,2018-05-09,2018-04-30,1,64.404,34487429582,large_5b_plus
BMY,2018Q2,2018-07-02,1634538458,2018-04-26,2018-03-31,1,40.6279,66407922271,large_5b_plus
BSX,2018Q2,2018-07-02,1379810502,2018-05-01,2018-04-25,1,32.83,45299178781,large_5b_plus
GSK,2018Q2,2018-07-02,5372553820,2018-03-20,2017-12-31,1,34.6,185890162054,large_5b_plus
INCY,2018Q2,2018-07-02,211969163,2018-05-01,2018-04-24,1,68.62,14545323965,large_5b_plus
INGR,2018Q2,2018-07-02,72242279,2018-05-04,2018-04-30,1,86.9346,6280350273,large_5b_plus
IONS,2018Q2,2018-07-02,125520380,2018-05-07,2018-04-30,1,42.88,5382313894,large_5b_plus
JNJ,2018Q2,2018-07-02,2682149964,2018-05-01,2018-04-26,1,97.0308,260251135704,large_5b_plus
LLY,2018Q2,2018-07-02,1085430420,2018-04-27,2018-04-23,1,76.9165,83487487103,large_5b_plus
MDT,2018Q2,2018-07-02,1351709097,2018-06-22,2018-06-20,1,68.0225,91946622939,large_5b_plus
MED,2018Q2,2018-07-02,12062532,2018-05-04,2018-04-27,1,130.1772,1570266614,below_5b
MRK,2018Q2,2018-07-02,2690303898,2018-05-08,2018-04-30,1,44.8947,120780503108,large_5b_plus
NVO,2018Q2,2018-07-02,,,,,19.5882,,unknown
NVS,2018Q2,2018-07-02,2317456499,2018-01-24,2017-12-31,1,48.9016,113327415123,large_5b_plus
OPK,2018Q2,2018-07-02,559473838,2018-05-08,2018-05-01,1,4.72,2640716515,below_5b
PFE,2018Q2,2018-07-02,5849571048,2018-05-10,2018-05-07,1,23.3725,136718860855,large_5b_plus
RMD,2018Q2,2018-07-02,142738359,2018-04-27,2018-04-22,1,95.8468,13681011913,large_5b_plus
RYTM,2018Q2,2018-07-02,27530184,2018-05-14,2018-05-11,1,33.5,922261164,below_5b
SNY,2018Q2,2018-07-02,1254019904,2018-03-16,2017-12-31,1,28.7647,36071465319,large_5b_plus
TAK,2018Q2,2018-07-02,,,,,15.2158,,unknown
UNH,2018Q2,2018-07-02,960981242,2018-05-07,2018-04-30,1,215.0506,206659578407,large_5b_plus
VTVT,2018Q2,2018-07-02,,,,,57.6,,unknown
ABT,2018Q3,2018-10-01,1754319284,2018-08-01,2018-06-30,1,64.1156,112479261237,large_5b_plus
AZN,2018Q3,2018-10-01,,,,,64.5036,,unknown
BAX,2018Q3,2018-10-01,534266043,2018-08-06,2018-07-31,1,68.1154,36391762687,large_5b_plus
BMY,2018Q3,2018-10-01,1631876909,2018-07-26,2018-06-30,1,46.0415,75134116184,large_5b_plus
BSX,2018Q3,2018-10-01,1382924777,2018-07-31,2018-07-25,1,38.98,53906407807,large_5b_plus
GSK,2018Q3,2018-10-01,5372553820,2018-03-20,2017-12-31,1,34.9632,187841429280,large_5b_plus
INCY,2018Q3,2018-10-01,212577449,2018-07-31,2018-07-24,1,68.82,14629580040,large_5b_plus
INGR,2018Q3,2018-10-01,71027153,2018-08-03,2018-07-31,1,82.887,5887226686,large_5b_plus
IONS,2018Q3,2018-10-01,137273907,2018-08-07,2018-07-31,1,50.06,6871931784,large_5b_plus
JNJ,2018Q3,2018-10-01,2682756061,2018-08-02,2018-07-27,1,112.2277,301079602247,large_5b_plus
LLY,2018Q3,2018-10-01,1073987856,2018-07-25,2018-07-23,1,96.9212,104092239978,large_5b_plus
MDT,2018Q3,2018-10-01,1350511193,2018-08-31,2018-08-29,1,79.5279,107403257208,large_5b_plus
MED,2018Q3,2018-10-01,11950621,2018-08-06,2018-07-27,1,179.8116,2148860113,below_5b
MRK,2018Q3,2018-10-01,2659525311,2018-08-07,2018-07-31,1,53.4791,142229081114,large_5b_plus
NVO,2018Q3,2018-10-01,,,,,19.5044,,unknown
NVS,2018Q3,2018-10-01,2317456499,2018-07-18,2018-06-30,1,56.5075,130953764524,large_5b_plus
OPK,2018Q3,2018-10-01,559770995,2018-08-07,2018-08-01,1,3.43,1920014513,below_5b
PFE,2018Q3,2018-10-01,5862109503,2018-08-09,2018-08-06,1,28.7248,168387819921,large_5b_plus
RMD,2018Q3,2018-10-01,142684034,2018-08-17,2018-08-09,1,106.7334,15229155499,large_5b_plus
RYTM,2018Q3,2018-10-01,34175137,2018-08-08,2018-08-03,1,28.63,978434172,below_5b
SNY,2018Q3,2018-10-01,1254019904,2018-03-16,2017-12-31,1,32.3603,40580398483,large_5b_plus
TAK,2018Q3,2018-10-01,,,,,15.6218,,unknown
UNH,2018Q3,2018-10-01,962473363,2018-08-07,2018-07-31,1,234.618,225813577730,large_5b_plus
VTVT,2018Q3,2018-10-01,,,,,31.04,,unknown
ABT,2018Q4,2019-01-02,1756333032,2018-10-31,2018-09-30,1,60.362,106015780444,large_5b_plus
AMGN,2018Q4,2019-01-02,637219244,2018-10-31,2018-10-24,1,151.7107,96672983326,large_5b_plus
AZN,2018Q4,2019-01-02,,,,,61.7275,,unknown
BAX,2018Q4,2019-01-02,532140998,2018-11-05,2018-10-31,1,57.3299,30507589387,large_5b_plus
BMY,2018Q4,2019-01-02,1632198774,2018-10-25,2018-09-30,1,39.1214,63853972094,large_5b_plus
BSX,2018Q4,2019-01-02,1383800781,2018-10-29,2018-10-23,1,34.46,47685774913,large_5b_plus
GSK,2018Q4,2019-01-02,5372553820,2018-03-20,2017-12-31,1,33.4704,179821772715,large_5b_plus
INCY,2018Q4,2019-01-02,212808148,2018-10-30,2018-10-23,1,63.56,13526085887,large_5b_plus
INGR,2018Q4,2019-01-02,70703824,2018-11-02,2018-10-31,1,74.6318,5276754888,large_5b_plus
IONS,2018Q4,2019-01-02,137571510,2018-11-06,2018-10-31,1,53.77,7397220093,large_5b_plus
JNJ,2018Q4,2019-01-02,2681977969,2018-10-31,2018-10-26,1,103.2885,277017381570,large_5b_plus
LLY,2018Q4,2019-01-02,1059322255,2018-11-06,2018-11-02,1,104.0088,110178847110,large_5b_plus
MDT,2018Q4,2019-01-02,1343045417,2018-11-29,2018-11-27,1,70.6713,94914737140,large_5b_plus
MED,2018Q4,2019-01-02,11964966,2018-11-07,2018-10-31,1,104.2905,1247831701,below_5b
MRK,2018Q4,2019-01-02,2600376500,2018-11-06,2018-10-31,1,56.921,148015994620,large_5b_plus
NVO,2018Q4,2019-01-02,,,,,19.6008,,unknown
NVS,2018Q4,2019-01-02,2317456499,2018-07-18,2018-06-30,1,55.0217,127510407111,large_5b_plus
OPK,2018Q4,2019-01-02,559827515,2018-11-09,2018-11-01,1,3.29,1841832524,below_5b
PFE,2018Q4,2019-01-02,5780474578,2018-11-08,2018-11-05,1,28.2805,163474958873,large_5b_plus
RMD,2018Q4,2019-01-02,142499749,2018-10-26,2018-10-22,1,103.9387,14811239126,large_5b_plus
RYTM,2018Q4,2019-01-02,34410725,2018-11-09,2018-11-08,1,27.24,937348149,below_5b
SNY,2018Q4,2019-01-02,1254019904,2018-03-16,2017-12-31,1,30.8213,38650575089,large_5b_plus
TAK,2018Q4,2019-01-02,,,,,12.6814,,unknown
UNH,2018Q4,2019-01-02,962034200,2018-11-08,2018-10-31,1,212.9687,204883157160,large_5b_plus
VTVT,2018Q4,2019-01-02,,,,,112.8,,unknown
ABT,2019Q1,2019-04-01,1756470269,2019-02-22,2019-01-31,1,69.5104,122093022748,large_5b_plus
AMGN,2019Q1,2019-04-01,622278034,2019-02-13,2019-02-07,1,152.7855,95075072631,large_5b_plus
AZN,2019Q1,2019-04-01,,,,,68.9338,,unknown
BAX,2019Q1,2019-04-01,512538202,2019-02-21,2019-01-31,1,71.9722,36888501765,large_5b_plus
BMY,2019Q1,2019-04-01,1632675877,2019-02-25,2019-02-01,1,35.4562,57888492348,large_5b_plus
BSX,2019Q1,2019-04-01,1385961926,2019-02-19,2019-01-31,1,38.66,53581288059,large_5b_plus
GSK,2019Q1,2019-04-01,5379067624,2019-03-15,2018-12-31,1,37.487,201645220495,large_5b_plus
INCY,2019Q1,2019-04-01,214048325,2019-02-14,2019-02-07,1,85.95,18397453534,large_5b_plus
INGR,2019Q1,2019-04-01,66667462,2019-02-25,2019-02-14,1,76.4638,5097644618,large_5b_plus
IONS,2019Q1,2019-04-01,138397754,2019-03-01,2019-02-20,1,81.31,11253121378,large_5b_plus
JNJ,2019Q1,2019-04-01,2663138579,2019-02-20,2019-02-15,1,113.1107,301229378379,large_5b_plus
LLY,2019Q1,2019-04-01,1035418562,2019-02-19,2019-02-13,1,117.462,121622329007,large_5b_plus
MDT,2019Q1,2019-04-01,1341150970,2019-03-01,2019-02-27,1,73.2936,98297777167,large_5b_plus
MED,2019Q1,2019-04-01,11870444,2019-03-01,2019-02-15,1,108.481,1287717042,below_5b
MRK,2019Q1,2019-04-01,2581220308,2019-02-27,2019-01-31,1,63.1502,163004456658,large_5b_plus
NVO,2019Q1,2019-04-01,,,,,22.1774,,unknown
NVS,2019Q1,2019-04-01,2311171429,2019-01-30,2018-12-31,1,64.658,149435833613,large_5b_plus
OPK,2019Q1,2019-04-01,615600775,2019-03-01,2019-02-15,1,2.58,1588250000,below_5b
PFE,2019Q1,2019-04-01,5551804790,2019-02-28,2019-02-26,1,28.25,156838547684,large_5b_plus
RMD,2019Q1,2019-04-01,143300009,2019-02-01,2019-01-28,1,97.7129,14002264040,large_5b_plus
RYTM,2019Q1,2019-04-01,34425830,2019-03-08,2019-03-01,1,27.77,956005299,below_5b
SNY,2019Q1,2019-04-01,1245454385,2019-03-08,2018-12-31,1,31.8569,39676277223,large_5b_plus
TAK,2019Q1,2019-04-01,,,,,15.7605,,unknown
UNH,2019Q1,2019-04-01,959538515,2019-02-12,2019-01-31,1,215.5763,206853735451,large_5b_plus
VTVT,2019Q1,2019-04-01,,,,,67.2,,unknown
ABT,2019Q2,2019-07-01,1764181262,2019-05-01,2019-03-31,1,74.0275,130597873237,large_5b_plus
AMGN,2019Q2,2019-07-01,609935682,2019-05-01,2019-04-24,1,149.7343,91328276500,large_5b_plus
AZN,2019Q2,2019-07-01,,,,,69.0007,,unknown
BAX,2019Q2,2019-07-01,510168467,2019-05-08,2019-04-30,1,71.8781,36669949474,large_5b_plus
BMY,2019Q2,2019-07-01,1635705782,2019-04-25,2019-03-31,1,35.0765,57374820939,large_5b_plus
BSX,2019Q2,2019-07-01,1390652506,2019-04-29,2019-04-23,1,42.9,59658992507,large_5b_plus
GILD,2019Q2,2019-07-01,1271554672,2019-05-08,2019-04-30,1,51.8504,65930627567,large_5b_plus
GSK,2019Q2,2019-07-01,5379067624,2019-03-15,2018-12-31,1,36.7061,197444740715,large_5b_plus
INCY,2019Q2,2019-07-01,214438549,2019-04-30,2019-04-23,1,85.42,18317340856,large_5b_plus
INGR,2019Q2,2019-07-01,66687329,2019-05-03,2019-04-30,1,66.7053,4448395332,below_5b
IONS,2019Q2,2019-07-01,140322994,2019-05-09,2019-05-02,1,64.8,9092930011,large_5b_plus
JNJ,2019Q2,2019-07-01,2655055987,2019-05-01,2019-04-25,1,114.1959,303196623627,large_5b_plus
LLY,2019Q2,2019-07-01,970830868,2019-05-02,2019-04-29,1,103.1836,100173785820,large_5b_plus
MDT,2019Q2,2019-07-01,1341156703,2019-06-21,2019-06-18,1,79.2822,106329839684,large_5b_plus
MED,2019Q2,2019-07-01,11897679,2019-05-02,2019-04-22,1,102.4806,1219280784,below_5b
MRK,2019Q2,2019-07-01,2574644410,2019-05-08,2019-04-30,1,64.6763,166518437283,large_5b_plus
NVO,2019Q2,2019-07-01,,,,,21.9179,,unknown
NVS,2019Q2,2019-07-01,2311171429,2019-01-30,2018-12-31,1,70.6935,163384795593,large_5b_plus
OPK,2019Q2,2019-07-01,615601045,2019-05-08,2019-04-24,1,2.47,1520534581,below_5b
PFE,2019Q2,2019-07-01,5559929190,2019-05-09,2019-05-06,1,29.119,161899358259,large_5b_plus
RMD,2019Q2,2019-07-01,143392631,2019-05-03,2019-04-29,1,115.9177,16621750424,large_5b_plus
RYTM,2019Q2,2019-07-01,34432167,2019-05-03,2019-04-30,1,21.87,753031492,below_5b
SNY,2019Q2,2019-07-01,1245454385,2019-03-08,2018-12-31,1,32.6573,40673201568,large_5b_plus
TAK,2019Q2,2019-07-01,1565005908,2019-06-27,2019-03-31,1,13.576,21246590636,large_5b_plus
UNH,2019Q2,2019-07-01,950343113,2019-05-07,2019-04-30,1,213.9678,203342844061,large_5b_plus
VTVT,2019Q2,2019-07-01,,,,,56.8,,unknown
ABT,2019Q3,2019-10-01,1767397615,2019-07-31,2019-06-30,1,71.979,127215596259,large_5b_plus
AMGN,2019Q3,2019-10-01,599701222,2019-07-31,2019-07-24,1,156.3621,93770544546,large_5b_plus
AZN,2019Q3,2019-10-01,,,,,73.6694,,unknown
BAX,2019Q3,2019-10-01,510555869,2019-07-30,2019-07-25,1,76.0233,38814127390,large_5b_plus
BMY,2019Q3,2019-10-01,1635766530,2019-07-25,2019-06-30,1,38.8105,63484920730,large_5b_plus
BSX,2019Q3,2019-10-01,1392973426,2019-07-30,2019-07-23,1,40.24,56053250662,large_5b_plus
GILD,2019Q3,2019-10-01,1266455481,2019-08-06,2019-07-30,1,48.7852,61784334696,large_5b_plus
GSK,2019Q3,2019-10-01,5379067624,2019-03-15,2018-12-31,1,38.8531,208993215669,large_5b_plus
INCY,2019Q3,2019-10-01,215066629,2019-07-30,2019-07-23,1,73.96,15906327881,large_5b_plus
INGR,2019Q3,2019-10-01,66729345,2019-08-02,2019-07-31,1,66.4694,4435458319,below_5b
IONS,2019Q3,2019-10-01,140500298,2019-08-08,2019-08-01,1,57.14,8028187028,large_5b_plus
JNJ,2019Q3,2019-10-01,2639165527,2019-07-29,2019-07-24,1,107.3097,283207986944,large_5b_plus
LLY,2019Q3,2019-10-01,965432952,2019-08-02,2019-07-29,1,102.1484,98617388394,large_5b_plus
MDT,2019Q3,2019-10-01,1341669471,2019-08-30,2019-08-27,1,88.3845,118582783615,large_5b_plus
MED,2019Q3,2019-10-01,11836334,2019-08-02,2019-07-26,1,86.6951,1026151972,below_5b
MRK,2019Q3,2019-10-01,2560374643,2019-08-06,2019-07-31,1,64.2311,164455712226,large_5b_plus
NVO,2019Q3,2019-10-01,,,,,21.6924,,unknown
NVS,2019Q3,2019-10-01,2311171429,2019-01-30,2018-12-31,1,66.2146,153033178890,large_5b_plus
OPK,2019Q3,2019-10-01,615601045,2019-08-07,2019-07-30,1,2.0,1231202090,below_5b
PFE,2019Q3,2019-10-01,5531048353,2019-08-08,2019-08-05,1,23.7924,131597091177,large_5b_plus
RMD,2019Q3,2019-10-01,143671055,2019-08-08,2019-07-29,1,125.4969,18030276896,large_5b_plus
RYTM,2019Q3,2019-10-01,34515042,2019-07-29,2019-07-25,1,21.72,749666712,below_5b
SNY,2019Q3,2019-10-01,1245454385,2019-03-08,2018-12-31,1,33.8641,42176158982,large_5b_plus
TAK,2019Q3,2019-10-01,1565005908,2019-06-27,2019-03-31,1,13.6538,21368292071,large_5b_plus
UNH,2019Q3,2019-10-01,947680609,2019-08-07,2019-07-31,1,192.4283,182360607362,large_5b_plus
VTVT,2019Q3,2019-10-01,,,,,58.4,,unknown
ABT,2019Q4,2020-01-02,1768455705,2019-10-31,2019-09-30,1,76.7807,135783186906,large_5b_plus
AMGN,2019Q4,2020-01-02,594183541,2019-10-30,2019-10-23,1,195.6192,116233727236,large_5b_plus
AZN,2019Q4,2020-01-02,,,,,85.0252,,unknown
BAX,2019Q4,2020-01-02,510555869,2019-07-30,2019-07-25,1,76.1906,38899536629,large_5b_plus
BMY,2019Q4,2020-01-02,1629284798,2019-10-31,2019-09-30,1,49.2835,80296791605,large_5b_plus
BSX,2019Q4,2020-01-02,1393823592,2019-11-05,2019-10-22,1,45.33,63182023425,large_5b_plus
GILD,2019Q4,2020-01-02,1265145612,2019-11-05,2019-10-29,1,50.8052,64275985434,large_5b_plus
GSK,2019Q4,2020-01-02,5379067624,2019-03-15,2018-12-31,1,43.5667,234348104419,large_5b_plus
INCY,2019Q4,2020-01-02,215397290,2019-10-29,2019-10-22,1,85.97,18517705021,large_5b_plus
INGR,2019Q4,2020-01-02,66763991,2019-11-06,2019-10-31,1,77.1259,5149233660,large_5b_plus
IONS,2019Q4,2020-01-02,140663254,2019-11-06,2019-10-31,1,60.89,8564985536,large_5b_plus
JNJ,2019Q4,2020-01-02,2631872399,2019-10-28,2019-10-22,1,121.336,319340921645,large_5b_plus
LLY,2019Q4,2020-01-02,960130771,2019-10-25,2019-10-21,1,122.4156,117534980470,large_5b_plus
MDT,2019Q4,2020-01-02,1340377511,2019-12-03,2019-11-27,1,94.0112,126010537224,large_5b_plus
MED,2019Q4,2020-01-02,11615371,2019-11-08,2019-11-01,1,94.7761,1100859643,below_5b
MRK,2019Q4,2020-01-02,2545984142,2019-11-05,2019-10-31,1,71.1908,181250702723,large_5b_plus
NVO,2019Q4,2020-01-02,,,,,25.0438,,unknown
NVS,2019Q4,2020-01-02,2311171429,2019-01-30,2018-12-31,1,73.0715,168880757038,large_5b_plus
OPK,2019Q4,2020-01-02,665600775,2019-11-05,2019-10-30,1,1.49,991745155,below_5b
PFE,2019Q4,2020-01-02,5534122364,2019-11-07,2019-11-04,1,26.5402,146876599337,large_5b_plus
RMD,2019Q4,2020-01-02,143786123,2019-10-25,2019-10-21,1,147.0519,21144023309,large_5b_plus
RYTM,2019Q4,2020-01-02,43926406,2019-11-01,2019-10-31,1,22.9,1005914697,below_5b
SNY,2019Q4,2020-01-02,1245454385,2019-03-08,2018-12-31,1,37.9865,47310485551,large_5b_plus
TAK,2019Q4,2020-01-02,1565005908,2019-06-27,2019-03-31,1,15.6853,24547657327,large_5b_plus
UNH,2019Q4,2020-01-02,947414929,2019-11-06,2019-10-31,1,260.1273,246448452944,large_5b_plus
VTVT,2019Q4,2020-01-02,,,,,71.0,,unknown
ABT,2020Q1,2020-04-01,1763433243,2020-02-21,2020-01-31,1,67.8986,119734572456,large_5b_plus
AMGN,2020Q1,2020-04-01,589806819,2020-02-12,2020-02-06,1,162.32,95737427372,large_5b_plus
AZN,2020Q1,2020-04-01,,,,,75.4289,,unknown
BAX,2020Q1,2020-04-01,507263731,2020-03-17,2020-02-29,1,69.9755,35496028318,large_5b_plus
BMY,2020Q1,2020-04-01,2257510796,2020-02-24,2020-02-03,1,42.6542,96292396480,large_5b_plus
BSX,2020Q1,2020-04-01,1396195349,2020-02-25,2020-01-31,1,30.19,42151137586,large_5b_plus
GILD,2020Q1,2020-04-01,1263636656,2020-02-25,2020-02-18,1,57.0353,72071901232,large_5b_plus
GSK,2020Q1,2020-04-01,5383102231,2020-03-06,2019-12-31,1,35.0444,188647389941,large_5b_plus
INCY,2020Q1,2020-04-01,216775534,2020-02-13,2020-02-06,1,74.18,16080409112,large_5b_plus
INGR,2020Q1,2020-04-01,66881850,2020-02-19,2020-02-01,1,63.2029,4227124622,below_5b
IONS,2020Q1,2020-04-01,139219800,2020-03-02,2020-02-20,1,46.85,6522447630,large_5b_plus
JNJ,2020Q1,2020-04-01,2634721257,2020-02-18,2020-02-10,1,107.7691,283941491169,large_5b_plus
LLY,2020Q1,2020-04-01,956382203,2020-02-19,2020-02-13,1,126.9729,121434615051,large_5b_plus
MDT,2020Q1,2020-04-01,1340166137,2020-02-28,2020-02-25,1,69.4285,93045702737,large_5b_plus
MED,2020Q1,2020-04-01,11765154,2020-03-02,2020-02-14,1,49.6026,583581692,below_5b
MRK,2020Q1,2020-04-01,2536268760,2020-02-26,2020-01-31,1,57.5363,145927487780,large_5b_plus
NVO,2020Q1,2020-04-01,,,,,25.9962,,unknown
NVS,2020Q1,2020-04-01,2265008488,2020-01-29,2019-12-31,1,64.5481,146202035996,large_5b_plus
OPK,2020Q1,2020-04-01,669828524,2020-03-02,2020-02-15,1,1.21,810492514,below_5b
PFE,2020Q1,2020-04-01,5547639005,2020-02-27,2020-02-25,1,21.7498,120660241009,large_5b_plus
RMD,2020Q1,2020-04-01,144616947,2020-01-31,2020-01-27,1,134.3364,19427315817,large_5b_plus
RYTM,2020Q1,2020-04-01,44058909,2020-03-02,2020-02-28,1,14.87,655155977,below_5b
SNY,2020Q1,2020-04-01,1253826630,2020-03-05,2019-12-31,1,32.1626,40326355756,large_5b_plus
TAK,2020Q1,2020-04-01,1565005908,2019-06-27,2019-03-31,1,11.9501,18701948519,large_5b_plus
UNH,2020Q1,2020-04-01,948573372,2020-02-14,2020-01-31,1,211.8923,200995349144,large_5b_plus
VTVT,2020Q1,2020-04-01,,,,,71.2,,unknown
ABT,2020Q2,2020-07-01,1768845326,2020-04-29,2020-03-31,1,81.5901,144320239717,large_5b_plus
AMGN,2020Q2,2020-07-01,588247399,2020-05-01,2020-04-27,1,210.7422,123968554161,large_5b_plus
AZN,2020Q2,2020-07-01,,,,,91.8655,,unknown
BAX,2020Q2,2020-07-01,508836225,2020-04-30,2020-04-21,1,77.8852,39630803999,large_5b_plus
BMY,2020Q2,2020-07-01,2262689755,2020-05-07,2020-03-31,1,46.6181,105482235148,large_5b_plus
BSX,2020Q2,2020-07-01,1399350122,2020-05-06,2020-04-30,1,35.28,49369072304,large_5b_plus
GILD,2020Q2,2020-07-01,1254373400,2020-05-06,2020-04-30,1,60.3862,75746849864,large_5b_plus
GSK,2020Q2,2020-07-01,5383102231,2020-03-06,2019-12-31,1,38.916,209489003556,large_5b_plus
INCY,2020Q2,2020-07-01,217373454,2020-05-05,2020-04-28,1,102.65,22313385053,large_5b_plus
INGR,2020Q2,2020-07-01,66973022,2020-05-06,2020-04-30,1,68.4036,4581194148,below_5b
IONS,2020Q2,2020-07-01,139321047,2020-05-06,2020-04-29,1,60.2,8387127029,large_5b_plus
JNJ,2020Q2,2020-07-01,2634594535,2020-04-29,2020-04-22,1,118.2708,311595613997,large_5b_plus
LLY,2020Q2,2020-07-01,956450448,2020-05-01,2020-04-27,1,152.7016,146051513054,large_5b_plus
MDT,2020Q2,2020-07-01,1341298882,2020-06-19,2020-06-17,1,76.7028,102881405166,large_5b_plus
MED,2020Q2,2020-07-01,11780970,2020-05-06,2020-04-29,1,122.9607,1448595942,below_5b
MRK,2020Q2,2020-07-01,2524101191,2020-05-06,2020-04-30,1,61.3912,154957550085,large_5b_plus
NVO,2020Q2,2020-07-01,,,,,28.5762,,unknown
NVS,2020Q2,2020-07-01,2265008488,2020-01-29,2019-12-31,1,70.0674,158703186238,large_5b_plus
OPK,2020Q2,2020-07-01,669828524,2020-05-06,2020-05-01,1,3.43,2297511837,below_5b
PFE,2020Q2,2020-07-01,5554833754,2020-05-07,2020-05-04,1,23.3507,129709194091,large_5b_plus
RMD,2020Q2,2020-07-01,144668429,2020-05-01,2020-04-27,1,180.619,26129863736,large_5b_plus
RYTM,2020Q2,2020-07-01,44091798,2020-05-04,2020-04-24,1,21.75,958996606,below_5b
SNY,2020Q2,2020-07-01,1253826630,2020-03-05,2019-12-31,1,39.8676,49987101105,large_5b_plus
TAK,2020Q2,2020-07-01,1557765596,2020-06-24,2020-03-31,1,14.2625,22217599333,large_5b_plus
UNH,2020Q2,2020-07-01,948379502,2020-05-06,2020-04-30,1,266.9705,253189386107,large_5b_plus
VTVT,2020Q2,2020-07-01,,,,,91.6,,unknown
ABT,2020Q3,2020-10-01,1770529999,2020-07-29,2020-06-30,1,97.093,171906025216,large_5b_plus
ALT,2020Q3,2020-10-01,32904333,2020-08-11,2020-08-07,1,12.93,425453026,below_5b
AMGN,2020Q3,2020-10-01,585693775,2020-07-29,2020-07-23,1,212.3734,124385764084,large_5b_plus
AZN,2020Q3,2020-10-01,,,,,94.3084,,unknown
BAX,2020Q3,2020-10-01,506231732,2020-07-30,2020-07-21,1,71.317,36102940233,large_5b_plus
BMY,2020Q3,2020-10-01,2253934635,2020-08-06,2020-06-30,1,47.6367,107370050407,large_5b_plus
BSX,2020Q3,2020-10-01,1430674668,2020-08-05,2020-07-31,1,38.42,54966520745,large_5b_plus
GILD,2020Q3,2020-10-01,1253724370,2020-08-06,2020-07-31,1,50.7869,63672712223,large_5b_plus
GSK,2020Q3,2020-10-01,5383102231,2020-03-06,2019-12-31,1,35.795,192688342322,large_5b_plus
INCY,2020Q3,2020-10-01,218699085,2020-08-04,2020-07-28,1,92.43,20214356427,large_5b_plus
INGR,2020Q3,2020-10-01,66987048,2020-08-05,2020-07-31,1,63.5495,4256994342,below_5b
IONS,2020Q3,2020-10-01,139697030,2020-08-05,2020-07-29,1,47.76,6671930153,large_5b_plus
JNJ,2020Q3,2020-10-01,2632823475,2020-07-24,2020-07-20,1,124.9417,328949449547,large_5b_plus
LLY,2020Q3,2020-10-01,956470372,2020-07-31,2020-07-27,1,135.589,129686834460,large_5b_plus
MDT,2020Q3,2020-10-01,1344215261,2020-09-03,2020-09-02,1,85.4814,114905338800,large_5b_plus
MED,2020Q3,2020-10-01,11765496,2020-08-06,2020-07-30,1,144.8557,1704298613,below_5b
MRK,2020Q3,2020-10-01,2529241070,2020-08-05,2020-07-31,1,64.6224,163445671149,large_5b_plus
NVO,2020Q3,2020-10-01,,,,,30.3666,,unknown
NVS,2020Q3,2020-10-01,2265008488,2020-01-29,2019-12-31,1,69.6287,157709597707,large_5b_plus
OPK,2020Q3,2020-10-01,669831024,2020-07-31,2020-07-20,1,3.885,2602293528,below_5b
PFE,2020Q3,2020-10-01,5556879807,2020-08-06,2020-08-03,1,25.4178,141243395982,large_5b_plus
RMD,2020Q3,2020-10-01,144900654,2020-08-13,2020-08-07,1,160.7556,23293595273,large_5b_plus
RYTM,2020Q3,2020-10-01,44118594,2020-08-03,2020-07-24,1,22.65,999286154,below_5b
SNY,2020Q3,2020-10-01,1253826630,2020-03-05,2019-12-31,1,38.849,48709880460,large_5b_plus
TAK,2020Q3,2020-10-01,1557765596,2020-06-24,2020-03-31,1,14.2706,22230194344,large_5b_plus
UNH,2020Q3,2020-10-01,950335762,2020-08-03,2020-07-30,1,281.8897,267889825698,large_5b_plus
VTVT,2020Q3,2020-10-01,,,,,70.4,,unknown
ABT,2020Q4,2021-01-04,1772361581,2020-11-04,2020-09-30,1,97.8388,173405761819,large_5b_plus
ALT,2020Q4,2021-01-04,33071020,2020-11-09,2020-11-06,1,12.71,420332664,below_5b
AMGN,2020Q4,2021-01-04,582168612,2020-10-29,2020-10-23,1,189.753,110468264010,large_5b_plus
AZN,2020Q4,2021-01-04,,,,,87.7433,,unknown
BAX,2020Q4,2021-01-04,510818398,2020-10-29,2020-10-22,1,71.9049,36730370951,large_5b_plus
BMY,2020Q4,2021-01-04,2259751518,2020-11-05,2020-09-30,1,49.2651,111326919045,large_5b_plus
BSX,2020Q4,2021-01-04,1431921459,2020-11-05,2020-10-30,1,35.27,50503869859,large_5b_plus
GILD,2020Q4,2021-01-04,1253528149,2020-11-04,2020-10-30,1,48.7601,61122136851,large_5b_plus
GSK,2020Q4,2021-01-04,5383102231,2020-03-06,2019-12-31,1,36.8512,198373564783,large_5b_plus
INCY,2020Q4,2021-01-04,218996090,2020-11-05,2020-10-29,1,86.45,18932211980,large_5b_plus
INGR,2020Q4,2021-01-04,66990288,2020-11-06,2020-10-31,1,67.5891,4527812704,below_5b
IONS,2020Q4,2021-01-04,139823135,2020-11-04,2020-10-29,1,56.78,7939157605,large_5b_plus
JNJ,2020Q4,2021-01-04,2632542672,2020-10-23,2020-10-19,1,133.659,351863053630,large_5b_plus
LLY,2020Q4,2021-01-04,956581598,2020-10-28,2020-10-26,1,156.336,149548130428,large_5b_plus
MDT,2020Q4,2021-01-04,1346019949,2020-12-03,2020-12-01,1,97.437,131152155489,large_5b_plus
MED,2020Q4,2021-01-04,11769830,2020-11-03,2020-10-26,1,169.7153,1997519828,below_5b
MRK,2020Q4,2021-01-04,2530034437,2020-11-05,2020-10-31,1,64.6028,163447233052,large_5b_plus
NVO,2020Q4,2021-01-04,,,,,31.3225,,unknown
NVS,2020Q4,2021-01-04,2265008488,2020-01-29,2019-12-31,1,75.2676,170481726639,large_5b_plus
OPK,2020Q4,2021-01-04,670000024,2020-10-29,2020-10-20,1,4.2,2814000101,below_5b
PFE,2020Q4,2021-01-04,5558396599,2020-11-05,2020-11-02,1,27.3976,152286491188,large_5b_plus
RMD,2020Q4,2021-01-04,144915153,2020-10-30,2020-10-26,1,201.5919,29213721921,large_5b_plus
RYTM,2020Q4,2021-01-04,44204745,2020-11-02,2020-10-23,1,30.36,1342056058,below_5b
SNY,2020Q4,2021-01-04,1253826630,2020-03-05,2019-12-31,1,37.9081,47530157575,large_5b_plus
TAK,2020Q4,2021-01-04,1557765596,2020-06-24,2020-03-31,1,14.5455,22658424716,large_5b_plus
UNH,2020Q4,2021-01-04,948820710,2020-11-02,2020-10-30,1,315.8157,299652430057,large_5b_plus
VTVT,2020Q4,2021-01-04,,,,,80.0,,unknown
ABT,2021Q1,2021-04-01,1771529358,2021-02-19,2021-01-31,1,107.0895,189712226322,large_5b_plus
ALT,2021Q1,2021-04-01,37150376,2021-02-25,2021-02-23,1,14.0,520105264,below_5b
AMGN,2021Q1,2021-04-01,577566383,2021-02-09,2021-02-03,1,210.1597,121381203013,large_5b_plus
AZN,2021Q1,2021-04-01,,,,,87.6596,,unknown
BAX,2021Q1,2021-04-01,505103894,2021-02-11,2021-01-29,1,75.91,38342454522,large_5b_plus
BMY,2021Q1,2021-04-01,2240475153,2021-02-10,2021-02-01,1,50.9012,114042927824,large_5b_plus
BSX,2021Q1,2021-04-01,1417165707,2021-02-23,2021-01-29,1,38.58,54674252976,large_5b_plus
GILD,2021Q1,2021-04-01,1256593156,2021-02-25,2021-02-18,1,54.5165,68505001230,large_5b_plus
GSK,2021Q1,2021-04-01,5385189617,2021-03-12,2020-12-31,1,35.6094,191763229069,large_5b_plus
INCY,2021Q1,2021-04-01,219843497,2021-02-09,2021-02-02,1,83.01,18249208686,large_5b_plus
INGR,2021Q1,2021-04-01,67110523,2021-02-24,2021-02-19,1,77.8672,5225709433,large_5b_plus
IONS,2021Q1,2021-04-01,140862211,2021-02-24,2021-02-18,1,45.05,6345842606,large_5b_plus
JNJ,2021Q1,2021-04-01,2628679824,2021-02-22,2021-02-16,1,139.9329,367838696166,large_5b_plus
LLY,2021Q1,2021-04-01,958425693,2021-02-17,2021-02-12,1,175.7172,168411839747,large_5b_plus
MDT,2021Q1,2021-04-01,1348072847,2021-03-05,2021-03-03,1,99.7533,134474668037,large_5b_plus
MED,2021Q1,2021-04-01,11774446,2021-02-26,2021-02-17,1,197.2277,2322246611,below_5b
MRK,2021Q1,2021-04-01,2530315668,2021-02-25,2021-01-31,1,62.0507,157007742086,large_5b_plus
NVO,2021Q1,2021-04-01,,,,,30.0849,,unknown
NVS,2021Q1,2021-04-01,2256822048,2021-01-26,2020-12-31,1,71.4334,161212551228,large_5b_plus
OPK,2021Q1,2021-04-01,670035399,2021-02-18,2021-02-08,1,4.38,2934755048,below_5b
PFE,2021Q1,2021-04-01,5577629491,2021-02-25,2021-02-23,1,27.3118,152335121825,large_5b_plus
REGN,2021Q1,2021-04-01,93955110,2012-07-25,2012-07-13,1,470.5668,44212159424,large_5b_plus
RMD,2021Q1,2021-04-01,144900654,2021-03-30,2020-08-07,1,185.0967,26820629497,large_5b_plus
RYTM,2021Q1,2021-04-01,50181164,2021-03-01,2021-02-19,1,22.24,1116029087,below_5b
SNY,2021Q1,2021-04-01,1250690553,2021-03-04,2020-12-31,1,38.3824,48004523697,large_5b_plus
TAK,2021Q1,2021-04-01,1557765596,2020-06-24,2020-03-31,1,15.405,23997341460,large_5b_plus
UNH,2021Q1,2021-04-01,945319404,2021-03-01,2021-01-29,1,332.8569,314656050242,large_5b_plus
VTVT,2021Q1,2021-04-01,,,,,115.6,,unknown
ABT,2021Q2,2021-07-01,1776820148,2021-05-05,2021-03-31,1,105.8776,188125380989,large_5b_plus
ALT,2021Q2,2021-07-01,38396843,2021-05-17,2021-05-14,1,10.04,385504304,below_5b
AMGN,2021Q2,2021-07-01,574553986,2021-04-28,2021-04-22,1,209.7031,120485771708,large_5b_plus
AZN,2021Q2,2021-07-01,,,,,106.7383,,unknown
BAX,2021Q2,2021-07-01,502851993,2021-04-29,2021-04-22,1,73.5957,37007736885,large_5b_plus
BMY,2021Q2,2021-07-01,2232843755,2021-04-29,2021-03-31,1,54.2337,121095390207,large_5b_plus
BSX,2021Q2,2021-07-01,1420910855,2021-05-06,2021-04-30,1,43.36,61610694673,large_5b_plus
GILD,2021Q2,2021-07-01,1254178166,2021-05-06,2021-04-30,1,57.3147,71882788428,large_5b_plus
GSK,2021Q2,2021-07-01,5385189617,2021-03-12,2020-12-31,1,40.4722,217950381944,large_5b_plus
HUM,2021Q2,2021-07-01,129014427,2021-04-28,2021-03-31,1,425.8139,54936136868,large_5b_plus
INCY,2021Q2,2021-07-01,219923477,2021-05-04,2021-04-27,1,84.02,18477970538,large_5b_plus
INGR,2021Q2,2021-07-01,66975448,2021-05-07,2021-04-30,1,79.0959,5297484431,large_5b_plus
IONS,2021Q2,2021-07-01,140963028,2021-05-05,2021-04-29,1,40.05,5645569271,large_5b_plus
JNJ,2021Q2,2021-07-01,2633396003,2021-04-30,2021-04-23,1,143.5092,377916423268,large_5b_plus
LLY,2021Q2,2021-07-01,959025446,2021-04-30,2021-04-27,1,220.204,211181268769,large_5b_plus
MDT,2021Q2,2021-07-01,1343904180,2021-06-25,2021-06-23,1,106.9908,143785425623,large_5b_plus
MED,2021Q2,2021-07-01,11761104,2021-05-04,2021-04-26,1,255.394,3003715505,below_5b
MRK,2021Q2,2021-07-01,2532058364,2021-05-05,2021-04-30,1,66.355,168014841012,large_5b_plus
NVO,2021Q2,2021-07-01,,,,,37.5372,,unknown
NVS,2021Q2,2021-07-01,2256822048,2021-01-26,2020-12-31,1,76.0557,171644171934,large_5b_plus
OPK,2021Q2,2021-07-01,670153274,2021-04-28,2021-04-20,1,4.24,2841449882,below_5b
PFE,2021Q2,2021-07-01,5597693867,2021-05-13,2021-05-10,1,30.0608,168271168436,large_5b_plus
REGN,2021Q2,2021-07-01,93955110,2012-07-25,2012-07-13,1,569.341,53492495838,large_5b_plus
RMD,2021Q2,2021-07-01,145517832,2021-04-30,2021-04-26,1,236.4473,34407293579,large_5b_plus
RYTM,2021Q2,2021-07-01,50206758,2021-05-03,2021-04-23,1,20.72,1040284026,below_5b
SNY,2021Q2,2021-07-01,1250690553,2021-03-04,2020-12-31,1,42.4015,53031201433,large_5b_plus
TAK,2021Q2,2021-07-01,1557765596,2020-06-24,2020-03-31,1,13.967,21757246280,large_5b_plus
UNH,2021Q2,2021-07-01,943702120,2021-05-05,2021-04-30,1,368.5191,347772227572,large_5b_plus
VTVT,2021Q2,2021-07-01,,,,,88.4,,unknown
ABT,2021Q3,2021-10-01,1772817349,2021-08-04,2021-06-30,1,106.3295,188502868548,large_5b_plus
ALT,2021Q3,2021-10-01,39705884,2021-08-10,2021-08-06,1,11.95,474485314,below_5b
AMGN,2021Q3,2021-10-01,567852353,2021-08-04,2021-07-29,1,183.0757,103959941204,large_5b_plus
AZN,2021Q3,2021-10-01,,,,,106.4321,,unknown
BAX,2021Q3,2021-10-01,499910255,2021-07-29,2021-07-22,1,73.6867,36836755685,large_5b_plus
BMY,2021Q3,2021-10-01,2222113553,2021-07-28,2021-06-30,1,48.8909,108641021863,large_5b_plus
BSX,2021Q3,2021-10-01,1423852648,2021-08-06,2021-07-30,1,43.8,62364745982,large_5b_plus
GILD,2021Q3,2021-10-01,1253809440,2021-08-05,2021-07-30,1,57.4149,71987386880,large_5b_plus
GSK,2021Q3,2021-10-01,5385189617,2021-03-12,2020-12-31,1,38.9039,209504889876,large_5b_plus
HUM,2021Q3,2021-10-01,128504664,2021-07-28,2021-06-30,1,373.1266,47948502341,large_5b_plus
INCY,2021Q3,2021-10-01,220835269,2021-08-03,2021-07-27,1,68.21,15063173698,large_5b_plus
INGR,2021Q3,2021-10-01,67005068,2021-08-06,2021-07-31,1,79.2176,5307981729,large_5b_plus
IONS,2021Q3,2021-10-01,141147698,2021-08-04,2021-07-28,1,33.57,4738328222,below_5b
JNJ,2021Q3,2021-10-01,2632482092,2021-07-29,2021-07-23,1,139.59,367468121008,large_5b_plus
LLY,2021Q3,2021-10-01,956580893,2021-08-03,2021-07-30,1,219.4425,209914514629,large_5b_plus
MDT,2021Q3,2021-10-01,1345809975,2021-09-02,2021-08-31,1,108.5126,146037282009,large_5b_plus
MED,2021Q3,2021-10-01,11729968,2021-08-04,2021-07-27,1,174.1472,2042740782,below_5b
MRK,2021Q3,2021-10-01,2531374696,2021-08-09,2021-07-31,1,69.8806,176893977504,large_5b_plus
NVO,2021Q3,2021-10-01,,,,,42.8629,,unknown
NVS,2021Q3,2021-10-01,2256822048,2021-01-26,2020-12-31,1,68.0559,153590164106,large_5b_plus
OPK,2021Q3,2021-10-01,681162619,2021-07-29,2021-07-20,1,3.58,2438562176,below_5b
PFE,2021Q3,2021-10-01,5606688356,2021-08-12,2021-08-09,1,32.9189,184566102237,large_5b_plus
REGN,2021Q3,2021-10-01,93955110,2012-07-25,2012-07-13,1,565.5462,53135953672,large_5b_plus
RMD,2021Q3,2021-10-01,145681,2021-08-19,2021-08-12,1,250.4825,36490546,below_5b
RYTM,2021Q3,2021-10-01,50227489,2021-08-03,2021-07-26,1,13.09,657477831,below_5b
SNY,2021Q3,2021-10-01,1250690553,2021-03-04,2020-12-31,1,38.6422,48329424441,large_5b_plus
TAK,2021Q3,2021-10-01,1557765596,2020-06-24,2020-03-31,1,13.5537,21113540769,large_5b_plus
UNH,2021Q3,2021-10-01,942917366,2021-08-03,2021-07-30,1,358.4606,337998704912,large_5b_plus
VTVT,2021Q3,2021-10-01,,,,,62.0,,unknown
ABT,2021Q4,2022-01-03,1768286969,2021-11-03,2021-09-30,1,126.6159,223893199265,large_5b_plus
ALT,2021Q4,2022-01-03,39738625,2021-11-09,2021-11-05,1,9.45,375530006,below_5b
AMGN,2021Q4,2022-01-03,563265902,2021-11-03,2021-10-28,1,195.6507,110203378950,large_5b_plus
AZN,2021Q4,2022-01-03,,,,,103.9889,,unknown
BAX,2021Q4,2022-01-03,500693441,2021-10-28,2021-10-21,1,79.0341,39571836888,large_5b_plus
BMY,2021Q4,2022-01-03,2219644935,2021-10-27,2021-09-30,1,50.8379,112842177119,large_5b_plus
BSX,2021Q4,2022-01-03,1424992477,2021-11-04,2021-10-29,1,43.12,61445675608,large_5b_plus
GILD,2021Q4,2022-01-03,1254383522,2021-11-03,2021-10-29,1,61.3934,77010866465,large_5b_plus
GSK,2021Q4,2022-01-03,5385189617,2021-03-12,2020-12-31,1,45.1112,242932590242,large_5b_plus
HUM,2021Q4,2022-01-03,128534291,2021-11-03,2021-09-30,1,444.2152,57096891121,large_5b_plus
INCY,2021Q4,2022-01-03,220890618,2021-11-02,2021-10-26,1,73.97,16339279013,large_5b_plus
INGR,2021Q4,2022-01-03,66535932,2021-11-05,2021-10-31,1,85.603,5695677301,large_5b_plus
IONS,2021Q4,2022-01-03,141210015,2021-11-03,2021-10-27,1,32.6,4603446489,below_5b
JNJ,2021Q4,2022-01-03,2632596969,2021-10-29,2021-10-22,1,150.21,395442419459,large_5b_plus
LLY,2021Q4,2022-01-03,956592393,2021-10-27,2021-10-22,1,260.5702,249259495451,large_5b_plus
MDT,2021Q4,2022-01-03,1344557784,2021-12-02,2021-11-30,1,90.9947,122347661242,large_5b_plus
MED,2021Q4,2022-01-03,11616233,2021-11-04,2021-10-28,1,195.041,2265641235,below_5b
MRK,2021Q4,2022-01-03,2525943936,2021-11-05,2021-10-31,1,66.6093,168251433835,large_5b_plus
NVO,2021Q4,2022-01-03,,,,,48.6343,,unknown
NVS,2021Q4,2022-01-03,2256822048,2021-01-26,2020-12-31,1,72.9189,164564903304,large_5b_plus
OPK,2021Q4,2022-01-03,681341306,2021-10-28,2021-10-20,1,4.93,3359012639,below_5b
PFE,2021Q4,2022-01-03,5612866598,2021-11-12,2021-11-08,1,43.8258,245988492248,large_5b_plus
REGN,2021Q4,2022-01-03,93955110,2012-07-25,2012-07-13,1,621.3389,58377961331,large_5b_plus
RMD,2021Q4,2022-01-03,145723142,2021-10-29,2021-10-25,1,248.3107,36184615148,large_5b_plus
RYTM,2021Q4,2022-01-03,50268312,2021-11-02,2021-10-26,1,10.67,536362889,below_5b
SNY,2021Q4,2022-01-03,1250690553,2021-03-04,2020-12-31,1,40.893,51144436846,large_5b_plus
TAK,2021Q4,2022-01-03,1557765596,2020-06-24,2020-03-31,1,11.3967,17753398000,large_5b_plus
UNH,2021Q4,2022-01-03,941851250,2021-11-03,2021-10-29,1,460.2824,433517526611,large_5b_plus
VTVT,2021Q4,2022-01-03,,,,,40.0,,unknown
ABT,2022Q1,2022-04-01,1763482267,2022-02-18,2022-01-31,1,108.3756,191118387674,large_5b_plus
ALT,2022Q1,2022-04-01,43222682,2022-03-15,2022-03-11,1,6.22,268845082,below_5b
AMGN,2022Q1,2022-04-01,557029370,2022-02-16,2022-02-11,1,211.6462,117893126405,large_5b_plus
AZN,2022Q1,2022-04-01,,,,,121.1665,,unknown
BAX,2022Q1,2022-04-01,502293624,2022-02-23,2022-01-31,1,71.7283,36028678924,large_5b_plus
BMY,2022Q1,2022-04-01,2179712820,2022-02-09,2022-02-01,1,61.6324,134340920964,large_5b_plus
BSX,2022Q1,2022-04-01,1426724712,2022-02-23,2022-01-31,1,44.99,64188344793,large_5b_plus
GILD,2022Q1,2022-04-01,1253886724,2022-02-23,2022-02-18,1,51.1068,64082158206,large_5b_plus
GSK,2022Q1,2022-04-01,5387015059,2022-03-08,2021-12-31,1,46.0233,247928088975,large_5b_plus
HUM,2022Q1,2022-04-01,126633599,2022-02-17,2022-01-31,1,422.027,53442800697,large_5b_plus
INCY,2022Q1,2022-04-01,221325189,2022-02-08,2022-02-01,1,79.94,17692735609,large_5b_plus
INGR,2022Q1,2022-04-01,66714756,2022-02-22,2022-02-18,1,79.9723,5335331717,large_5b_plus
IONS,2022Q1,2022-04-01,141688727,2022-02-25,2022-02-16,1,38.9,5511691480,large_5b_plus
JNJ,2022Q1,2022-04-01,2629268158,2022-02-17,2022-02-10,1,157.0456,412914943881,large_5b_plus
LLY,2022Q1,2022-04-01,952347126,2022-02-23,2022-02-18,1,281.8222,268392514890,large_5b_plus
MDT,2022Q1,2022-04-01,1341539178,2022-03-03,2022-03-01,1,97.0724,130226389436,large_5b_plus
MED,2022Q1,2022-04-01,11542630,2022-02-23,2022-02-14,1,160.8833,1857016090,below_5b
MRK,2022Q1,2022-04-01,2527733606,2022-02-25,2022-01-31,1,73.0137,184559195193,large_5b_plus
NVO,2022Q1,2022-04-01,,,,,50.9671,,unknown
NVS,2022Q1,2022-04-01,2234939948,2022-02-02,2021-12-31,1,75.8193,169451576879,large_5b_plus
OPK,2022Q1,2022-04-01,681455306,2022-03-01,2022-02-25,1,3.51,2391908124,below_5b
PFE,2022Q1,2022-04-01,5623346471,2022-02-24,2022-02-22,1,40.1948,226029416323,large_5b_plus
REGN,2022Q1,2022-04-01,93955110,2012-07-25,2012-07-13,1,688.4466,64683079049,large_5b_plus
RMD,2022Q1,2022-04-01,146234244,2022-01-28,2022-01-24,1,236.2066,34541486417,large_5b_plus
RYTM,2022Q1,2022-04-01,50329713,2022-03-01,2022-02-22,1,11.78,592884019,below_5b
SNY,2022Q1,2022-04-01,1263560695,2022-02-23,2021-12-31,1,42.1111,53209950059,large_5b_plus
TAK,2022Q1,2022-04-01,1557765596,2020-06-24,2020-03-31,1,12.266,19107615183,large_5b_plus
UNH,2022Q1,2022-04-01,940899146,2022-02-15,2022-01-31,1,471.1409,443296027302,large_5b_plus
VTVT,2022Q1,2022-04-01,,,,,26.4,,unknown
ABT,2022Q2,2022-07-01,1750942289,2022-05-03,2022-03-31,1,101.1312,177074982304,large_5b_plus
ALT,2022Q2,2022-07-01,43219358,2022-05-12,2022-05-10,1,11.26,486649971,below_5b
AMGN,2022Q2,2022-07-01,534199933,2022-04-28,2022-04-22,1,215.4621,115099818713,large_5b_plus
AZN,2022Q2,2022-07-01,,,,,119.6068,,unknown
BAX,2022Q2,2022-07-01,503528678,2022-04-28,2022-04-21,1,60.0131,30218336422,large_5b_plus
BMY,2022Q2,2022-07-01,2129064271,2022-04-29,2022-03-31,1,64.6037,137545441426,large_5b_plus
BSX,2022Q2,2022-07-01,1429571199,2022-05-05,2022-04-29,1,38.01,54338001274,large_5b_plus
GILD,2022Q2,2022-07-01,1254313448,2022-05-04,2022-04-29,1,54.0855,67840118189,large_5b_plus
GSK,2022Q2,2022-07-01,5387015059,2022-03-08,2021-12-31,1,46.2447,249120842786,large_5b_plus
HUM,2022Q2,2022-07-01,126493402,2022-04-27,2022-03-31,1,458.6982,58022290037,large_5b_plus
INCY,2022Q2,2022-07-01,221505011,2022-05-03,2022-04-26,1,77.67,17204294204,large_5b_plus
INGR,2022Q2,2022-07-01,66219580,2022-05-06,2022-05-04,1,80.2936,5317005824,large_5b_plus
IONS,2022Q2,2022-07-01,141797854,2022-05-04,2022-04-28,1,38.06,5396826323,large_5b_plus
JNJ,2022Q2,2022-07-01,2631401804,2022-04-29,2022-04-22,1,159.2141,418956310379,large_5b_plus
LLY,2022Q2,2022-07-01,950159559,2022-04-29,2022-04-26,1,313.7253,298089095018,large_5b_plus
MDT,2022Q2,2022-07-01,1328709310,2022-06-23,2022-06-20,1,79.4392,105551618291,large_5b_plus
MED,2022Q2,2022-07-01,11513656,2022-05-02,2022-04-25,1,169.4837,1951376458,below_5b
MRK,2022Q2,2022-07-01,2528805025,2022-05-05,2022-04-30,1,81.4539,205980979467,large_5b_plus
NVO,2022Q2,2022-07-01,,,,,50.3938,,unknown
NVS,2022Q2,2022-07-01,2234939948,2022-04-26,2021-12-31,1,72.9401,163016706871,large_5b_plus
OPK,2022Q2,2022-07-01,681525181,2022-05-09,2022-04-25,1,2.63,1792411226,below_5b
PFE,2022Q2,2022-07-01,5610895801,2022-05-11,2022-05-06,1,41.0952,230581132406,large_5b_plus
REGN,2022Q2,2022-07-01,93955110,2012-07-25,2012-07-13,1,589.9301,55426946542,large_5b_plus
RMD,2022Q2,2022-07-01,146284655,2022-04-29,2022-04-25,1,207.2158,30312487497,large_5b_plus
RYTM,2022Q2,2022-07-01,50393731,2022-05-03,2022-04-27,1,4.3,216693043,below_5b
SNY,2022Q2,2022-07-01,1263560695,2022-02-23,2021-12-31,1,42.7876,54064751402,large_5b_plus
TAK,2022Q2,2022-07-01,1557765596,2020-06-24,2020-03-31,1,11.911,18554534660,large_5b_plus
UNH,2022Q2,2022-07-01,938171603,2022-05-04,2022-04-29,1,477.2824,447772748035,large_5b_plus
VTVT,2022Q2,2022-07-01,,,,,28.812,,unknown
ABT,2022Q3,2022-10-03,1751219743,2022-08-02,2022-06-30,1,91.7196,160621112157,large_5b_plus
ALT,2022Q3,2022-10-03,48535230,2022-08-11,2022-08-05,1,12.83,622707001,below_5b
AMGN,2022Q3,2022-10-03,534930850,2022-08-05,2022-08-01,1,203.769,109002324392,large_5b_plus
AZN,2022Q3,2022-10-03,,,,,101.4545,,unknown
BAX,2022Q3,2022-10-03,503610722,2022-07-28,2022-07-21,1,51.229,25799456991,large_5b_plus
BMY,2022Q3,2022-10-03,2135255158,2022-07-27,2022-07-15,1,59.2985,126617500734,large_5b_plus
BSX,2022Q3,2022-10-03,1431614313,2022-08-04,2022-07-29,1,39.88,57092778802,large_5b_plus
GILD,2022Q3,2022-10-03,1253367394,2022-08-08,2022-07-29,1,54.6561,68504200708,large_5b_plus
GSK,2022Q3,2022-10-03,5387015059,2022-03-08,2021-12-31,1,25.8718,139371864997,large_5b_plus
HUM,2022Q3,2022-10-03,126553698,2022-07-27,2022-06-30,1,479.1556,60638908840,large_5b_plus
INCY,2022Q3,2022-10-03,222430635,2022-08-02,2022-07-26,1,68.83,15309900607,large_5b_plus
INGR,2022Q3,2022-10-03,65520860,2022-08-09,2022-08-05,1,73.0925,4789086374,below_5b
IONS,2022Q3,2022-10-03,141941338,2022-08-09,2022-08-03,1,44.99,6385940797,large_5b_plus
JNJ,2022Q3,2022-10-03,2629179895,2022-07-29,2022-07-22,1,145.716,383113672556,large_5b_plus
LLY,2022Q3,2022-10-03,950174817,2022-08-04,2022-08-01,1,311.6604,296131909780,large_5b_plus
MDT,2022Q3,2022-10-03,1329153289,2022-09-01,2022-08-29,1,72.4785,96335037582,large_5b_plus
MED,2022Q3,2022-10-03,11017899,2022-08-03,2022-07-25,1,103.6319,1141805788,below_5b
MRK,2022Q3,2022-10-03,2533279845,2022-08-05,2022-07-31,1,77.7741,197023445554,large_5b_plus
NVO,2022Q3,2022-10-03,,,,,46.5419,,unknown
NVS,2022Q3,2022-10-03,2234939948,2022-04-26,2021-12-31,1,66.2911,148156601658,large_5b_plus
OPK,2022Q3,2022-10-03,771959579,2022-08-04,2022-07-28,1,1.91,1474442796,below_5b
PFE,2022Q3,2022-10-03,5612351809,2022-08-10,2022-08-05,1,34.9503,196153318594,large_5b_plus
REGN,2022Q3,2022-10-03,93955110,2012-07-25,2012-07-13,1,728.3764,68434684600,large_5b_plus
RMD,2022Q3,2022-10-03,146424981,2022-08-12,2022-08-08,1,215.8104,31600035283,large_5b_plus
RYTM,2022Q3,2022-10-03,50720570,2022-08-03,2022-07-28,1,23.71,1202584715,below_5b
SNY,2022Q3,2022-10-03,1263560695,2022-02-23,2021-12-31,1,32.8729,41536906635,large_5b_plus
TAK,2022Q3,2022-10-03,1557765596,2020-06-24,2020-03-31,1,11.3121,17621653361,large_5b_plus
UNH,2022Q3,2022-10-03,935382710,2022-08-03,2022-07-29,1,477.0353,446210597580,large_5b_plus
VTVT,2022Q3,2022-10-03,,,,,39.392,,unknown
ABT,2022Q4,2023-01-03,1743573777,2022-11-01,2022-09-30,1,101.4543,176893008838,large_5b_plus
ALT,2022Q4,2023-01-03,49159056,2022-11-10,2022-11-04,1,15.63,768356045,below_5b
AMGN,2022Q4,2023-01-03,533579206,2022-11-04,2022-10-31,1,232.9485,124296484098,large_5b_plus
AZN,2022Q4,2023-01-03,,,,,126.6217,,unknown
BAX,2022Q4,2023-01-03,504120759,2022-10-27,2022-10-20,1,47.2708,23830199846,large_5b_plus
BMY,2022Q4,2023-01-03,2126160347,2022-10-26,2022-10-14,1,61.2201,130163764450,large_5b_plus
BSX,2022Q4,2023-01-03,1432311282,2022-11-03,2022-10-31,1,46.01,65900642085,large_5b_plus
GILD,2022Q4,2023-01-03,1254243845,2022-11-02,2022-10-31,1,75.5075,94704801875,large_5b_plus
GSK,2022Q4,2023-01-03,5387015059,2022-03-08,2021-12-31,1,30.4761,164174963281,large_5b_plus
HUM,2022Q4,2023-01-03,126600318,2022-11-02,2022-09-30,1,480.8227,60872307777,large_5b_plus
INCY,2022Q4,2023-01-03,222475468,2022-11-01,2022-10-25,1,79.55,17697923479,large_5b_plus
INGR,2022Q4,2023-01-03,65555317,2022-11-07,2022-11-03,1,88.518,5802827104,large_5b_plus
IONS,2022Q4,2023-01-03,142050336,2022-11-09,2022-11-03,1,37.58,5338251627,large_5b_plus
JNJ,2022Q4,2023-01-03,2614483607,2022-10-27,2022-10-21,1,160.1218,418635807480,large_5b_plus
LLY,2022Q4,2023-01-03,950177900,2022-11-01,2022-10-28,1,354.7381,337064298394,large_5b_plus
MDT,2022Q4,2023-01-03,1330179978,2022-12-01,2022-11-28,1,69.1953,92042266156,large_5b_plus
MED,2022Q4,2023-01-03,10926989,2022-11-03,2022-10-26,1,108.9432,1190421686,below_5b
MRK,2022Q4,2023-01-03,2535395974,2022-11-03,2022-10-31,1,99.3761,251957685159,large_5b_plus
NVO,2022Q4,2023-01-03,,,,,62.1587,,unknown
NVS,2022Q4,2023-01-03,2234939948,2022-04-26,2021-12-31,1,79.7274,178185995028,large_5b_plus
OPK,2022Q4,2023-01-03,772685879,2022-11-08,2022-10-31,1,1.22,942676772,below_5b
PFE,2022Q4,2023-01-03,5613314537,2022-11-09,2022-11-04,1,40.9366,229789799761,large_5b_plus
REGN,2022Q4,2023-01-03,93955110,2012-07-25,2012-07-13,1,713.8511,67069956626,large_5b_plus
RMD,2022Q4,2023-01-03,146483650,2022-10-28,2022-10-24,1,201.6579,29539592235,large_5b_plus
RYTM,2022Q4,2023-01-03,56348331,2022-11-08,2022-11-02,1,28.64,1613816200,below_5b
SNY,2022Q4,2023-01-03,1263560695,2022-02-23,2021-12-31,1,41.1016,51934381861,large_5b_plus
TAK,2022Q4,2023-01-03,1557765596,2020-06-24,2020-03-31,1,13.6612,21281015860,large_5b_plus
UNH,2022Q4,2023-01-03,934349073,2022-11-02,2022-10-31,1,481.4087,449803757202,large_5b_plus
VTVT,2022Q4,2023-01-03,,,,,28.964,,unknown
ABT,2023Q1,2023-04-03,1737946233,2023-02-17,2023-01-31,1,94.4875,164214218160,large_5b_plus
ALT,2023Q1,2023-04-03,49278861,2023-02-28,2023-02-24,1,4.42,217812566,below_5b
AMGN,2023Q1,2023-04-03,533976238,2023-02-09,2023-02-06,1,219.5495,117234233686,large_5b_plus
AZN,2023Q1,2023-04-03,,,,,129.547,,unknown
BAX,2023Q1,2023-04-03,504672166,2023-02-09,2023-01-31,1,37.2926,18820558193,large_5b_plus
BMY,2023Q1,2023-04-03,2098775978,2023-02-14,2023-02-07,1,59.5107,124899614826,large_5b_plus
BSX,2023Q1,2023-04-03,1434780104,2023-02-23,2023-01-31,1,49.72,71337266771,large_5b_plus
GILD,2023Q1,2023-04-03,1247105154,2023-02-22,2023-02-17,1,74.2984,92657873219,large_5b_plus
GSK,2023Q1,2023-04-03,4311343341,2023-03-10,2022-12-31,1,31.3457,135142202318,large_5b_plus
HUM,2023Q1,2023-04-03,124974862,2023-02-16,2023-01-31,1,491.0875,61373593992,large_5b_plus
INCY,2023Q1,2023-04-03,222965018,2023-02-07,2023-01-31,1,72.66,16200638208,large_5b_plus
INGR,2023Q1,2023-04-03,65954699,2023-02-21,2023-02-15,1,93.8122,6187358124,large_5b_plus
IONS,2023Q1,2023-04-03,142953993,2023-02-22,2023-02-16,1,35.35,5053423653,large_5b_plus
ISRG,2023Q1,2023-04-03,350389679,2023-02-10,2023-02-07,1,253.53,88834295317,large_5b_plus
JNJ,2023Q1,2023-04-03,2604286303,2023-02-16,2023-02-10,1,141.9386,369648875911,large_5b_plus
LLY,2023Q1,2023-04-03,950296118,2023-02-22,2023-02-17,1,341.9967,324998099033,large_5b_plus
MDT,2023Q1,2023-04-03,1330423708,2023-03-01,2023-02-27,1,71.0595,94539303858,large_5b_plus
MED,2023Q1,2023-04-03,10844844,2023-02-21,2023-02-13,1,98.6229,1069550273,below_5b
MRK,2023Q1,2023-04-03,2538592467,2023-02-24,2023-01-31,1,98.0107,248809144656,large_5b_plus
NVO,2023Q1,2023-04-03,,,,,72.9975,,unknown
NVS,2023Q1,2023-04-03,2119609057,2023-02-01,2022-12-31,1,83.4633,176909605088,large_5b_plus
OPK,2023Q1,2023-04-03,772650812,2023-02-27,2023-02-15,1,1.54,1189882250,below_5b
PFE,2023Q1,2023-04-03,5619074621,2023-02-23,2023-02-21,1,33.3283,187274447195,large_5b_plus
REGN,2023Q1,2023-04-03,93955110,2012-07-25,2012-07-13,1,818.5998,76911637493,large_5b_plus
RMD,2023Q1,2023-04-03,146909413,2023-01-27,2023-01-23,1,211.7803,31112522768,large_5b_plus
RYTM,2023Q1,2023-04-03,56747577,2023-03-01,2023-02-22,1,18.6,1055504932,below_5b
SNY,2023Q1,2023-04-03,1260835732,2023-02-24,2022-12-31,1,45.4466,57300747531,large_5b_plus
TAK,2023Q1,2023-04-03,1557765596,2020-06-24,2020-03-31,1,14.5915,22730154231,large_5b_plus
UNH,2023Q1,2023-04-03,932846602,2023-02-24,2023-01-31,1,460.3581,429443460377,large_5b_plus
VANI,2023Q1,2023-04-03,50735770,2023-03-31,2023-03-27,1,0.9196,46656614,below_5b
VTVT,2023Q1,2023-04-03,,,,,32.0,,unknown
ABT,2023Q2,2023-07-03,1738946799,2023-05-04,2023-03-31,1,100.2148,174268159380,large_5b_plus
ALT,2023Q2,2023-07-03,49292189,2023-05-11,2023-05-05,1,3.45,170058052,below_5b
AMGN,2023Q2,2023-07-03,534326594,2023-04-28,2023-04-24,1,204.011,109008527477,large_5b_plus
AZN,2023Q2,2023-07-03,,,,,120.9118,,unknown
BAX,2023Q2,2023-07-03,505850082,2023-04-27,2023-04-20,1,41.9699,21230457668,large_5b_plus
BMY,2023Q2,2023-07-03,2100847138,2023-04-27,2023-04-20,1,55.4623,116517864254,large_5b_plus
BSX,2023Q2,2023-07-03,1437698101,2023-05-04,2023-04-28,1,53.54,76974356328,large_5b_plus
GILD,2023Q2,2023-07-03,1247352689,2023-05-03,2023-04-28,1,69.1331,86233368641,large_5b_plus
GSK,2023Q2,2023-07-03,4311343341,2023-04-17,2022-12-31,1,31.0739,133970459527,large_5b_plus
HUM,2023Q2,2023-07-03,124944994,2023-04-26,2023-03-31,1,430.3667,53772161655,large_5b_plus
INCY,2023Q2,2023-07-03,223088306,2023-05-02,2023-04-25,1,62.08,13849322036,large_5b_plus
INGR,2023Q2,2023-07-03,66016122,2023-05-08,2023-05-04,1,98.1168,6477292548,large_5b_plus
IONS,2023Q2,2023-07-03,143092117,2023-05-03,2023-04-27,1,41.08,5878224166,large_5b_plus
ISRG,2023Q2,2023-07-03,350398068,2023-04-20,2023-04-17,1,336.03,117744262790,large_5b_plus
JNJ,2023Q2,2023-07-03,2598734075,2023-04-28,2023-04-21,1,148.9421,387060809779,large_5b_plus
LLY,2023Q2,2023-07-03,949272933,2023-04-27,2023-04-24,1,451.0879,428205520006,large_5b_plus
MDT,2023Q2,2023-07-03,1330405428,2023-06-22,2023-06-16,1,78.3357,104218293929,large_5b_plus
MED,2023Q2,2023-07-03,10887193,2023-05-01,2023-04-24,1,92.7371,1009646172,below_5b
MRK,2023Q2,2023-07-03,2537435954,2023-05-05,2023-04-30,1,103.6175,262922856950,large_5b_plus
NVO,2023Q2,2023-07-03,,,,,72.9198,,unknown
NVS,2023Q2,2023-07-03,2119609057,2023-05-15,2022-12-31,1,89.1015,188860372833,large_5b_plus
OPK,2023Q2,2023-07-03,772650812,2023-05-03,2023-04-27,1,2.13,1645746230,below_5b
PFE,2023Q2,2023-07-03,5645307020,2023-05-10,2023-05-05,1,29.8624,168582415839,large_5b_plus
REGN,2023Q2,2023-07-03,93955110,2012-07-25,2012-07-13,1,711.4929,66848397786,large_5b_plus
RMD,2023Q2,2023-07-03,146930660,2023-04-28,2023-04-24,1,207.8036,30532714671,large_5b_plus
RYTM,2023Q2,2023-07-03,56854940,2023-05-02,2023-04-24,1,16.13,917070182,below_5b
SNY,2023Q2,2023-07-03,1260835732,2023-02-24,2022-12-31,1,46.6822,58858618004,large_5b_plus
TAK,2023Q2,2023-07-03,1557765596,2020-06-24,2020-03-31,1,13.8142,21519346984,large_5b_plus
UNH,2023Q2,2023-07-03,931032030,2023-05-03,2023-04-28,1,446.961,416135014970,large_5b_plus
VANI,2023Q2,2023-07-03,50793799,2023-05-15,2023-05-10,1,1.24,62984311,below_5b
VTVT,2023Q2,2023-07-03,,,,,29.24,,unknown
ABT,2023Q3,2023-10-02,1735357980,2023-08-03,2023-06-30,1,89.899,156006974960,large_5b_plus
ALT,2023Q3,2023-10-02,52686426,2023-08-10,2023-08-04,1,2.54,133823522,below_5b
AMGN,2023Q3,2023-10-02,534901181,2023-08-04,2023-07-31,1,243.406,130198139392,large_5b_plus
AZN,2023Q3,2023-10-02,,,,,124.4717,,unknown
BAX,2023Q3,2023-10-02,506404827,2023-07-27,2023-07-20,1,35.3351,17893853898,large_5b_plus
BMY,2023Q3,2023-10-02,2089102921,2023-07-27,2023-07-20,1,50.2456,104968208046,large_5b_plus
BSX,2023Q3,2023-10-02,1464223263,2023-08-03,2023-07-31,1,52.81,77325630519,large_5b_plus
GILD,2023Q3,2023-10-02,1246014353,2023-08-04,2023-07-31,1,67.4239,84011207051,large_5b_plus
GSK,2023Q3,2023-10-02,4311343341,2023-04-17,2022-12-31,1,32.1077,138427293239,large_5b_plus
HUM,2023Q3,2023-10-02,123906750,2023-08-02,2023-06-30,1,475.0638,58863609426,large_5b_plus
INCY,2023Q3,2023-10-02,224087695,2023-08-01,2023-07-25,1,58.06,13010531572,large_5b_plus
INGR,2023Q3,2023-10-02,66140434,2023-08-08,2023-08-04,1,89.9151,5947026497,large_5b_plus
IONS,2023Q3,2023-10-02,143326208,2023-08-09,2023-08-03,1,43.43,6224657213,large_5b_plus
ISRG,2023Q3,2023-10-02,351354675,2023-07-24,2023-07-18,1,294.98,103642602032,large_5b_plus
JNJ,2023Q3,2023-10-02,2598969594,2023-07-31,2023-07-24,1,142.4779,370295778485,large_5b_plus
LLY,2023Q3,2023-10-02,949295173,2023-08-08,2023-08-03,1,527.3419,500603125130,large_5b_plus
MDT,2023Q3,2023-10-02,1330533713,2023-08-31,2023-08-25,1,70.512,93818583971,large_5b_plus
MED,2023Q3,2023-10-02,10889368,2023-08-07,2023-07-24,1,75.71,824434051,below_5b
MRK,2023Q3,2023-10-02,2537521169,2023-08-07,2023-07-31,1,93.5681,237431073429,large_5b_plus
NVO,2023Q3,2023-10-02,,,,,84.3797,,unknown
NVS,2023Q3,2023-10-02,2119609057,2023-05-15,2022-12-31,1,91.6004,194156953098,large_5b_plus
OPK,2023Q3,2023-10-02,773056533,2023-08-03,2023-07-27,1,1.53,1182776495,below_5b
PFE,2023Q3,2023-10-02,5645959570,2023-08-09,2023-08-04,1,27.9675,157903402530,large_5b_plus
REGN,2023Q3,2023-10-02,93955110,2012-07-25,2012-07-13,1,810.5148,76152007187,large_5b_plus
RMD,2023Q3,2023-10-02,147071404,2023-08-11,2023-08-07,1,141.4911,20809291682,large_5b_plus
RYTM,2023Q3,2023-10-02,56901530,2023-08-01,2023-07-26,1,22.1,1257523813,below_5b
SNY,2023Q3,2023-10-02,1260835732,2023-02-24,2022-12-31,1,46.6387,58803743290,large_5b_plus
TAK,2023Q3,2023-10-02,1557765596,2020-06-24,2020-03-31,1,13.7725,21454298400,large_5b_plus
UNH,2023Q3,2023-10-02,926305139,2023-08-02,2023-07-31,1,483.1591,447552791197,large_5b_plus
VANI,2023Q3,2023-10-02,50818799,2023-08-14,2023-08-10,1,1.02,51835175,below_5b
VTVT,2023Q3,2023-10-02,,,,,19.88,,unknown
ABT,2023Q4,2024-01-02,1736058536,2023-11-01,2023-09-30,1,103.7423,180102692530,large_5b_plus
ALT,2023Q4,2024-01-02,53728871,2023-11-07,2023-11-03,1,10.52,565227723,below_5b
AMGN,2023Q4,2024-01-02,535178027,2023-10-31,2023-10-26,1,273.9652,146620155472,large_5b_plus
AZN,2023Q4,2024-01-02,,,,,127.5868,,unknown
BAX,2023Q4,2024-01-02,507323509,2023-11-02,2023-10-26,1,37.0496,18796120787,large_5b_plus
BMY,2023Q4,2024-01-02,2034757742,2023-10-26,2023-10-20,1,46.2876,94184113697,large_5b_plus
BSX,2023Q4,2024-01-02,1464982777,2023-11-01,2023-10-31,1,57.84,84734603822,large_5b_plus
GILD,2023Q4,2024-01-02,1246041895,2023-11-07,2023-10-31,1,76.4351,95241324542,large_5b_plus
GSK,2023Q4,2024-01-02,4311343341,2023-04-17,2022-12-31,1,33.7002,145293291284,large_5b_plus
HUM,2023Q4,2024-01-02,123110720,2023-11-01,2023-09-30,1,455.0398,56020281388,large_5b_plus
INCY,2023Q4,2024-01-02,224109238,2023-10-31,2023-10-24,1,65.45,14667949627,large_5b_plus
INGR,2023Q4,2024-01-02,65192468,2023-11-07,2023-11-03,1,102.5888,6688018282,large_5b_plus
IONS,2023Q4,2024-01-02,143472119,2023-11-02,2023-10-27,1,52.87,7585370932,large_5b_plus
ISRG,2023Q4,2024-01-02,352071592,2023-10-20,2023-10-16,1,330.98,116528655520,large_5b_plus
JNJ,2023Q4,2024-01-02,2407278620,2023-10-27,2023-10-23,1,148.0704,356446657129,large_5b_plus
LLY,2023Q4,2024-01-02,949307237,2023-11-02,2023-10-30,1,581.2287,551764629987,large_5b_plus
MDT,2023Q4,2024-01-02,1329654311,2023-11-30,2023-11-24,1,75.7403,100708418598,large_5b_plus
MED,2023Q4,2024-01-02,10892602,2023-11-06,2023-10-23,1,70.23,764987438,below_5b
MRK,2023Q4,2024-01-02,2534023084,2023-11-03,2023-10-31,1,104.0732,263723950033,large_5b_plus
NVO,2023Q4,2024-01-02,,,,,93.8564,,unknown
NVS,2023Q4,2024-01-02,2119609057,2023-05-15,2022-12-31,1,91.1132,193124406765,large_5b_plus
OPK,2023Q4,2024-01-02,773056533,2023-11-06,2023-10-20,1,1.57,1213698757,below_5b
PFE,2023Q4,2024-01-02,5646413292,2023-11-08,2023-11-03,1,24.8368,140238658978,large_5b_plus
REGN,2023Q4,2024-01-02,93955110,2012-07-25,2012-07-13,1,896.6858,84248214008,large_5b_plus
RMD,2023Q4,2024-01-02,147091910,2023-10-27,2023-10-23,1,167.2985,24608251945,large_5b_plus
RYTM,2023Q4,2024-01-02,59096454,2023-11-08,2023-11-01,1,45.13,2667022969,below_5b
SNY,2023Q4,2024-01-02,1260835732,2023-02-24,2022-12-31,1,43.5225,54874713783,large_5b_plus
TAK,2023Q4,2024-01-02,1557765596,2020-06-24,2020-03-31,1,12.9252,20134465907,large_5b_plus
UNH,2023Q4,2024-01-02,924925293,2023-11-06,2023-10-31,1,508.1571,470007367196,large_5b_plus
VANI,2023Q4,2024-01-02,51025060,2023-11-13,2023-11-10,1,1.04,53066062,below_5b
VTVT,2023Q4,2024-01-02,,,,,10.8,,unknown
ABT,2024Q1,2024-04-01,1735184289,2024-02-16,2024-01-31,1,106.3707,184572792859,large_5b_plus
ALT,2024Q1,2024-04-01,70895286,2024-03-27,2024-03-22,1,10.23,725258776,below_5b
AMGN,2024Q1,2024-04-01,535918901,2024-02-14,2024-02-09,1,262.7751,140826118486,large_5b_plus
AZN,2024Q1,2024-04-01,,,,,127.3684,,unknown
BAX,2024Q1,2024-04-01,507827437,2024-02-08,2024-01-31,1,41.8261,21240440858,large_5b_plus
BMY,2024Q1,2024-04-01,2022193411,2024-02-13,2024-02-06,1,47.0254,95094491841,large_5b_plus
BODI,2024Q1,2024-04-01,,,,,9.56,,unknown
BSX,2024Q1,2024-04-01,1467095627,2024-02-21,2024-01-31,1,68.1,99909212199,large_5b_plus
GILD,2024Q1,2024-04-01,1245774616,2024-02-23,2024-02-16,1,67.6164,84234801410,large_5b_plus
GSK,2024Q1,2024-04-01,4312145983,2024-03-05,2023-12-31,1,38.4786,165925397093,large_5b_plus
HUM,2024Q1,2024-04-01,120653315,2024-02-15,2024-01-31,1,341.0523,41149095711,large_5b_plus
INCY,2024Q1,2024-04-01,224526128,2024-02-16,2024-02-06,1,56.64,12717159890,large_5b_plus
INGR,2024Q1,2024-04-01,65563650,2024-02-21,2024-02-15,1,110.3726,7236428262,large_5b_plus
IONS,2024Q1,2024-04-01,145751797,2024-02-21,2024-02-15,1,43.94,6404333960,large_5b_plus
ISRG,2024Q1,2024-04-01,352325863,2024-01-31,2024-01-25,1,394.87,139122913523,large_5b_plus
JNJ,2024Q1,2024-04-01,2408767228,2024-02-16,2024-02-09,1,147.1534,354458334643,large_5b_plus
LLY,2024Q1,2024-04-01,950164452,2024-02-21,2024-02-16,1,747.7412,710477098158,large_5b_plus
MDT,2024Q1,2024-04-01,1327822539,2024-02-27,2024-02-21,1,80.2202,106518227255,large_5b_plus
MED,2024Q1,2024-04-01,10895595,2024-02-20,2024-02-06,1,37.51,408693768,below_5b
MRK,2024Q1,2024-04-01,2532643872,2024-02-26,2024-01-31,1,121.1556,306843914205,large_5b_plus
NVO,2024Q1,2024-04-01,,,,,118.0867,,unknown
NVS,2024Q1,2024-04-01,2044033986,2024-01-31,2023-12-31,1,89.7218,183394440095,large_5b_plus
OPK,2024Q1,2024-04-01,696991667,2024-03-01,2024-01-31,1,1.31,913059084,below_5b
PFE,2024Q1,2024-04-01,5646778425,2024-02-22,2024-02-15,1,23.5117,132765123904,large_5b_plus
REGN,2024Q1,2024-04-01,93955110,2012-07-25,2012-07-13,1,960.405,90234957259,large_5b_plus
RMD,2024Q1,2024-04-01,147088888,2024-01-25,2024-01-22,1,184.8552,27190144826,large_5b_plus
RYTM,2024Q1,2024-04-01,60140495,2024-02-29,2024-02-23,1,42.68,2566796327,below_5b
SNY,2024Q1,2024-04-01,1264799969,2024-02-23,2023-12-31,1,42.034,53164631402,large_5b_plus
TAK,2024Q1,2024-04-01,1557765596,2020-06-24,2020-03-31,1,12.5751,19588989899,large_5b_plus
UNH,2024Q1,2024-04-01,921934109,2024-02-28,2024-01-31,1,463.2072,427046556779,large_5b_plus
VANI,2024Q1,2024-04-01,54978000,2024-03-26,2024-03-22,1,1.98,108856440,below_5b
VERU,2024Q1,2024-04-01,146381186,2024-04-01,2024-03-29,1,7.6,1112497014,below_5b
VTVT,2024Q1,2024-04-01,,,,,25.2,,unknown
ABT,2024Q2,2024-07-01,1739633759,2024-05-02,2024-03-31,1,98.428,171228644167,large_5b_plus
ALT,2024Q2,2024-07-01,70902191,2024-05-09,2024-05-03,1,7.2,510495775,below_5b
AMGN,2024Q2,2024-07-01,536434692,2024-05-03,2024-04-29,1,290.8068,155998831942,large_5b_plus
AZN,2024Q2,2024-07-01,,,,,147.6148,,unknown
BAX,2024Q2,2024-07-01,509580190,2024-05-02,2024-04-25,1,32.0214,16317494036,large_5b_plus
BMY,2024Q2,2024-07-01,2027100096,2024-04-25,2024-04-18,1,37.0791,75163020104,large_5b_plus
BODI,2024Q2,2024-07-01,,,,,8.6,,unknown
BSX,2024Q2,2024-07-01,1470179843,2024-05-01,2024-04-29,1,76.41,112336441804,large_5b_plus
GILD,2024Q2,2024-07-01,1245853209,2024-05-08,2024-04-30,1,64.4363,80278206458,large_5b_plus
GSK,2024Q2,2024-07-01,4312145983,2024-03-05,2023-12-31,1,35.1058,151381311936,large_5b_plus
HUM,2024Q2,2024-07-01,120500635,2024-04-24,2024-03-31,1,363.2987,43777728626,large_5b_plus
INCY,2024Q2,2024-07-01,224540751,2024-04-30,2024-04-23,1,60.87,13667795513,large_5b_plus
INGR,2024Q2,2024-07-01,65647485,2024-05-09,2024-05-06,1,107.8493,7080037518,large_5b_plus
IONS,2024Q2,2024-07-01,145965374,2024-05-07,2024-05-01,1,47.11,6876428769,large_5b_plus
ISRG,2024Q2,2024-07-01,354705822,2024-04-19,2024-04-15,1,436.24,154736867789,large_5b_plus
JNJ,2024Q2,2024-07-01,2406679183,2024-05-01,2024-04-25,1,137.6967,331391864875,large_5b_plus
LLY,2024Q2,2024-07-01,950405386,2024-04-30,2024-04-25,1,900.4555,855797803887,large_5b_plus
MDT,2024Q2,2024-07-01,1282269783,2024-06-20,2024-06-17,1,71.7261,91972189919,large_5b_plus
MED,2024Q2,2024-07-01,10937245,2024-04-29,2024-04-22,1,21.03,230010262,below_5b
MRK,2024Q2,2024-07-01,2532806307,2024-05-03,2024-04-30,1,119.012,301434307507,large_5b_plus
NVO,2024Q2,2024-07-01,,,,,134.6309,,unknown
NVS,2024Q2,2024-07-01,2044033986,2024-01-31,2023-12-31,1,99.7075,203805608091,large_5b_plus
OPK,2024Q2,2024-07-01,696991677,2024-05-07,2024-05-03,1,1.23,857299763,below_5b
PFE,2024Q2,2024-07-01,5666592898,2024-05-08,2024-05-03,1,24.2925,137655668302,large_5b_plus
REGN,2024Q2,2024-07-01,93955110,2012-07-25,2012-07-13,1,1047.3092,98400052122,large_5b_plus
RMD,2024Q2,2024-07-01,146907207,2024-04-26,2024-04-22,1,182.9429,26875629280,large_5b_plus
RYTM,2024Q2,2024-07-01,60972909,2024-05-07,2024-05-01,1,42.67,2601714027,below_5b
SNY,2024Q2,2024-07-01,1264799969,2024-02-23,2023-12-31,1,44.9718,56880337190,large_5b_plus
TAK,2024Q2,2024-07-01,1557765596,2020-06-24,2020-03-31,1,11.9587,18628885785,large_5b_plus
UNH,2024Q2,2024-07-01,920385075,2024-05-09,2024-04-30,1,469.8978,432486962934,large_5b_plus
VANI,2024Q2,2024-07-01,54978465,2024-05-13,2024-05-10,1,1.25,68723081,below_5b
VERU,2024Q2,2024-07-01,146383920,2024-05-08,2024-05-06,1,8.787,1286275505,below_5b
VTVT,2024Q2,2024-07-01,,,,,17.585,,unknown
ABT,2024Q3,2024-10-01,1739897004,2024-07-31,2024-06-30,1,108.8875,189453046116,large_5b_plus
ALT,2024Q3,2024-10-01,71070951,2024-08-08,2024-08-02,1,6.29,447036282,below_5b
AMGN,2024Q3,2024-10-01,537329220,2024-08-07,2024-08-01,1,301.6085,162063052218,large_5b_plus
AZN,2024Q3,2024-10-01,,,,,149.9149,,unknown
BAX,2024Q3,2024-10-01,510177606,2024-08-06,2024-07-31,1,36.0238,18378517883,large_5b_plus
BIOA,2024Q3,2024-10-01,,,,,20.25,,unknown
BMY,2024Q3,2024-10-01,2027395178,2024-07-26,2024-07-19,1,48.2121,97744902584,large_5b_plus
BODI,2024Q3,2024-10-01,,,,,5.4,,unknown
BSX,2024Q3,2024-10-01,1472626135,2024-08-01,2024-07-30,1,84.14,123906762999,large_5b_plus
GILD,2024Q3,2024-10-01,1244992081,2024-08-08,2024-07-31,1,79.532,99016745363,large_5b_plus
GSK,2024Q3,2024-10-01,4312145983,2024-03-05,2023-12-31,1,37.2064,160439401079,large_5b_plus
GUTS,2024Q3,2024-10-01,47927214,2024-08-14,2024-08-02,1,2.305,110472228,below_5b
HUM,2024Q3,2024-10-01,120401661,2024-07-31,2024-06-30,1,272.5843,32819598883,large_5b_plus
INCY,2024Q3,2024-10-01,192598027,2024-07-30,2024-07-23,1,68.06,13108221718,large_5b_plus
INGR,2024Q3,2024-10-01,65061430,2024-08-08,2024-08-05,1,129.7093,8439070982,large_5b_plus
IONS,2024Q3,2024-10-01,146211091,2024-08-01,2024-07-26,1,39.07,5712467325,large_5b_plus
ISRG,2024Q3,2024-10-01,355354176,2024-07-19,2024-07-16,1,484.76,172261490358,large_5b_plus
JNJ,2024Q3,2024-10-01,2407243667,2024-07-25,2024-07-19,1,153.4774,369457525900,large_5b_plus
LLY,2024Q3,2024-10-01,950425778,2024-08-08,2024-08-05,1,872.2359,828995475826,large_5b_plus
MDT,2024Q3,2024-10-01,1282490493,2024-08-27,2024-08-22,1,84.3612,108192475171,large_5b_plus
MED,2024Q3,2024-10-01,10937418,2024-08-05,2024-07-29,1,19.22,210217174,below_5b
MRK,2024Q3,2024-10-01,2534809312,2024-08-05,2024-07-31,1,107.4634,272399307771,large_5b_plus
NVO,2024Q3,2024-10-01,,,,,109.6732,,unknown
NVS,2024Q3,2024-10-01,2044033986,2024-01-31,2023-12-31,1,107.2039,219128331208,large_5b_plus
OPK,2024Q3,2024-10-01,697376055,2024-08-07,2024-08-01,1,1.49,1039090322,below_5b
PFE,2024Q3,2024-10-01,5666695064,2024-08-05,2024-07-31,1,25.0167,141762215315,large_5b_plus
REGN,2024Q3,2024-10-01,93955110,2012-07-25,2012-07-13,1,1037.2921,97458892516,large_5b_plus
RMD,2024Q3,2024-10-01,146932119,2024-08-09,2024-08-05,1,234.1901,34410046044,large_5b_plus
RYTM,2024Q3,2024-10-01,61133765,2024-08-14,2024-08-01,1,51.77,3164895014,below_5b
SKYE,2024Q3,2024-10-01,30338290,2024-08-09,2024-08-08,1,29.52,895586321,below_5b
SNY,2024Q3,2024-10-01,1264799969,2024-02-23,2023-12-31,1,51.9729,65735271715,large_5b_plus
TAK,2024Q3,2024-10-01,1557765596,2020-06-24,2020-03-31,1,13.4374,20932354478,large_5b_plus
UNH,2024Q3,2024-10-01,923418150,2024-08-09,2024-07-31,1,556.087,513500795009,large_5b_plus
VANI,2024Q3,2024-10-01,55255856,2024-08-13,2024-08-12,1,1.115,61610279,below_5b
VERU,2024Q3,2024-10-01,146383920,2024-08-08,2024-08-05,1,7.661,1121447211,below_5b
VTVT,2024Q3,2024-10-01,,,,,13.55,,unknown
WW,2024Q3,2024-10-01,79731946,2024-08-01,2024-07-25,1,0.824,65699124,below_5b
ABT,2024Q4,2025-01-02,1734455213,2024-10-31,2024-09-30,1,109.288,189555059902,large_5b_plus
ALT,2024Q4,2025-01-02,71124625,2024-11-12,2024-11-08,1,7.11,505696084,below_5b
AMGN,2024Q4,2025-01-02,537532723,2024-10-31,2024-10-25,1,246.1047,132289308012,large_5b_plus
ARWR,2024Q4,2025-01-02,124434442,2024-11-26,2024-11-20,1,19.65,2445136785,below_5b
AZN,2024Q4,2025-01-02,,,,,125.5421,,unknown
BAX,2024Q4,2025-01-02,510587581,2024-11-12,2024-10-31,1,28.7015,14654610051,large_5b_plus
BIOA,2024Q4,2025-01-02,35848738,2024-11-07,2024-10-31,1,5.56,199318983,below_5b
BMY,2024Q4,2025-01-02,2028176674,2024-10-31,2024-10-24,1,52.3328,106140250872,large_5b_plus
BODI,2024Q4,2025-01-02,,,,,6.16,,unknown
BSX,2024Q4,2025-01-02,1473827485,2024-11-01,2024-10-29,1,89.38,131730700609,large_5b_plus
GILD,2024Q4,2025-01-02,1246265857,2024-11-12,2024-10-31,1,87.7848,109403243148,large_5b_plus
GSK,2024Q4,2025-01-02,4312145983,2024-03-05,2023-12-31,1,31.7095,136735978210,large_5b_plus
GUTS,2024Q4,2025-01-02,48098944,2024-11-12,2024-11-01,1,2.13,102450751,below_5b
HUM,2024Q4,2025-01-02,120411343,2024-10-30,2024-09-30,1,247.3024,29778009524,large_5b_plus
INCY,2024Q4,2025-01-02,192650249,2024-10-29,2024-10-22,1,69.53,13394971813,large_5b_plus
INGR,2024Q4,2025-01-02,65157632,2024-11-08,2024-11-06,1,130.9203,8530454424,large_5b_plus
IONS,2024Q4,2025-01-02,157897287,2024-11-06,2024-10-31,1,34.69,5477456886,large_5b_plus
ISRG,2024Q4,2025-01-02,356179445,2024-10-18,2024-10-15,1,524.03,186648714563,large_5b_plus
JNJ,2024Q4,2025-01-02,2407622972,2024-10-23,2024-10-16,1,137.5467,331160693525,large_5b_plus
LEXX,2024Q4,2025-01-02,17452594,2024-11-26,2024-11-25,1,34.5,602114493,below_5b
LLY,2024Q4,2025-01-02,949315694,2024-10-30,2024-10-25,1,768.6357,729677945545,large_5b_plus
MDT,2024Q4,2025-01-02,1282285681,2024-11-26,2024-11-20,1,75.8459,97256102816,large_5b_plus
MED,2024Q4,2025-01-02,10937830,2024-11-04,2024-10-28,1,17.29,189115081,below_5b
MRK,2024Q4,2025-01-02,2529635645,2024-11-06,2024-10-31,1,93.6327,236856696584,large_5b_plus
NVO,2024Q4,2025-01-02,,,,,81.3371,,unknown
NVS,2024Q4,2025-01-02,2044033986,2024-01-31,2023-12-31,1,90.9104,185823885583,large_5b_plus
OPK,2024Q4,2025-01-02,682483029,2024-11-07,2024-11-01,1,1.45,989600392,below_5b
PFE,2024Q4,2025-01-02,5666990035,2024-11-04,2024-10-30,1,23.5842,133651448012,large_5b_plus
REGN,2024Q4,2025-01-02,93955110,2012-07-25,2012-07-13,1,708.6196,66578431134,large_5b_plus
RMD,2024Q4,2025-01-02,146795746,2024-10-25,2024-10-21,1,224.5942,32969466439,large_5b_plus
RYTM,2024Q4,2025-01-02,61457069,2024-11-06,2024-11-03,1,60.07,3691726135,below_5b
SKYE,2024Q4,2025-01-02,30338290,2024-11-07,2024-11-06,1,22.8,691713012,below_5b
SNY,2024Q4,2025-01-02,1264799969,2024-02-23,2023-12-31,1,43.7022,55274520048,large_5b_plus
TAK,2024Q4,2025-01-02,1557765596,2020-06-24,2020-03-31,1,12.4682,19422527789,large_5b_plus
UNH,2024Q4,2025-01-02,920284334,2024-11-04,2024-10-31,1,482.7745,444289765731,large_5b_plus
VANI,2024Q4,2025-01-02,59234689,2024-11-13,2024-11-12,1,1.2,71081627,below_5b
VERU,2024Q4,2025-01-02,146383920,2024-12-16,2024-12-12,1,6.518,954130391,below_5b
VTVT,2024Q4,2025-01-02,,,,,13.5723,,unknown
WW,2024Q4,2025-01-02,79863592,2024-11-06,2024-10-30,1,1.43,114204937,below_5b
AARD,2025Q1,2025-04-01,,,,,8.29,,unknown
ABT,2025Q1,2025-04-01,1734323411,2025-02-21,2025-01-31,1,127.5437,221202071719,large_5b_plus
ALT,2025Q1,2025-04-01,77013658,2025-02-27,2025-02-24,1,4.745,365429807,below_5b
AMGN,2025Q1,2025-04-01,537204943,2025-02-14,2025-02-11,1,293.7052,157779867818,large_5b_plus
ARWR,2025Q1,2025-04-01,126098111,2025-02-10,2025-02-03,1,12.205,1539027445,below_5b
AZN,2025Q1,2025-04-01,,,,,140.305,,unknown
BAX,2025Q1,2025-04-01,511624996,2025-02-21,2025-02-13,1,33.535,17157337356,large_5b_plus
BIOA,2025Q1,2025-04-01,35850037,2025-03-20,2025-03-17,1,3.58,128343132,below_5b
BMY,2025Q1,2025-04-01,2029312023,2025-02-12,2025-02-06,1,55.4777,112581484133,large_5b_plus
BODI,2025Q1,2025-04-01,,,,,7.25,,unknown
BSX,2025Q1,2025-04-01,1475778104,2025-02-18,2025-01-31,1,101.24,149407775249,large_5b_plus
GILD,2025Q1,2025-04-01,1245346062,2025-02-28,2025-02-21,1,107.0739,133344019105,large_5b_plus
GSK,2025Q1,2025-04-01,4314303734,2025-03-03,2024-12-31,1,35.7576,154269029703,large_5b_plus
GUTS,2025Q1,2025-04-01,48920221,2025-03-03,2025-02-21,1,1.11,54301445,below_5b
HUM,2025Q1,2025-04-01,120644737,2025-02-20,2025-01-31,1,260.0033,31368024250,large_5b_plus
INCY,2025Q1,2025-04-01,193524350,2025-02-10,2025-02-03,1,60.91,11787568158,large_5b_plus
INGR,2025Q1,2025-04-01,64185927,2025-02-20,2025-02-14,1,131.1696,8419244717,large_5b_plus
IONS,2025Q1,2025-04-01,158964772,2025-02-19,2025-02-13,1,27.26,4333379685,below_5b
ISRG,2025Q1,2025-04-01,356656964,2025-01-31,2025-01-27,1,496.36,177030250651,large_5b_plus
JNJ,2025Q1,2025-04-01,2407616693,2025-02-13,2025-02-06,1,147.5329,355202555716,large_5b_plus
LEXX,2025Q1,2025-04-01,17552594,2025-01-10,2025-01-10,1,24.6,431793812,below_5b
LLY,2025Q1,2025-04-01,948169999,2025-02-19,2025-02-14,1,796.8797,755577408368,large_5b_plus
MDT,2025Q1,2025-04-01,1282543505,2025-02-25,2025-02-19,1,84.3333,108161109133,large_5b_plus
MED,2025Q1,2025-04-01,10937830,2025-02-18,2025-02-11,1,13.14,143723086,below_5b
MRK,2025Q1,2025-04-01,2526036240,2025-02-25,2025-01-31,1,82.9584,209556045861,large_5b_plus
NVO,2025Q1,2025-04-01,,,,,64.2248,,unknown
NVS,2025Q1,2025-04-01,1975089248,2025-01-31,2024-12-31,1,106.3519,210054475855,large_5b_plus
OPK,2025Q1,2025-04-01,671550270,2025-03-21,2025-01-31,1,1.66,1114773448,below_5b
PFE,2025Q1,2025-04-01,5667340414,2025-02-27,2025-02-20,1,22.108,125293818050,large_5b_plus
RANI,2025Q1,2025-04-01,,,,,1.23,,unknown
REGN,2025Q1,2025-04-01,93955110,2012-07-25,2012-07-13,1,612.1046,57510352978,large_5b_plus
RMD,2025Q1,2025-04-01,146866912,2025-01-31,2025-01-27,1,219.0029,32164275406,large_5b_plus
RYTM,2025Q1,2025-04-01,63223727,2025-02-28,2025-02-24,1,50.0,3161186350,below_5b
SKYE,2025Q1,2025-04-01,30974558,2025-03-20,2025-03-19,1,11.2,346915050,below_5b
SNY,2025Q1,2025-04-01,1263122721,2025-02-13,2024-12-31,1,49.2794,62245991493,large_5b_plus
TAK,2025Q1,2025-04-01,1557765596,2020-06-24,2020-03-31,1,14.3405,22339122958,large_5b_plus
UNH,2025Q1,2025-04-01,914712333,2025-02-27,2025-01-31,1,502.7717,459891505371,large_5b_plus
VANI,2025Q1,2025-04-01,59242903,2025-03-31,2025-03-28,1,1.02,60427761,below_5b
VERU,2025Q1,2025-04-01,146383920,2025-02-13,2025-02-10,1,6.398,936564320,below_5b
VNDA,2025Q1,2025-04-01,58316044,2025-02-14,2025-02-07,1,4.5,262422198,below_5b
VTVT,2025Q1,2025-04-01,,,,,16.4,,unknown
WW,2025Q1,2025-04-01,80127091,2025-02-28,2025-02-03,1,0.5467,43805481,below_5b
AARD,2025Q2,2025-07-01,21695920,2025-05-14,2025-05-01,1,13.56,294196675,below_5b
ABT,2025Q2,2025-07-01,1739836465,2025-04-30,2025-03-31,1,132.5867,230679205093,large_5b_plus
ALT,2025Q2,2025-07-01,81106973,2025-05-13,2025-05-09,1,4.23,343082496,below_5b
AMGN,2025Q2,2025-07-01,537706118,2025-05-02,2025-04-28,1,280.4402,150794426360,large_5b_plus
ARWR,2025Q2,2025-07-01,138100435,2025-05-12,2025-05-01,1,16.09,2222035999,below_5b
AZN,2025Q2,2025-07-01,,,,,138.1019,,unknown
BAX,2025Q2,2025-07-01,513174623,2025-05-06,2025-04-30,1,30.9563,15886013231,large_5b_plus
BIOA,2025Q2,2025-07-01,35850037,2025-05-06,2025-05-02,1,4.13,148060653,below_5b
BMY,2025Q2,2025-07-01,2035080810,2025-04-24,2025-04-17,1,44.7573,91084629529,large_5b_plus
BODI,2025Q2,2025-07-01,,,,,4.11,,unknown
BSX,2025Q2,2025-07-01,1479446345,2025-05-01,2025-04-29,1,104.78,155016388029,large_5b_plus
GILD,2025Q2,2025-07-01,1243929121,2025-05-07,2025-04-30,1,108.2791,134691517637,large_5b_plus
GSK,2025Q2,2025-07-01,4314303734,2025-03-03,2024-12-31,1,37.1966,160477356934,large_5b_plus
GUTS,2025Q2,2025-07-01,48976636,2025-05-13,2025-05-02,1,1.58,77383085,below_5b
HUM,2025Q2,2025-07-01,120693475,2025-04-30,2025-03-31,1,248.9684,30048865778,large_5b_plus
INCY,2025Q2,2025-07-01,193569934,2025-04-29,2025-04-22,1,68.73,13304061564,large_5b_plus
INGR,2025Q2,2025-07-01,64311010,2025-05-09,2025-05-07,1,132.829,8542369381,large_5b_plus
IONS,2025Q2,2025-07-01,159159099,2025-04-30,2025-04-24,1,39.94,6356814414,large_5b_plus
ISRG,2025Q2,2025-07-01,358418255,2025-04-23,2025-04-15,1,537.99,192825437007,large_5b_plus
JNJ,2025Q2,2025-07-01,2406073279,2025-04-23,2025-04-18,1,151.3766,364223073830,large_5b_plus
LEXX,2025Q2,2025-07-01,17559179,2025-04-14,2025-04-14,1,12.75,223879532,below_5b
LLY,2025Q2,2025-07-01,947735651,2025-05-01,2025-04-28,1,769.3746,729163701097,large_5b_plus
MDT,2025Q2,2025-07-01,1281264703,2025-06-20,2025-06-17,1,85.2792,109265224729,large_5b_plus
MED,2025Q2,2025-07-01,10991021,2025-04-28,2025-04-21,1,14.67,161238278,below_5b
MRK,2025Q2,2025-07-01,2511031253,2025-05-02,2025-04-30,1,78.6815,197571710790,large_5b_plus
NVO,2025Q2,2025-07-01,,,,,65.9147,,unknown
NVS,2025Q2,2025-07-01,1975089248,2025-01-31,2024-12-31,1,119.4409,235906449938,large_5b_plus
OMDA,2025Q2,2025-07-01,,,,,18.25,,unknown
OPK,2025Q2,2025-07-01,793052803,2025-05-01,2025-04-15,1,1.33,1054760228,below_5b
PFE,2025Q2,2025-07-01,5685365587,2025-05-05,2025-04-30,1,22.9939,130728553016,large_5b_plus
RANI,2025Q2,2025-07-01,,,,,0.5135,,unknown
REGN,2025Q2,2025-07-01,93955110,2012-07-25,2012-07-13,1,531.4255,49930139956,large_5b_plus
RMD,2025Q2,2025-07-01,146627399,2025-04-24,2025-04-21,1,253.0096,37098140669,large_5b_plus
RYTM,2025Q2,2025-07-01,63621472,2025-05-07,2025-04-30,1,65.44,4163389128,below_5b
SKYE,2025Q2,2025-07-01,30984358,2025-05-08,2025-05-06,1,29.92,927051991,below_5b
SNY,2025Q2,2025-07-01,1263122721,2025-02-13,2024-12-31,1,46.4541,58677181624,large_5b_plus
TAK,2025Q2,2025-07-01,1557765596,2020-06-24,2020-03-31,1,14.7928,23043779857,large_5b_plus
UNH,2025Q2,2025-07-01,907140441,2025-05-07,2025-04-30,1,315.7055,286389189667,large_5b_plus
VANI,2025Q2,2025-07-01,59243903,2025-05-13,2025-05-12,1,1.26,74647318,below_5b
VERU,2025Q2,2025-07-01,146583920,2025-05-08,2025-05-05,1,5.9,864845128,below_5b
VNDA,2025Q2,2025-07-01,58934482,2025-05-08,2025-05-01,1,4.68,275813376,below_5b
VTVT,2025Q2,2025-07-01,,,,,14.67,,unknown
WW,2025Q2,2025-07-07,80280308,2025-05-06,2025-04-29,1,40.0,3211212320,below_5b
AARD,2025Q3,2025-10-01,21696893,2025-08-13,2025-08-01,1,14.71,319161296,below_5b
ABT,2025Q3,2025-10-01,1740459014,2025-07-30,2025-06-30,1,130.4547,227051005000,large_5b_plus
ALT,2025Q3,2025-10-01,88257253,2025-08-12,2025-08-08,1,3.87,341555569,below_5b
AMGN,2025Q3,2025-10-01,538361851,2025-08-06,2025-07-31,1,290.4782,156382365121,large_5b_plus
ARWR,2025Q3,2025-10-01,138257550,2025-08-07,2025-08-01,1,35.01,4840396826,below_5b
AZN,2025Q3,2025-10-01,,,,,164.1737,,unknown
BAX,2025Q3,2025-10-01,513621061,2025-08-05,2025-07-31,1,23.3147,11974943147,large_5b_plus
BIOA,2025Q3,2025-10-01,35850037,2025-08-06,2025-08-01,1,5.92,212232219,below_5b
BMY,2025Q3,2025-10-01,2035435838,2025-07-31,2025-07-24,1,45.2723,92148892978,large_5b_plus
BODI,2025Q3,2025-10-01,,,,,5.7,,unknown
BSX,2025Q3,2025-10-01,1481751634,2025-08-01,2025-07-29,1,95.85,142025894119,large_5b_plus
GILD,2025Q3,2025-10-01,1240806916,2025-08-07,2025-07-31,1,108.4732,134594236449,large_5b_plus
GSK,2025Q3,2025-10-01,4314303734,2025-03-03,2024-12-31,1,43.934,189544612098,large_5b_plus
GUTS,2025Q3,2025-10-01,50289014,2025-08-12,2025-08-01,1,1.47,73924851,below_5b
HUM,2025Q3,2025-10-01,120271819,2025-07-30,2025-06-30,1,244.0859,29356651418,large_5b_plus
INCY,2025Q3,2025-10-01,195276145,2025-07-29,2025-07-22,1,86.7,16930441772,large_5b_plus
INGR,2025Q3,2025-10-01,64180890,2025-08-11,2025-08-07,1,118.8358,7626987075,large_5b_plus
IONS,2025Q3,2025-10-01,159391229,2025-07-30,2025-07-24,1,65.8,10487942868,large_5b_plus
ISRG,2025Q3,2025-10-01,358476506,2025-07-23,2025-07-17,1,438.04,157027048688,large_5b_plus
JNJ,2025Q3,2025-10-01,2408338872,2025-07-24,2025-07-18,1,181.9591,438219072979,large_5b_plus
LEXX,2025Q3,2025-10-01,19559179,2025-07-14,2025-07-11,1,14.6295,286141009,below_5b
LLY,2025Q3,2025-10-01,946456759,2025-08-07,2025-08-04,1,820.2289,776311182637,large_5b_plus
MBX,2025Q3,2025-10-01,33593866,2025-08-07,2025-08-04,1,17.9,601330201,below_5b
MDT,2025Q3,2025-10-01,1282685882,2025-08-26,2025-08-20,1,91.7887,117736082630,large_5b_plus
MED,2025Q3,2025-10-01,10991064,2025-08-04,2025-07-28,1,13.57,149148738,below_5b
MRK,2025Q3,2025-10-01,2497783211,2025-08-05,2025-07-31,1,87.55,218680810693,large_5b_plus
NVO,2025Q3,2025-10-01,,,,,56.4682,,unknown
NVS,2025Q3,2025-10-01,1975089248,2025-01-31,2024-12-31,1,127.8047,252425650576,large_5b_plus
OMDA,2025Q3,2025-10-01,57574921,2025-08-08,2025-08-05,1,22.425,1291117603,below_5b
OPK,2025Q3,2025-10-01,793782780,2025-07-31,2025-07-21,1,1.55,1230363309,below_5b
PFE,2025Q3,2025-10-01,5685550500,2025-08-05,2025-07-30,1,25.42,144526455513,large_5b_plus
RANI,2025Q3,2025-10-01,,,,,0.509,,unknown
REGN,2025Q3,2025-10-01,93955110,2012-07-25,2012-07-13,1,596.9458,56086107090,large_5b_plus
RMD,2025Q3,2025-10-01,146414839,2025-08-08,2025-08-04,1,267.9781,39235967455,large_5b_plus
RYTM,2025Q3,2025-10-01,66420091,2025-08-05,2025-08-01,1,100.01,6642673301,large_5b_plus
SKYE,2025Q3,2025-10-01,30988420,2025-08-07,2025-08-05,1,34.08,1056085354,below_5b
SNY,2025Q3,2025-10-01,1263122721,2025-02-13,2024-12-31,1,47.1265,59526535323,large_5b_plus
TAK,2025Q3,2025-10-01,1557765596,2020-06-24,2020-03-31,1,14.4987,22585519642,large_5b_plus
UNH,2025Q3,2025-10-01,905673625,2025-08-11,2025-07-31,1,339.2983,307293508227,large_5b_plus
VANI,2025Q3,2025-10-01,59243903,2025-08-13,2025-08-12,1,1.44,85311220,below_5b
VERU,2025Q3,2025-10-01,14650392,2025-08-12,2025-08-07,1,3.89,56990025,below_5b
VNDA,2025Q3,2025-10-01,59089130,2025-07-31,2025-07-24,1,5.1,301354563,below_5b
VTVT,2025Q3,2025-10-01,,,,,24.0,,unknown
WW,2025Q3,2025-10-01,9986928,2025-08-11,2025-07-29,1,25.92,258861174,below_5b
AARD,2025Q4,2026-01-02,21773272,2025-11-13,2025-11-03,1,13.19,287189458,below_5b
ABBV,2025Q4,2026-01-02,1767384632,2025-11-04,2025-10-27,1,224.0139,395918691998,large_5b_plus
ABT,2025Q4,2026-01-02,1738871947,2025-10-29,2025-09-30,1,121.9376,212033802489,large_5b_plus
ALT,2025Q4,2026-01-02,104254173,2025-11-06,2025-10-31,1,3.51,365932147,below_5b
AMGN,2025Q4,2026-01-02,538480671,2025-11-05,2025-10-30,1,321.0832,172897085297,large_5b_plus
ARWR,2025Q4,2026-01-02,135809558,2025-11-25,2025-11-19,1,67.79,9206529937,large_5b_plus
AZN,2025Q4,2026-01-02,,,,,178.2051,,unknown
BAX,2025Q4,2026-01-02,514055805,2025-11-04,2025-10-31,1,19.4726,10010006577,large_5b_plus
BIOA,2025Q4,2026-01-02,35855037,2025-11-06,2025-10-31,1,12.83,460020125,below_5b
BMEA,2025Q4,2026-01-02,70703639,2025-11-04,2025-10-31,1,1.34,94742876,below_5b
BMY,2025Q4,2026-01-02,2035753027,2025-10-30,2025-10-23,1,52.3336,106538352364,large_5b_plus
BODI,2025Q4,2026-01-02,,,,,9.42,,unknown
BSX,2025Q4,2026-01-02,1482442039,2025-11-03,2025-10-30,1,94.71,140402085514,large_5b_plus
CRBP,2025Q4,2026-01-02,17553037,2025-11-12,2025-11-07,1,7.87,138142401,below_5b
GILD,2025Q4,2026-01-02,1240679623,2025-11-07,2025-10-31,1,119.4542,148204355492,large_5b_plus
GSK,2025Q4,2026-01-02,4314303734,2025-03-03,2024-12-31,1,48.3349,208531338259,large_5b_plus
GUTS,2025Q4,2026-01-02,137044440,2025-11-12,2025-10-31,1,2.25,308349990,below_5b
HUM,2025Q4,2026-01-02,120273068,2025-11-05,2025-09-30,1,262.4977,31571405928,large_5b_plus
INCY,2025Q4,2026-01-02,196322703,2025-10-28,2025-10-21,1,101.42,19911048538,large_5b_plus
INGR,2025Q4,2026-01-02,63530137,2025-11-07,2025-11-05,1,108.0601,6865071234,large_5b_plus
IONS,2025Q4,2026-01-02,161974393,2025-10-29,2025-10-23,1,79.67,12904499890,large_5b_plus
ISRG,2025Q4,2026-01-02,354496073,2025-10-22,2025-10-16,1,561.98,199219703105,large_5b_plus
JNJ,2025Q4,2026-01-02,2409295102,2025-10-22,2025-10-17,1,204.0663,491655945896,large_5b_plus
LEXX,2025Q4,2026-01-02,22225846,2025-11-28,2025-11-25,1,9.81,218035549,below_5b
LLY,2025Q4,2026-01-02,945383757,2025-10-30,2025-10-27,1,1075.1362,1016416308885,large_5b_plus
MBX,2025Q4,2026-01-02,44902302,2025-11-06,2025-11-03,1,30.55,1371765326,below_5b
MDT,2025Q4,2026-01-02,1282014208,2025-11-25,2025-11-19,1,93.6732,120090402506,large_5b_plus
MED,2025Q4,2026-01-02,10991273,2025-11-03,2025-10-27,1,10.4,114309239,below_5b
MRK,2025Q4,2026-01-02,2482022536,2025-11-05,2025-10-31,1,104.2794,258823888924,large_5b_plus
NVO,2025Q4,2026-01-02,,,,,49.9978,,unknown
NVS,2025Q4,2026-01-02,1975089248,2025-01-31,2024-12-31,1,134.422,265495366161,large_5b_plus
OMDA,2025Q4,2026-01-02,57908047,2025-11-07,2025-11-05,1,14.9,862829900,below_5b
OPK,2025Q4,2026-01-02,767701280,2025-10-29,2025-10-17,1,1.27,974980626,below_5b
PFE,2025Q4,2026-01-02,5685707552,2025-11-04,2025-10-29,1,23.9375,136101900450,large_5b_plus
PTN,2025Q4,2026-01-02,1702675,2025-11-14,2025-11-12,1,16.05,27327934,below_5b
RANI,2025Q4,2026-01-02,,,,,1.36,,unknown
REGN,2025Q4,2026-01-02,93955110,2012-07-25,2012-07-13,1,773.3579,72660922927,large_5b_plus
RMD,2025Q4,2026-01-02,145966294,2025-10-31,2025-10-27,1,242.7906,35439250000,large_5b_plus
RYTM,2025Q4,2026-01-02,66736056,2025-11-04,2025-10-31,1,105.01,7007953241,large_5b_plus
SKYE,2025Q4,2026-01-02,32057461,2025-11-10,2025-11-07,1,7.0256,225222898,below_5b
SNY,2025Q4,2026-01-02,1263122721,2025-02-13,2024-12-31,1,45.6775,57696237915,large_5b_plus
TAK,2025Q4,2026-01-02,1557765596,2020-06-24,2020-03-31,1,15.3643,23933908875,large_5b_plus
UNH,2025Q4,2026-01-02,905838620,2025-10-28,2025-10-24,1,329.9437,298875781970,large_5b_plus
VANI,2025Q4,2026-01-02,72952235,2025-11-13,2025-11-12,1,1.27,92649338,below_5b
VERU,2025Q4,2026-01-02,16050320,2025-12-17,2025-12-12,1,2.27,36434226,below_5b
VNDA,2025Q4,2026-01-02,59096630,2025-10-30,2025-10-23,1,8.25,487547198,below_5b
VTVT,2025Q4,2026-01-02,,,,,39.6,,unknown
WW,2025Q4,2026-01-02,9986928,2025-11-06,2025-10-30,1,31.44,313989016,below_5b
AARD,2026Q1,2026-04-01,21816041,2026-03-23,2026-02-28,1,4.09,89227608,below_5b
ABBV,2026Q1,2026-04-01,1768169012,2026-02-20,2026-02-10,1,211.7099,374338809051,large_5b_plus
ABT,2026Q1,2026-04-01,1737682887,2026-02-20,2026-01-31,1,101.0358,175568171237,large_5b_plus
ACIU,2026Q1,2026-04-01,101742231,2026-03-13,2025-12-31,1,2.79,283860824,below_5b
ALNY,2026Q1,2026-04-01,132623144,2026-02-12,2026-02-06,1,328.73,43597206127,large_5b_plus
ALT,2026Q1,2026-04-01,130069983,2026-03-06,2026-02-27,1,3.12,405818347,below_5b
AMGN,2026Q1,2026-04-01,539067675,2026-02-13,2026-02-10,1,348.5732,187904548905,large_5b_plus
ARWR,2026Q1,2026-04-01,140032190,2026-02-05,2026-01-30,1,62.92,8810825395,large_5b_plus
AZN,2026Q1,2026-04-01,,,,,199.4088,,unknown
BAX,2026Q1,2026-04-01,514490045,2026-02-12,2026-02-05,1,16.7647,8625247515,large_5b_plus
BIOA,2026Q1,2026-04-01,44379753,2026-03-24,2026-03-19,1,17.73,786853021,below_5b
BMEA,2026Q1,2026-04-01,72299440,2026-03-24,2026-03-20,1,1.49,107726166,below_5b
BMY,2026Q1,2026-04-01,2036473705,2026-02-11,2026-02-04,1,60.4294,123062863477,large_5b_plus
BODI,2026Q1,2026-04-01,,,,,11.52,,unknown
BSX,2026Q1,2026-04-01,1483885456,2026-02-17,2026-01-30,1,62.0,92000898272,large_5b_plus
CRBP,2026Q1,2026-04-01,17736464,2026-03-09,2026-03-06,1,9.98,177009911,below_5b
GILD,2026Q1,2026-04-01,1241420528,2026-02-24,2026-02-13,1,138.6037,172065419011,large_5b_plus
GSK,2026Q1,2026-04-01,4315445026,2026-03-06,2025-12-31,1,54.9738,237236377198,large_5b_plus
GUTS,2026Q1,2026-04-01,158648963,2026-03-24,2026-03-01,1,0.4647,73724173,below_5b
HUM,2026Q1,2026-04-01,120595967,2026-02-19,2026-01-31,1,176.543,21290368262,large_5b_plus
IBIO,2026Q1,2026-04-01,34543561,2026-02-10,2026-02-09,1,1.95,67359944,below_5b
INCY,2026Q1,2026-04-01,199014486,2026-02-10,2026-02-03,1,94.3,18767066030,large_5b_plus
INGR,2026Q1,2026-04-01,62945041,2026-02-17,2026-02-12,1,110.314,6943718626,large_5b_plus
IONS,2026Q1,2026-04-01,165192011,2026-02-26,2026-02-19,1,75.13,12410875786,large_5b_plus
ISRG,2026Q1,2026-04-01,355130237,2026-02-03,2026-01-28,1,464.45,164940238575,large_5b_plus
JNJ,2026Q1,2026-04-01,2409898936,2026-02-11,2026-02-06,1,241.5222,582044062359,large_5b_plus
LEXX,2026Q1,2026-04-01,24887446,2026-01-13,2026-01-13,1,12.9915,323325255,below_5b
LLY,2026Q1,2026-04-01,943357420,2026-02-12,2026-02-09,1,951.4848,897590250598,large_5b_plus
MBX,2026Q1,2026-04-01,47510243,2026-03-12,2026-03-06,1,32.29,1534105746,below_5b
MDT,2026Q1,2026-04-01,1283884964,2026-02-24,2026-02-18,1,84.6143,108634997236,large_5b_plus
MED,2026Q1,2026-04-01,10991273,2026-02-17,2026-02-10,1,10.1,111011857,below_5b
MRK,2026Q1,2026-04-01,2472392003,2026-02-24,2026-01-31,1,119.2477,294827063168,large_5b_plus
NVO,2026Q1,2026-04-01,,,,,36.0152,,unknown
NVS,2026Q1,2026-04-01,1908151679,2026-02-04,2025-12-31,1,155.08,295916162379,large_5b_plus
OMDA,2026Q1,2026-04-01,58925439,2026-03-06,2026-03-03,1,12.61,743049786,below_5b
OPK,2026Q1,2026-04-01,759067256,2026-02-26,2026-01-30,1,1.13,857745999,below_5b
PFE,2026Q1,2026-04-01,5686267431,2026-02-26,2026-02-19,1,27.5963,156919731859,large_5b_plus
PTN,2026Q1,2026-04-01,1772199,2026-02-17,2026-02-13,1,17.2,30481823,below_5b
RANI,2026Q1,2026-04-01,,,,,0.8054,,unknown
REGN,2026Q1,2026-04-01,93955110,2012-07-25,2012-07-13,1,775.2278,72836613742,large_5b_plus
RMD,2026Q1,2026-04-01,145678401,2026-01-30,2026-01-26,1,221.5514,32275257606,large_5b_plus
RYTM,2026Q1,2026-04-01,68285039,2026-02-26,2026-02-24,1,88.12,6017277637,large_5b_plus
SKYE,2026Q1,2026-04-01,33378764,2026-03-10,2026-03-09,1,5.3192,177548321,below_5b
SNY,2026Q1,2026-04-01,1219427096,2026-02-17,2025-12-31,1,45.2039,55122887864,large_5b_plus
TAK,2026Q1,2026-04-01,1557765596,2020-06-24,2020-03-31,1,18.77,29239260237,large_5b_plus
UNH,2026Q1,2026-04-01,907675839,2026-03-02,2026-02-20,1,270.8042,245802472484,large_5b_plus
VANI,2026Q1,2026-04-01,84647803,2026-03-26,2026-03-25,1,1.0,84647803,below_5b
VERU,2026Q1,2026-04-01,16050320,2026-02-11,2026-02-06,1,2.27,36434226,below_5b
VNDA,2026Q1,2026-04-01,59108030,2026-02-12,2026-02-05,1,7.07,417893772,below_5b
VTVT,2026Q1,2026-04-01,,,,,40.53,,unknown
WW,2026Q1,2026-04-01,9996468,2026-03-16,2026-02-25,1,14.06,140550340,below_5b
AARD,2026Q2,2026-07-01,21816385,2026-05-07,2026-04-30,1,5.62,122608084,below_5b
ABBV,2026Q2,2026-07-01,1766792821,2026-05-08,2026-04-28,1,249.2933,440449553315,large_5b_plus
ABT,2026Q2,2026-07-01,1741812429,2026-04-29,2026-03-31,1,91.534,159435097626,large_5b_plus
ACIU,2026Q2,2026-07-01,101742231,2026-03-13,2025-12-31,1,2.38,242146510,below_5b
ALNY,2026Q2,2026-07-01,132623144,2026-02-12,2026-02-06,1,301.67,40008423850,large_5b_plus
ALT,2026Q2,2026-07-01,194474154,2026-05-13,2026-05-08,1,3.15,612593585,below_5b
AMGN,2026Q2,2026-07-01,539708274,2026-05-01,2026-04-27,1,359.2692,193900575566,large_5b_plus
ARWR,2026Q2,2026-07-01,140857021,2026-05-07,2026-05-01,1,80.44,11330538769,large_5b_plus
AZN,2026Q2,2026-07-01,,,,,182.6498,,unknown
BAX,2026Q2,2026-07-01,516469008,2026-04-30,2026-04-24,1,21.6817,11197927316,large_5b_plus
BIOA,2026Q2,2026-07-01,44452734,2026-05-08,2026-05-01,1,24.26,1078423327,below_5b
BMEA,2026Q2,2026-07-01,72299440,2026-05-11,2026-05-02,1,1.36,98327238,below_5b
BMY,2026Q2,2026-07-01,2042071247,2026-04-30,2026-04-21,1,55.8349,114018790906,large_5b_plus
BODI,2026Q2,2026-07-01,,,,,10.11,,unknown
BSX,2026Q2,2026-07-01,1486355179,2026-05-01,2026-04-29,1,43.06,64002454008,large_5b_plus
CRBP,2026Q2,2026-07-01,18527795,2026-05-12,2026-05-08,1,9.07,168047101,below_5b
GILD,2026Q2,2026-07-01,1241569874,2026-05-07,2026-04-30,1,125.2679,155528830160,large_5b_plus
GSK,2026Q2,2026-07-01,4315445026,2026-03-06,2025-12-31,1,50.8365,219382019466,large_5b_plus
GUTS,2026Q2,2026-07-01,158648963,2026-05-12,2026-05-01,1,0.7825,124142814,below_5b
HUM,2026Q2,2026-07-01,120061500,2026-04-29,2026-03-31,1,409.42,49155579330,large_5b_plus
IBIO,2026Q2,2026-07-01,49678561,2026-05-12,2026-05-12,1,1.75,86937482,below_5b
INCY,2026Q2,2026-07-01,199782155,2026-04-28,2026-04-21,1,113.81,22737207061,large_5b_plus
INGR,2026Q2,2026-07-01,63059061,2026-05-08,2026-05-05,1,95.62,6029707413,large_5b_plus
IONS,2026Q2,2026-07-01,165262556,2026-04-29,2026-04-23,1,79.19,13087141810,large_5b_plus
ISRG,2026Q2,2026-07-01,354162842,2026-04-22,2026-04-15,1,402.38,142508044364,large_5b_plus
JNJ,2026Q2,2026-07-01,2407216971,2026-04-22,2026-04-17,1,252.7401,608400210193,large_5b_plus
LEXX,2026Q2,2026-07-01,24787446,2026-04-13,2026-04-13,1,8.58,212676287,below_5b
LLY,2026Q2,2026-07-01,941741406,2026-04-30,2026-04-27,1,1189.9956,1120668112519,large_5b_plus
MBX,2026Q2,2026-07-01,47597536,2026-05-07,2026-05-04,1,55.92,2661654213,below_5b
MDT,2026Q2,2026-07-01,1280045190,2026-06-18,2026-06-12,1,78.5619,100562733738,large_5b_plus
MED,2026Q2,2026-07-01,11119115,2026-05-04,2026-04-27,1,11.03,122643838,below_5b
MRK,2026Q2,2026-07-01,2469824415,2026-05-04,2026-04-30,1,124.6332,307822227037,large_5b_plus
NVO,2026Q2,2026-07-01,,,,,48.1486,,unknown
NVS,2026Q2,2026-07-01,1908151679,2026-02-04,2025-12-31,1,154.14,294122499801,large_5b_plus
OMDA,2026Q2,2026-07-01,59448507,2026-05-08,2026-05-05,1,22.62,1344725228,below_5b
OPK,2026Q2,2026-07-01,755092256,2026-04-28,2026-04-17,1,1.53,1155291152,below_5b
PFE,2026Q2,2026-07-01,5699444169,2026-05-05,2026-04-29,1,23.4688,133758947320,large_5b_plus
PTN,2026Q2,2026-07-01,1779275,2026-05-13,2026-05-12,1,10.33,18379911,below_5b
RANI,2026Q2,2026-07-01,,,,,0.7684,,unknown
REGN,2026Q2,2026-07-01,93955110,2012-07-25,2012-07-13,1,623.9961,58627619482,large_5b_plus
RMD,2026Q2,2026-07-01,145056384,2026-05-01,2026-04-27,1,200.5207,29086802360,large_5b_plus
RYTM,2026Q2,2026-07-01,68532607,2026-05-05,2026-05-01,1,110.41,7566685139,large_5b_plus
SKYE,2026Q2,2026-07-01,35143722,2026-05-11,2026-05-08,1,5.4016,189832329,below_5b
SNY,2026Q2,2026-07-01,1219427096,2026-02-17,2025-12-31,1,41.63,50764750006,large_5b_plus
TAK,2026Q2,2026-07-01,1557765596,2020-06-24,2020-03-31,1,15.95,24846361256,large_5b_plus
UNH,2026Q2,2026-07-01,908144404,2026-05-05,2026-04-30,1,423.9755,385030956141,large_5b_plus
VANI,2026Q2,2026-07-01,86235104,2026-05-13,2026-05-12,1,1.23,106069178,below_5b
VERU,2026Q2,2026-07-01,16050320,2026-05-13,2026-05-08,1,3.16,50719011,below_5b
VNDA,2026Q2,2026-07-01,60135562,2026-05-07,2026-04-30,1,6.05,363820150,below_5b
VTVT,2026Q2,2026-07-01,,,,,35.05,,unknown
WW,2026Q2,2026-07-01,9998760,2026-05-07,2026-04-20,1,16.22,162179887,below_5b
