sponsor,agency_class,status,method,reason,ticker,sec_ticker,jaccard_candidates
AC Immune SA,INDUSTRY,listed,exact,,ACIU,,
"Aardvark Therapeutics, Inc.",INDUSTRY,listed,exact,,AARD,,
AbbVie,INDUSTRY,listed,alias,,ABBV,,
Abbott,INDUSTRY,listed,alias,,ABT,,
Abbott Diabetes Care,INDUSTRY,listed,alias,,ABT,,
Abbott Medical Devices,INDUSTRY,listed,alias,,ABT,,
"Aclaris Therapeutics, Inc.",INDUSTRY,listed,exact,,ACRS,,
Aligos Therapeutics,INDUSTRY,listed,exact,,ALGS,,
Alnylam Pharmaceuticals,INDUSTRY,listed,alias,,ALNY,,
"Altimmune, Inc.",INDUSTRY,listed,exact,,ALT,,
Amgen,INDUSTRY,listed,alias,,AMGN,,
Apnimed,INDUSTRY,listed,exact,,APMD,,
Apple Inc.,INDUSTRY,listed,exact,,AAPL,,
Arrowhead Pharmaceuticals,INDUSTRY,listed,exact,,ARWR,,
AstraZeneca,INDUSTRY,listed,alias,,AZN,,
Baxter Healthcare Corporation,INDUSTRY,listed,alias,,BAX,,
Beachbody,INDUSTRY,listed,exact,,BODI,,
"BioAge Labs, Inc.",INDUSTRY,listed,exact,,BIOA,,
BioMarin Pharmaceutical,INDUSTRY,listed,alias,,BMRN,,
Biogen,INDUSTRY,listed,alias,,BIIB,,
Biomea Fusion Inc.,INDUSTRY,listed,exact,,BMEA,,
Boston Scientific Corporation,INDUSTRY,listed,alias,,BSX,,
Bristol-Myers Squibb,INDUSTRY,listed,alias,,BMY,,
Can-Fite BioPharma,INDUSTRY,listed,exact,,CANF,,
Cognition Therapeutics,INDUSTRY,listed,exact,,CGTX,,
Corbus Pharmaceuticals Inc.,INDUSTRY,listed,exact,,CRBP,,
Corcept Therapeutics,INDUSTRY,listed,exact,,CORT,,
Eli Lilly and Company,INDUSTRY,listed,alias,,LLY,,
"Enanta Pharmaceuticals, Inc",INDUSTRY,listed,exact,,ENTA,,
Ethicon Endo-Surgery,INDUSTRY,listed,alias,,JNJ,,
"Ethicon, Inc.",INDUSTRY,listed,alias,,JNJ,,
Fractyl Health Inc.,INDUSTRY,listed,exact,,GUTS,,
Galectin Therapeutics Inc.,INDUSTRY,listed,exact,,GALT,,
Galmed Pharmaceuticals Ltd,INDUSTRY,listed,exact,,GLMD,,
Gilead Sciences,INDUSTRY,listed,alias,,GILD,,
GlaxoSmithKline,INDUSTRY,listed,alias,,GSK,,
Humana Inc.,INDUSTRY,listed,exact,,HUM,,
Immuron Ltd.,INDUSTRY,listed,exact,,IMRN,,
Incyte Corporation,INDUSTRY,listed,alias,,INCY,,
Ingredion Incorporated,INDUSTRY,listed,exact,,INGR,,
Intuitive Surgical,INDUSTRY,listed,exact,,ISRG,,
"Ionis Pharmaceuticals, Inc.",INDUSTRY,listed,alias,,IONS,,
"Janssen Research & Development, LLC",INDUSTRY,listed,alias,,JNJ,,
Johnson & Johnson Consumer and Personal Products Worldwide,INDUSTRY,listed,alias,,JNJ,,
"Johnson & Johnson Healthcare Products Division of McNEIL-PPC, Inc.",INDUSTRY,listed,alias,,JNJ,,
"Johnson & Johnson Pharmaceutical Research & Development, L.L.C.",INDUSTRY,listed,alias,,JNJ,,
Lexaria Bioscience Corp.,INDUSTRY,listed,exact,,LEXX,,
Lipocine Inc.,INDUSTRY,listed,exact,,LPCN,,
MBX Biosciences,INDUSTRY,listed,exact,,MBX,,
"Madrigal Pharmaceuticals, Inc.",INDUSTRY,listed,exact,,MDGL,,
MedImmune LLC,INDUSTRY,listed,alias,,AZN,,
MediciNova,INDUSTRY,listed,exact,,MNOV,,
"Medifast, Inc.",INDUSTRY,listed,exact,,MED,,
Medtronic Corporate Technologies and New Ventures,INDUSTRY,listed,alias,,MDT,,
Merck Sharp & Dohme LLC,INDUSTRY,listed,alias,,MRK,,
"Mirum Pharmaceuticals, Inc.",INDUSTRY,listed,exact,,MIRM,,
Novartis,INDUSTRY,listed,alias,,NVS,,
Novartis Pharmaceuticals,INDUSTRY,listed,alias,,NVS,,
Novo Nordisk A/S,INDUSTRY,listed,alias,,NVO,,
"OPKO Health, Inc.",INDUSTRY,listed,exact,,OPK,,
"Omada Health, Inc.",INDUSTRY,listed,exact,,OMDA,,
Organon and Co,INDUSTRY,listed,alias,,OGN,,
"Palatin Technologies, Inc",INDUSTRY,listed,exact,,PTN,,
Pfizer,INDUSTRY,listed,alias,,PFE,,
Prenetics Global,INDUSTRY,listed,exact,,PRE,,
RANI Therapeutics,INDUSTRY,listed,exact,,RANI,,
Regeneron Pharmaceuticals,INDUSTRY,listed,alias,,REGN,,
ResMed,INDUSTRY,listed,exact,,RMD,,
"Rhythm Pharmaceuticals, Inc.",INDUSTRY,listed,exact,,RYTM,,
Sagimet Biosciences Inc.,INDUSTRY,listed,exact,,SGMT,,
Sanofi,INDUSTRY,listed,alias,,SNY,,
"Skye Bioscience, Inc.",INDUSTRY,listed,exact,,SKYE,,
"Stiefel, a GSK Company",INDUSTRY,listed,alias,,GSK,,
Takeda,INDUSTRY,listed,alias,,TAK,,
"Teva Branded Pharmaceutical Products R&D, Inc.",INDUSTRY,listed,alias,,TEVA,,
Teva Pharmaceuticals USA,INDUSTRY,listed,alias,,TEVA,,
Tiziana Life Sciences LTD,INDUSTRY,listed,exact,,TLSA,,
UnitedHealth Group,INDUSTRY,listed,exact,,UNH,,
Vanda Pharmaceuticals,INDUSTRY,listed,exact,,VNDA,,
"Veradermics, Inc.",INDUSTRY,listed,exact,,MANE,,
Veru Inc.,INDUSTRY,listed,exact,,VERU,,
"Viking Therapeutics, Inc.",INDUSTRY,listed,exact,,VKTX,,
"Vivani Medical, Inc",INDUSTRY,listed,exact,,VANI,,
WW International Inc,INDUSTRY,listed,exact,,WW,,
Zimmer Biomet,INDUSTRY,listed,exact,,ZBH,,
"iBio, Inc.",INDUSTRY,listed,exact,,IBIO,,
vTv Therapeutics,INDUSTRY,listed,exact,,VTVT,,
3-C Institute for Social Development,INDUSTRY,unmatched,,대학·병원,,,
59th Medical Wing,FED,unmatched,,대학·병원,,,
: Manuel Alberto Guerrero Gutierrez,OTHER_GOV,unmatched,,대학·병원,,,
AAstrup,OTHER,unmatched,,대학·병원,,,
AGIR à Dom,OTHER,unmatched,,대학·병원,,,
ALI KAMAL M. SAMI,OTHER,unmatched,,대학·병원,,,
ASLAN Pharmaceuticals,OTHER,unmatched,,대학·병원,,,
AYSAN LEKTEMUR ALPAN,OTHER,unmatched,,대학·병원,,,
Aalborg University Hospital,OTHER,unmatched,,대학·병원,,,
Aarhus University Hospital,OTHER,unmatched,,대학·병원,,,
Aarhus University Hospital Skejby,OTHER,unmatched,,대학·병원,,,
Aaron Cypess,OTHER,unmatched,,대학·병원,,,
Abant Izzet Baysal University,OTHER,unmatched,,대학·병원,,,
Abdelrahman Mahmoud,OTHER,unmatched,,대학·병원,,,
Aberystwyth University,OTHER,unmatched,,대학·병원,,,
Abhimanyu Garg,OTHER,unmatched,,대학·병원,,,
Abington Memorial Hospital,OTHER,unmatched,,대학·병원,,,
"Able Biolabs, LLC",OTHER,unmatched,,대학·병원,,,
Abramson Cancer Center at Penn Medicine,OTHER,unmatched,,대학·병원,,,
"Academia Sinica, Taiwan",OTHER,unmatched,,대학·병원,,,
Academisch Medisch Centrum - Universiteit van Amsterdam (AMC-UvA),OTHER,unmatched,,대학·병원,,,
"Academy for Medical Development and Collaboration, New York",OTHER,unmatched,,대학·병원,,,
Access Business Group,INDUSTRY,unmatched,,대학·병원,,,
Acibadem University,OTHER,unmatched,,대학·병원,,,
Adaliene Versiani M. Ferreira,OTHER,unmatched,,대학·병원,,,
Adana City Training and Research Hospital,OTHER,unmatched,,대학·병원,,,
Addisalem Girma,OTHER,unmatched,,대학·병원,,,
Adem SÜMEN,OTHER,unmatched,,대학·병원,,,
Aderans Research Institute,INDUSTRY,unmatched,,대학·병원,,,
Adipositasnetzwerk Rhein-Neckar e.V.,OTHER,unmatched,,대학·병원,,,
Adrian Vella,OTHER,unmatched,,대학·병원,,,
Adriana Clemente Mendonça,OTHER,unmatched,,대학·병원,,,
Advanced Reconstructive Surgery Alliance,OTHER_GOV,unmatched,,대학·병원,,,
Advanced Specialty Care,OTHER,unmatched,,대학·병원,,,
AdventHealth,OTHER,unmatched,,대학·병원,,,
AdventHealth Translational Research Institute,OTHER,unmatched,,대학·병원,,,
Advice Pharma Group srl,INDUSTRY,unmatched,,대학·병원,,,
Advocate Hospital System,OTHER,unmatched,,대학·병원,,,
Affiliated Hospital of Nantong University,OTHER,unmatched,,대학·병원,,,
Aga Khan University,OTHER,unmatched,,대학·병원,,,
"Agah Bahadır Öztürk,MD",OTHER_GOV,unmatched,,대학·병원,,,
Agencia Lain Entralgo,OTHER_GOV,unmatched,,대학·병원,,,
Agnes GARTNER,OTHER_GOV,unmatched,,대학·병원,,,
Agricultural University of Athens,OTHER,unmatched,,대학·병원,,,
Agroscope Liebefeld-Posieux Research Station ALP,OTHER,unmatched,,대학·병원,,,
Agència de Qualitat i Avaluació Sanitàries,OTHER_GOV,unmatched,,대학·병원,,,
Ahi Evran University Education and Research Hospital,OTHER,unmatched,,대학·병원,,,
Ahlia University,OTHER,unmatched,,대학·병원,,,
Ahmed A. H. Abdellatif,OTHER,unmatched,,대학·병원,,,
Ahmet Murat Günal,OTHER,unmatched,,대학·병원,,,
Ahram Canadian University,OTHER,unmatched,,대학·병원,,,
Aikaterini Karaivazoglou,OTHER,unmatched,,대학·병원,,,
Ain Shams Maternity Hospital,OTHER,unmatched,,대학·병원,,,
Ain Shams University,OTHER,unmatched,,대학·병원,,,
Air Liquide Santé International,INDUSTRY,unmatched,,대학·병원,,,
Ajou University School of Medicine,OTHER,unmatched,,대학·병원,,,
Akdeniz University,OTHER,unmatched,,대학·병원,,,
Akhtar Saeed Medical and Dental College,OTHER,unmatched,,대학·병원,,,
Al-Azhar University,OTHER,unmatched,,대학·병원,,,
Al-Kindy College of Medicine,OTHER,unmatched,,대학·병원,,,
Al-Kindy Teaching Hospital,OTHER,unmatched,,대학·병원,,,
AlRefaey Kandeel,OTHER,unmatched,,대학·병원,,,
Alaa Hassan M. Elhawary,OTHER,unmatched,,대학·병원,,,
Alaa Mohamed Naguib Ashry,OTHER,unmatched,,대학·병원,,,
Alaa Noureldeen Kora,OTHER,unmatched,,대학·병원,,,
Alaa Sada,OTHER,unmatched,,대학·병원,,,
Alain Dagher,OTHER,unmatched,,대학·병원,,,
Alaska Native Tribal Health Consortium,OTHER,unmatched,,대학·병원,,,
Albany College of Pharmacy and Health Sciences,OTHER,unmatched,,대학·병원,,,
Albany Medical College,OTHER,unmatched,,대학·병원,,,
Albert Einstein College of Medicine,OTHER,unmatched,,대학·병원,,,
Albert Einstein Healthcare Network,OTHER,unmatched,,대학·병원,,,
Alberta Hip and Knee Clinic,OTHER,unmatched,,대학·병원,,,
Alborz Medical University,OTHER_GOV,unmatched,,대학·병원,,,
"Aldafter Medical Center, Bahrain",OTHER,unmatched,,대학·병원,,,
Alder Hey Children's NHS Foundation Trust,OTHER,unmatched,,대학·병원,,,
Aleris Hospital,OTHER,unmatched,,대학·병원,,,
Alev Sivasli,OTHER,unmatched,,대학·병원,,,
Alexa Craig,OTHER,unmatched,,대학·병원,,,
Alexandra Hospital,OTHER,unmatched,,대학·병원,,,
Alexandra Kautzky-Willer,OTHER,unmatched,,대학·병원,,,
Alexandria University,OTHER,unmatched,,대학·병원,,,
Alexandru Florin Rogobete,OTHER,unmatched,,대학·병원,,,
Ali Aminian,OTHER,unmatched,,대학·병원,,,
Ali Chappell,OTHER,unmatched,,대학·병원,,,
Ali Rezai,OTHER,unmatched,,대학·병원,,,
"Ali Rezai, MD",OTHER,unmatched,,대학·병원,,,
"All India Institute of Medical Sciences, Bhubaneswar",OTHER,unmatched,,대학·병원,,,
Allegheny Singer Research Institute (also known as Allegheny Health Network Research Institute),OTHER,unmatched,,대학·병원,,,
Alliance for Clinical Trials in Oncology,OTHER,unmatched,,대학·병원,,,
Amanda Harrist,OTHER,unmatched,,대학·병원,,,
Amanda Shallcross,OTHER,unmatched,,대학·병원,,,
Amasya University,OTHER,unmatched,,대학·병원,,,
American Heart Association,OTHER,unmatched,,대학·병원,,,
American University,OTHER,unmatched,,대학·병원,,,
American University of Beirut Medical Center,OTHER,unmatched,,대학·병원,,,
American University of Sharfah,OTHER,unmatched,,대학·병원,,,
Amir Firouzjaei,OTHER,unmatched,,대학·병원,,,
Amit.Pai,OTHER,unmatched,,대학·병원,,,
"Amsterdam UMC, location VUmc",OTHER,unmatched,,대학·병원,,,
"Amsterdam University Medical Centers (UMC), Location Academic Medical Center (AMC)",OTHER,unmatched,,대학·병원,,,
Amsterdam University of Applied Sciences,OTHER,unmatched,,대학·병원,,,
Amy Arnold,OTHER,unmatched,,대학·병원,,,
Ana Maria Linares,OTHER,unmatched,,대학·병원,,,
Ana Palanca,OTHER,unmatched,,대학·병원,,,
Ana R. Damaso,OTHER,unmatched,,대학·병원,,,
Anahuac University,OTHER,unmatched,,대학·병원,,,
Andalas University,OTHER,unmatched,,대학·병원,,,
"Anders Fink-Jensen, MD, DMSci",OTHER,unmatched,,대학·병원,,,
Andreia Vieira,OTHER,unmatched,,대학·병원,,,
Andrés Godoy Cumillaf,OTHER,unmatched,,대학·병원,,,
AnestesiaR,OTHER,unmatched,,대학·병원,,,
Anglia Ruskin University,OTHER,unmatched,,대학·병원,,,
Anhui Medical University,OTHER,unmatched,,대학·병원,,,
Anita Misra-Hebert,OTHER,unmatched,,대학·병원,,,
Ankara City Hospital Bilkent,OTHER,unmatched,,대학·병원,,,
Ankara Etlik City Hospital,OTHER_GOV,unmatched,,대학·병원,,,
Ankara Medipol University,OTHER,unmatched,,대학·병원,,,
Ankara Training and Research Hospital,OTHER,unmatched,,대학·병원,,,
Ankara University,OTHER,unmatched,,대학·병원,,,
Ankara Yildirim Beyazıt University,OTHER,unmatched,,대학·병원,,,
Ann & Robert H Lurie Children's Hospital of Chicago,OTHER,unmatched,,대학·병원,,,
Anna Brooke,OTHER,unmatched,,대학·병원,,,
Anna Cruceta,OTHER,unmatched,,대학·병원,,,
Anna Maria Storniolo,OTHER,unmatched,,대학·병원,,,
Anne Birgitte Raben,OTHER,unmatched,,대학·병원,,,
Anne Kathrine Staehr-Rye,OTHER,unmatched,,대학·병원,,,
Annesofie Faurschou,OTHER,unmatched,,대학·병원,,,
Anni Rahmawati,OTHER,unmatched,,대학·병원,,,
Antalya Training and Research Hospital,OTHER_GOV,unmatched,,대학·병원,,,
Anthony Hanley,OTHER,unmatched,,대학·병원,,,
Antonia New,OTHER,unmatched,,대학·병원,,,
Antonio Di Mauro,OTHER,unmatched,,대학·병원,,,
Antonios Likourezos,OTHER,unmatched,,대학·병원,,,
Appalachian State University,OTHER,unmatched,,대학·병원,,,
Applied Science & Performance Institute,INDUSTRY,unmatched,,대학·병원,,,
Applied Science Private University,OTHER,unmatched,,대학·병원,,,
Aragon Institute of Health Sciences,OTHER,unmatched,,대학·병원,,,
Ariel University,OTHER,unmatched,,대학·병원,,,
Aristotle University Of Thessaloniki,OTHER,unmatched,,대학·병원,,,
Arizona State University,OTHER,unmatched,,대학·병원,,,
Arkansas Children's Hospital Research Institute,OTHER,unmatched,,대학·병원,,,
Arkansas Colleges of Health Education,OTHER,unmatched,,대학·병원,,,
"Armed Police Force Hospital, Nepal",OTHER_GOV,unmatched,,대학·병원,,,
Arne Astrup,OTHER,unmatched,,대학·병원,,,
Arno Schmidt-Trucksäss,OTHER,unmatched,,대학·병원,,,
Arthur Carlin,OTHER,unmatched,,대학·병원,,,
Arya Habibi,OTHER,unmatched,,대학·병원,,,
Ascension St. Vincent Carmel Hospital,OTHER,unmatched,,대학·병원,,,
Asfendiyarov Kazakh National Medical University,OTHER,unmatched,,대학·병원,,,
"Asger Lund, MD",OTHER,unmatched,,대학·병원,,,
"Ashwani Singal,MD",OTHER,unmatched,,대학·병원,,,
Asia Diabetes Foundation,OTHER,unmatched,,대학·병원,,,
Asian Institute Of Medical Sciences,OTHER,unmatched,,대학·병원,,,
"Asian Institute of Gastroenterology, India",OTHER,unmatched,,대학·병원,,,
Asir John Samuel,OTHER,unmatched,,대학·병원,,,
Asklepieion Voulas General Hospital,OTHER_GOV,unmatched,,대학·병원,,,
Asma Yahya,OTHER,unmatched,,대학·병원,,,
Asociación Científica Latina A.C.,OTHER,unmatched,,대학·병원,,,
Assaf Harofeh MC,OTHER_GOV,unmatched,,대학·병원,,,
Assaf-Harofeh Medical Center,OTHER_GOV,unmatched,,대학·병원,,,
Assistance Publique - Hôpitaux de Paris,OTHER,unmatched,,대학·병원,,,
Assistance Publique Hopitaux De Marseille,OTHER,unmatched,,대학·병원,,,
Assiut University,OTHER,unmatched,,대학·병원,,,
Associacao Fundo de Incentivo a Psicofarmcologia,OTHER,unmatched,,대학·병원,,,
Association Francaise pour la Recherche Thermale,OTHER,unmatched,,대학·병원,,,
"Association Nationale pour les Traitements A Domicile, les Innovations et la Recherche",OTHER,unmatched,,대학·병원,,,
Association Tunisienne d'Etude & de Recherche sur l'Athérosclérose,OTHER,unmatched,,대학·병원,,,
Association pour la Formation du Personnel à la Medecine d'Urgence,OTHER,unmatched,,대학·병원,,,
Association pour le Développement et l'Organisation de la Recherche en Pneumologie et sur le Sommeil,OTHER,unmatched,,대학·병원,,,
Associação Centro de Apoio Tecnológico Agro Alimentar,OTHER,unmatched,,대학·병원,,,
Associação para o Desenvolvimento do Centro Académico de Investigação e Formação Biomédica do Algarv,NETWORK,unmatched,,대학·병원,,,
Assuta Hospital Systems,OTHER,unmatched,,대학·병원,,,
Assuta Medical Center,OTHER,unmatched,,대학·병원,,,
Astes,OTHER,unmatched,,대학·병원,,,
Aswan University,OTHER,unmatched,,대학·병원,,,
Aswan University Hospital,OTHER,unmatched,,대학·병원,,,
Ataturk University,OTHER,unmatched,,대학·병원,,,
Athletic Greens International,INDUSTRY,unmatched,,대학·병원,,,
Atlantis Medical University College,OTHER,unmatched,,대학·병원,,,
Atlas University,OTHER,unmatched,,대학·병원,,,
Atria Research and Global Health Institute (ARGHI),OTHER,unmatched,,대학·병원,,,
Attikon Hospital,OTHER,unmatched,,대학·병원,,,
Auburn University,OTHER,unmatched,,대학·병원,,,
Augusta University,OTHER,unmatched,,대학·병원,,,
Austin Health,OTHER_GOV,unmatched,,대학·병원,,,
"Austral University, Argentina",OTHER,unmatched,,대학·병원,,,
Australian Catholic University,OTHER,unmatched,,대학·병원,,,
Australian and New Zealand Intensive Care Research Centre,OTHER,unmatched,,대학·병원,,,
Austrian Hernia Study Group,OTHER,unmatched,,대학·병원,,,
Autonomous University of Morelos,OTHER,unmatched,,대학·병원,,,
Avera McKennan Hospital & University Health Center,OTHER,unmatched,,대학·병원,,,
Avni Joshi,OTHER,unmatched,,대학·병원,,,
Axel Brandes,OTHER,unmatched,,대학·병원,,,
Aydin Adnan Menderes University,OTHER,unmatched,,대학·병원,,,
Ayse Yilmaz,OTHER,unmatched,,대학·병원,,,
Ayşe Nur Kahve,OTHER,unmatched,,대학·병원,,,
Ayşe Ukbe Baykut,OTHER,unmatched,,대학·병원,,,
Azienda Ospedaliera Specializzata in Gastroenterologia Saverio de Bellis,OTHER,unmatched,,대학·병원,,,
Azienda Ospedaliera Universitaria Integrata Verona,OTHER,unmatched,,대학·병원,,,
Azienda Ospedaliera Universitaria Policlinico Paolo Giaccone Palermo,OTHER,unmatched,,대학·병원,,,
"Azienda Ospedaliera, Ospedale Civile di Legnano",OTHER,unmatched,,대학·병원,,,
Azienda Ospedaliero Universitaria Maggiore della Carita,OTHER,unmatched,,대학·병원,,,
"Azienda Ospedaliero, Universitaria Pisana",OTHER,unmatched,,대학·병원,,,
Azienda Ospedaliero-Universitaria Careggi,OTHER,unmatched,,대학·병원,,,
Azienda Ospedaliero-Universitaria Consorziale Policlinico di Bari,OTHER,unmatched,,대학·병원,,,
Azienda Per I Servizi Sanitari N. 2 Isontina,OTHER,unmatched,,대학·병원,,,
Azienda Sanitaria Locale Napoli 2 Nord,OTHER,unmatched,,대학·병원,,,
Azienda Socio Sanitaria Territoriale degli Spedali Civili di Brescia,OTHER,unmatched,,대학·병원,,,
Azienda USL Reggio Emilia - IRCCS,OTHER_GOV,unmatched,,대학·병원,,,
Azienda di Servizi alla Persona di Pavia,OTHER,unmatched,,대학·병원,,,
BAR Pharmaceuticals s.r.l.,NETWORK,unmatched,,대학·병원,,,
BETH COMERFORD,OTHER,unmatched,,대학·병원,,,
Babes-Bolyai University,OTHER,unmatched,,대학·병원,,,
Badr University,OTHER,unmatched,,대학·병원,,,
Bagcilar Training and Research Hospital,OTHER_GOV,unmatched,,대학·병원,,,
Bahçeşehir University,OTHER,unmatched,,대학·병원,,,
Baker Heart Research Institute,OTHER,unmatched,,대학·병원,,,
Baker Heart and Diabetes Institute,OTHER,unmatched,,대학·병원,,,
Bakirkoy Dr. Sadi Konuk Research and Training Hospital,OTHER_GOV,unmatched,,대학·병원,,,
Balikesir University,OTHER,unmatched,,대학·병원,,,
Ball State University,OTHER,unmatched,,대학·병원,,,
Balnear and Rehabilitation Sanatorium Techirghiol,OTHER,unmatched,,대학·병원,,,
Bambino Gesù Hospital and Research Institute,OTHER,unmatched,,대학·병원,,,
"Bangabandhu Sheikh Mujib Medical University, Dhaka, Bangladesh",OTHER,unmatched,,대학·병원,,,
Bangor University,OTHER,unmatched,,대학·병원,,,
Banner Health,OTHER,unmatched,,대학·병원,,,
Baptist Health South Florida,OTHER,unmatched,,대학·병원,,,
Barbara Ann Karmanos Cancer Institute,OTHER,unmatched,,대학·병원,,,
Barbara Jakše s.p.,OTHER,unmatched,,대학·병원,,,
Barcelona Institute for Global Health,OTHER,unmatched,,대학·병원,,,
Baruch College City University of New York,OTHER,unmatched,,대학·병원,,,
Baskent University,OTHER,unmatched,,대학·병원,,,
Baskent University Ankara Hospital,OTHER,unmatched,,대학·병원,,,
Basque Culinary Center Fundazioa,OTHER,unmatched,,대학·병원,,,
Basque Health Service,OTHER_GOV,unmatched,,대학·병원,,,
Bastiaan Driehuys,OTHER,unmatched,,대학·병원,,,
Batman University,OTHER,unmatched,,대학·병원,,,
"Bay State Clinical Trials, Inc.",OTHER,unmatched,,대학·병원,,,
Baylor College of Medicine,OTHER,unmatched,,대학·병원,,,
Baylor Research Institute,OTHER,unmatched,,대학·병원,,,
Baylor University,OTHER,unmatched,,대학·병원,,,
Bayram Meydan,OTHER,unmatched,,대학·병원,,,
Bayside Health,OTHER_GOV,unmatched,,대학·병원,,,
Baystate Medical Center,OTHER,unmatched,,대학·병원,,,
Başakşehir Çam & Sakura City Hospital,OTHER_GOV,unmatched,,대학·병원,,,
Beata Krasinska,OTHER,unmatched,,대학·병원,,,
Becky Marquez,OTHER,unmatched,,대학·병원,,,
Beijing Anzhen Hospital,OTHER,unmatched,,대학·병원,,,
Beijing Artemis Medical Beauty Clinic,OTHER,unmatched,,대학·병원,,,
Beijing Chao Yang Hospital,OTHER,unmatched,,대학·병원,,,
Beijing Friendship Hospital,OTHER,unmatched,,대학·병원,,,
Beijing Hospital,OTHER_GOV,unmatched,,대학·병원,,,
Beijing Hospital of Traditional Chinese Medicine,OTHER,unmatched,,대학·병원,,,
Beijing Jishuitan Hospital,OTHER,unmatched,,대학·병원,,,
Beijing Municipal Administration of Hospitals,OTHER_GOV,unmatched,,대학·병원,,,
Beijing Sport University,OTHER,unmatched,,대학·병원,,,
Beijing Tsinghua Chang Gung Hospital,OTHER,unmatched,,대학·병원,,,
"Beijing University of Chinese Medicine, Shenzhen Hospital",OTHER,unmatched,,대학·병원,,,
"Beitou Armed Forces Hospital, Taipei, Taiwan",OTHER_GOV,unmatched,,대학·병원,,,
Bekir Sami Uyanık,OTHER,unmatched,,대학·병원,,,
Ben-Gurion University of the Negev,OTHER,unmatched,,대학·병원,,,
Beneo-Institute,INDUSTRY,unmatched,,대학·병원,,,
Benha University,OTHER,unmatched,,대학·병원,,,
Beni-Suef University,OTHER,unmatched,,대학·병원,,,
Bern University of Applied Sciences,OTHER,unmatched,,대학·병원,,,
Beth Israel Deaconess Medical Center,OTHER,unmatched,,대학·병원,,,
Bettina Mittendorfer,OTHER,unmatched,,대학·병원,,,
Bezmialem Vakif University,OTHER,unmatched,,대학·병원,,,
Bichat Hospital,OTHER,unmatched,,대학·병원,,,
Bikkur Holim Hospital,OTHER,unmatched,,대학·병원,,,
Bilecik Seyh Edebali Universitesi,OTHER,unmatched,,대학·병원,,,
Bing He,OTHER,unmatched,,대학·병원,,,
Binghamton University,OTHER,unmatched,,대학·병원,,,
BiomediKcal,OTHER,unmatched,,대학·병원,,,
Biomedical Research Institute of New Mexico,OTHER,unmatched,,대학·병원,,,
Biotechnology Institute IMASD,INDUSTRY,unmatched,,대학·병원,,,
Birjand University of Medical Sciences,OTHER,unmatched,,대학·병원,,,
Birmingham City University,OTHER,unmatched,,대학·병원,,,
Biruni University,OTHER,unmatched,,대학·병원,,,
Bispebjerg Hospital,OTHER,unmatched,,대학·병원,,,
Bjorn H. Ebdrup,OTHER,unmatched,,대학·병원,,,
Black Hills Center for American Indian Health,OTHER,unmatched,,대학·병원,,,
Blandine Laferrere,OTHER,unmatched,,대학·병원,,,
Blekinge County Council Hospital,OTHER,unmatched,,대학·병원,,,
Bo Feldt-Rasmussen,OTHER,unmatched,,대학·병원,,,
Bogomolets National Medical University,OTHER,unmatched,,대학·병원,,,
Boston Children's Hospital,OTHER,unmatched,,대학·병원,,,
Boston College,OTHER,unmatched,,대학·병원,,,
Boston Medical Center,OTHER,unmatched,,대학·병원,,,
Boston University,OTHER,unmatched,,대학·병원,,,
Boston University Charles River Campus,OTHER,unmatched,,대학·병원,,,
"Botanee Group Co., Ltd.",INDUSTRY,unmatched,,대학·병원,,,
Bowling Green State University,OTHER,unmatched,,대학·병원,,,
Bradley Needleman,OTHER,unmatched,,대학·병원,,,
Brain and Cognition Discovery Foundation,OTHER,unmatched,,대학·병원,,,
Bram Brouwers,OTHER,unmatched,,대학·병원,,,
Brandon Nokes,OTHER,unmatched,,대학·병원,,,
Brasilia University Hospital,OTHER,unmatched,,대학·병원,,,
Brazilian National Cancer Institute,OTHER_GOV,unmatched,,대학·병원,,,
Brian Callaghan,OTHER,unmatched,,대학·병원,,,
Bridgeport Hospital,OTHER,unmatched,,대학·병원,,,
Brigham Young University,OTHER,unmatched,,대학·병원,,,
Brigham and Women's Hospital,OTHER,unmatched,,대학·병원,,,
Bristol Hospital,OTHER,unmatched,,대학·병원,,,
British Obesity and Metabolic Surgery Society,OTHER_GOV,unmatched,,대학·병원,,,
Brock University,OTHER,unmatched,,대학·병원,,,
Bronx-Lebanon Hospital Center Health Care System,OTHER,unmatched,,대학·병원,,,
Brooke Army Medical Center,FED,unmatched,,대학·병원,,,
Brooklyn Clinical Research,NETWORK,unmatched,,대학·병원,,,
Brooklyn College of the City University of New York,OTHER,unmatched,,대학·병원,,,
Brown University,OTHER,unmatched,,대학·병원,,,
Buchinger Wilhelmi Development & Holding GmbH,OTHER,unmatched,,대학·병원,,,
Buddhist Tzu Chi General Hospital,OTHER,unmatched,,대학·병원,,,
Bulent Ecevit University,OTHER,unmatched,,대학·병원,,,
Burrell College of Health Sciences,OTHER,unmatched,,대학·병원,,,
Buzzi Children's Hospital,OTHER,unmatched,,대학·병원,,,
CAMC Health System,OTHER,unmatched,,대학·병원,,,
CARLOS ZERRWECK LOPEZ,OTHER_GOV,unmatched,,대학·병원,,,
CES University,OTHER,unmatched,,대학·병원,,,
CHU de Quebec-Universite Laval,OTHER,unmatched,,대학·병원,,,
CHU de Reims,OTHER,unmatched,,대학·병원,,,
COR clinic of Regenerative Medicine,NETWORK,unmatched,,대학·병원,,,
CPL Associates,OTHER,unmatched,,대학·병원,,,
CR-CSSS Champlain-Charles-Le Moyne,OTHER,unmatched,,대학·병원,,,
Cabinet Medical,OTHER,unmatched,,대학·병원,,,
Caio Eduardo Gonçalves Reis,OTHER,unmatched,,대학·병원,,,
Cairo University,OTHER,unmatched,,대학·병원,,,
"Cale Andrew Jacobs, PhD",OTHER,unmatched,,대학·병원,,,
California Baptist University,OTHER,unmatched,,대학·병원,,,
California Polytechnic State University-San Luis Obispo,OTHER,unmatched,,대학·병원,,,
"California State Polytechnic University, Pomona",OTHER,unmatched,,대학·병원,,,
"California State University, Fullerton",OTHER,unmatched,,대학·병원,,,
"California State University, Long Beach",OTHER,unmatched,,대학·병원,,,
"California State University, San Marcos",OTHER,unmatched,,대학·병원,,,
Calo Psychiatric Center,OTHER,unmatched,,대학·병원,,,
Cambridge Health Alliance,OTHER,unmatched,,대학·병원,,,
Cambridge University Hospitals NHS Foundation Trust,OTHER,unmatched,,대학·병원,,,
Campus Bio-Medico University,OTHER,unmatched,,대학·병원,,,
Canadian Center for Functional Medicine,OTHER,unmatched,,대학·병원,,,
Canadian Collaborative Research Network,OTHER,unmatched,,대학·병원,,,
Canadian Medical and Surgical Knowledge Translation Research Group,OTHER,unmatched,,대학·병원,,,
"Canadian Network for Observational Drug Effect Studies, CNODES",OTHER,unmatched,,대학·병원,,,
Canadian Urology Research Consortium,OTHER,unmatched,,대학·병원,,,
CancerCare Manitoba,OTHER,unmatched,,대학·병원,,,
Canterbury Christ Church University,OTHER,unmatched,,대학·병원,,,
Cantonal Hospital of St. Gallen,OTHER,unmatched,,대학·병원,,,
Capital Medical University,OTHER,unmatched,,대학·병원,,,
Cardenal Herrera University,OTHER,unmatched,,대학·병원,,,
Cardiovascular Research New Brunswick,OTHER,unmatched,,대학·병원,,,
Carelon Research,OTHER,unmatched,,대학·병원,,,
Carilion Clinic,OTHER,unmatched,,대학·병원,,,
"Carl Ade, M.S., Ph.D.",OTHER,unmatched,,대학·병원,,,
"Carla Greenbaum, MD",OTHER,unmatched,,대학·병원,,,
Carmen Dietvorst,OTHER,unmatched,,대학·병원,,,
Carmen Lucas Abellán,OTHER,unmatched,,대학·병원,,,
Carnegie Mellon University,OTHER,unmatched,,대학·병원,,,
Carol Johnston,OTHER,unmatched,,대학·병원,,,
Carolinas Medical Center,OTHER,unmatched,,대학·병원,,,
Carsten Dirksen,OTHER,unmatched,,대학·병원,,,
"Cary Savage, Ph.D.",OTHER,unmatched,,대학·병원,,,
"Cascade Pharmaceuticals, Inc",OTHER,unmatched,,대학·병원,,,
Case Comprehensive Cancer Center,OTHER,unmatched,,대학·병원,,,
Case Western Reserve University,OTHER,unmatched,,대학·병원,,,
"Cassandra Stanton, PhD",OTHER,unmatched,,대학·병원,,,
Castilla-La Mancha Health Service,OTHER,unmatched,,대학·병원,,,
Catharina Ziekenhuis Eindhoven,OTHER,unmatched,,대학·병원,,,
Catholic University of the Sacred Heart,OTHER,unmatched,,대학·병원,,,
Cedars-Sinai Medical Center,OTHER,unmatched,,대학·병원,,,
Celia Bañuls,OTHER,unmatched,,대학·병원,,,
"Center for Epidemiology and Health Research, Germany",OTHER,unmatched,,대학·병원,,,
"Center for Health Sciences, Serbia",OTHER,unmatched,,대학·병원,,,
"Center for Strategic Planning, of the Federal Medical and Biological Agency",OTHER,unmatched,,대학·병원,,,
"Center for Weight Management, California",OTHER,unmatched,,대학·병원,,,
Center of Food and Fermentation Technologies,OTHER,unmatched,,대학·병원,,,
Center of target therapy,OTHER,unmatched,,대학·병원,,,
Centers for Disease Control and Prevention,FED,unmatched,,대학·병원,,,
"Central Carolina Surgery, PA",OTHER,unmatched,,대학·병원,,,
"Central FITT, Inc",OTHER,unmatched,,대학·병원,,,
"Central Hospital, Nancy, France",OTHER,unmatched,,대학·병원,,,
"Central Institute of Psychiatry, Ranchi, India",OTHER,unmatched,,대학·병원,,,
Central Michigan University,OTHER,unmatched,,대학·병원,,,
Central South University,OTHER,unmatched,,대학·병원,,,
Central Taiwan University of Science and Technology,OTHER,unmatched,,대학·병원,,,
Central Washington University,OTHER,unmatched,,대학·병원,,,
Centre Hospitalier Arras,OTHER,unmatched,,대학·병원,,,
Centre Hospitalier Departemental Vendee,OTHER,unmatched,,대학·병원,,,
Centre Hospitalier Emile Roux,OTHER,unmatched,,대학·병원,,,
Centre Hospitalier FH Manhes,OTHER,unmatched,,대학·병원,,,
Centre Hospitalier Intercommunal de Toulon La Seyne sur Mer,OTHER,unmatched,,대학·병원,,,
Centre Hospitalier Metropole Savoie,OTHER,unmatched,,대학·병원,,,
Centre Hospitalier Saint Joseph Saint Luc de Lyon,OTHER,unmatched,,대학·병원,,,
Centre Hospitalier Universitaire Dijon,OTHER,unmatched,,대학·병원,,,
Centre Hospitalier Universitaire Saint Pierre,OTHER,unmatched,,대학·병원,,,
Centre Hospitalier Universitaire Vaudois,OTHER,unmatched,,대학·병원,,,
Centre Hospitalier Universitaire de Besancon,OTHER,unmatched,,대학·병원,,,
Centre Hospitalier Universitaire de Liege,OTHER,unmatched,,대학·병원,,,
Centre Hospitalier Universitaire de Nice,OTHER,unmatched,,대학·병원,,,
Centre Hospitalier Universitaire de Nīmes,OTHER,unmatched,,대학·병원,,,
Centre Hospitalier Universitaire de Saint Etienne,OTHER,unmatched,,대학·병원,,,
Centre Hospitalier Universitaire de la Guadeloupe,OTHER,unmatched,,대학·병원,,,
Centre Hospitalier Universitaire de la Réunion,OTHER,unmatched,,대학·병원,,,
"Centre Hospitalier Universitaire, Amiens",OTHER,unmatched,,대학·병원,,,
Centre Hospitalier de Cayenne,OTHER,unmatched,,대학·병원,,,
Centre Hospitalier de Gonesse,OTHER,unmatched,,대학·병원,,,
Centre Hospitalier de Moulins Yzeure,OTHER,unmatched,,대학·병원,,,
Centre Hospitalier de Saint-Denis,OTHER,unmatched,,대학·병원,,,
Centre Hospitalier le Mans,OTHER,unmatched,,대학·병원,,,
"Centre National De L'énergie, Des Sciences Et Techniques Nucléaires",OTHER_GOV,unmatched,,대학·병원,,,
Centre National d'Etudes Spatiales,OTHER_GOV,unmatched,,대학·병원,,,
Centre d'Alt Rendiment,OTHER,unmatched,,대학·병원,,,
Centre d'Etudes et de Documentation du Sucre,OTHER,unmatched,,대학·병원,,,
Centre de Recherche en Nutrition Humaine Rhone-Alpe,OTHER,unmatched,,대학·병원,,,
Centre de l'Obesite Bernard Descottes,OTHER,unmatched,,대학·병원,,,
Centre for Addiction and Mental Health,OTHER,unmatched,,대학·병원,,,
Centre hospitalier de l'Université de Montréal (CHUM),OTHER,unmatched,,대학·병원,,,
Centro De Investigación Y De Estudios Avanzados Del Instituto Politécnico Nacional-Unidad Irapuato,OTHER,unmatched,,대학·병원,,,
Centro Hospitalar Lisboa Norte,OTHER,unmatched,,대학·병원,,,
Centro Hospitalar do Porto,OTHER,unmatched,,대학·병원,,,
Centro Medico Nacional Siglo XXI IMSS,OTHER,unmatched,,대학·병원,,,
Centro Mente Aberta de Mindfulness,OTHER,unmatched,,대학·병원,,,
Centro Pediatrico Albina de Patino,OTHER,unmatched,,대학·병원,,,
"Centro Universitario de Ciencias de la Salud, Mexico",OTHER,unmatched,,대학·병원,,,
"Centro Universitario de Tlajomulco, Universidad de Guadalajara",OTHER,unmatched,,대학·병원,,,
Centro Universitário Augusto Motta,OTHER,unmatched,,대학·병원,,,
Centro Universitário de Anapolis,OTHER,unmatched,,대학·병원,,,
Centro de Atenção ao Assoalho Pélvico,OTHER,unmatched,,대학·병원,,,
Centro de Investigación en Alimentación y Desarrollo A.C.,OTHER,unmatched,,대학·병원,,,
Certmedica International GmbH,INDUSTRY,unmatched,,대학·병원,,,
Chair for Biomarkers of Chronic Diseases,OTHER,unmatched,,대학·병원,,,
Chalmers University of Technology,OTHER,unmatched,,대학·병원,,,
Chandan K Sen,OTHER,unmatched,,대학·병원,,,
Chandan Sen,OTHER,unmatched,,대학·병원,,,
Chang Bing Show Chwan Memorial Hospital,OTHER,unmatched,,대학·병원,,,
Chang Gung Memorial Hospital,OTHER,unmatched,,대학·병원,,,
Chang Gung University of Science and Technology,OTHER,unmatched,,대학·병원,,,
Changhai Hospital,OTHER,unmatched,,대학·병원,,,
Changi General Hospital,OTHER,unmatched,,대학·병원,,,
"Charite University, Berlin, Germany",OTHER,unmatched,,대학·병원,,,
Charles Drew University of Medicine and Science,OTHER,unmatched,,대학·병원,,,
Charles Raison,OTHER,unmatched,,대학·병원,,,
"Charles University, Czech Republic",OTHER,unmatched,,대학·병원,,,
Chelsea and Westminster NHS Foundation Trust,OTHER,unmatched,,대학·병원,,,
Chen Li,OTHER,unmatched,,대학·병원,,,
"Chen Wei Ren, MD",OTHER,unmatched,,대학·병원,,,
"Chendu DIAO Pharmaceutical Group CO., LTD.",INDUSTRY,unmatched,,대학·병원,,,
Cheng Zhou,OTHER,unmatched,,대학·병원,,,
Chengdu Sport University,OTHER,unmatched,,대학·병원,,,
Chia Nan University of Pharmacy ＆ Science,OTHER,unmatched,,대학·병원,,,
"Chia Tai Tianqing Pharmaceutical Group Co., Ltd.",INDUSTRY,unmatched,,대학·병원,,,
"Chia Tai Tianqing Pharmaceutical Group Nanjing Shunxin Pharmaceutical Co., Ltd.",INDUSTRY,unmatched,,대학·병원,,,
Chiang Mai University,OTHER,unmatched,,대학·병원,,,
Chiara Rafanelli,OTHER,unmatched,,대학·병원,,,
Chiba University,OTHER,unmatched,,대학·병원,,,
Chien-Wen Hou,OTHER,unmatched,,대학·병원,,,
Children's & Women's Health Centre of British Columbia,OTHER,unmatched,,대학·병원,,,
Children's Heart Center,INDUSTRY,unmatched,,대학·병원,,,
Children's Hospital Los Angeles,OTHER,unmatched,,대학·병원,,,
"Children's Hospital Medical Center, Cincinnati",OTHER,unmatched,,대학·병원,,,
Children's Hospital Srebrnjak,OTHER,unmatched,,대학·병원,,,
Children's Hospital of Eastern Ontario,OTHER,unmatched,,대학·병원,,,
Children's Hospital of Fudan University,OTHER,unmatched,,대학·병원,,,
Children's Hospital of Philadelphia,OTHER,unmatched,,대학·병원,,,
Children's Hospital of Soochow University,OTHER,unmatched,,대학·병원,,,
Children's Hospitals and Clinics of Minnesota,OTHER,unmatched,,대학·병원,,,
"Children's Memorial Health Institute, Poland",OTHER,unmatched,,대학·병원,,,
Children's Mercy Hospital Kansas City,OTHER,unmatched,,대학·병원,,,
Children's National Research Institute,OTHER,unmatched,,대학·병원,,,
Children's Oncology Group,NETWORK,unmatched,,대학·병원,,,
"Children's University Hospital, Ireland",OTHER,unmatched,,대학·병원,,,
China Medical University Hospital,OTHER,unmatched,,대학·병원,,,
"China Medical University, China",OTHER,unmatched,,대학·병원,,,
China National Center for Cardiovascular Diseases,OTHER_GOV,unmatched,,대학·병원,,,
China-Japan Friendship Hospital,OTHER,unmatched,,대학·병원,,,
"Chinese Academy of Medical Sciences, Fuwai Hospital",OTHER,unmatched,,대학·병원,,,
Chinese Academy of Sciences,OTHER_GOV,unmatched,,대학·병원,,,
Chinese Culture University,OTHER,unmatched,,대학·병원,,,
Chinese PLA General Hospital,OTHER,unmatched,,대학·병원,,,
Chinese University of Hong Kong,OTHER,unmatched,,대학·병원,,,
Chittagong Medical College,OTHER,unmatched,,대학·병원,,,
Chonbuk National University Hospital,OTHER,unmatched,,대학·병원,,,
Chongqing Medical University,OTHER,unmatched,,대학·병원,,,
Christel Tran,OTHER,unmatched,,대학·병원,,,
Christian Mølgaard,OTHER,unmatched,,대학·병원,,,
Christiana Care Health Services,OTHER,unmatched,,대학·병원,,,
Christina Kruuse,OTHER,unmatched,,대학·병원,,,
"Christopher C. Thompson, MD, MSc",OTHER,unmatched,,대학·병원,,,
Christopher Gardner,OTHER,unmatched,,대학·병원,,,
Chulalongkorn University,OTHER,unmatched,,대학·병원,,,
Chuncheon Sacred Heart Hospital,OTHER,unmatched,,대학·병원,,,
Chung Shan Medical University,OTHER,unmatched,,대학·병원,,,
Chungbuk National University,OTHER,unmatched,,대학·병원,,,
Chungbuk National University Hospital,OTHER,unmatched,,대학·병원,,,
Chunzhu Li,OTHER,unmatched,,대학·병원,,,
Cindetec,OTHER,unmatched,,대학·병원,,,
City University of New York,OTHER,unmatched,,대학·병원,,,
"City University of New York, School of Public Health",OTHER,unmatched,,대학·병원,,,
City of Hope Medical Center,OTHER,unmatched,,대학·병원,,,
"City, University of London",OTHER,unmatched,,대학·병원,,,
Clalit Health Services,OTHER,unmatched,,대학·병원,,,
Claremont Graduate University,OTHER,unmatched,,대학·병원,,,
Clarunis - Universitäres Bauchzentrum Basel,OTHER,unmatched,,대학·병원,,,
Claudia Teresa Tovar Palacio,OTHER,unmatched,,대학·병원,,,
Claus Bogh Juhl,OTHER,unmatched,,대학·병원,,,
Clemson University,OTHER,unmatched,,대학·병원,,,
Cleveland Clinic Akron General,OTHER,unmatched,,대학·병원,,,
Cleveland Clinic Florida,OTHER,unmatched,,대학·병원,,,
Cleveland Clinic London,OTHER,unmatched,,대학·병원,,,
ClinTrio Ltd.,OTHER,unmatched,,대학·병원,,,
Clindove Research LLC,OTHER,unmatched,,대학·병원,,,
Clinic Cryo Esthetic,INDUSTRY,unmatched,,대학·병원,,,
Clinica Alemana de Santiago,OTHER,unmatched,,대학·병원,,,
Clinica Dermatologica Arbache ltda,OTHER,unmatched,,대학·병원,,,
Clinica Gastrobese,OTHER,unmatched,,대학·병원,,,
"Clinica Universidad de Navarra, Universidad de Navarra",OTHER,unmatched,,대학·병원,,,
Clinical Hospital Center Rijeka,OTHER,unmatched,,대학·병원,,,
Clinical Hospital Centre Zagreb,OTHER,unmatched,,대학·병원,,,
"Clinical Nutrition Research Center, Illinois Institute of Technology",INDUSTRY,unmatched,,대학·병원,,,
Clinique,OTHER,unmatched,,대학·병원,,,
Clinique Beau Soleil,OTHER,unmatched,,대학·병원,,,
Clinique Mathilde,OTHER,unmatched,,대학·병원,,,
Clinique de l'Anjou,OTHER,unmatched,,대학·병원,,,
Clinique de la Mitterie,OTHER,unmatched,,대학·병원,,,
Clinique du Trocadéro,OTHER,unmatched,,대학·병원,,,
Cliniques universitaires Saint-Luc- Université Catholique de Louvain,OTHER,unmatched,,대학·병원,,,
Clínica Bazterrica,OTHER,unmatched,,대학·병원,,,
Clínica Dávila,OTHER,unmatched,,대학·병원,,,
Clínica del country,OTHER,unmatched,,대학·병원,,,
Coastal Anesthesiology Consultants,OTHER,unmatched,,대학·병원,,,
Coastal Carolina University,OTHER,unmatched,,대학·병원,,,
Collegium Medicum w Bydgoszczy,OTHER,unmatched,,대학·병원,,,
"Colorado Center for Chronic Care Innovations, Inc.",OTHER,unmatched,,대학·병원,,,
Colorado State University,OTHER,unmatched,,대학·병원,,,
Columbia University,OTHER,unmatched,,대학·병원,,,
Comenius University,OTHER,unmatched,,대학·병원,,,
Community Health Center of Franklin County,OTHER,unmatched,,대학·병원,,,
Community Volunteers In Medicine,OTHER,unmatched,,대학·병원,,,
Complejo Hospitalario Universitario Insular Materno Infantil,OTHER,unmatched,,대학·병원,,,
Complexo Hospitalario Universitario de A Coruña,OTHER,unmatched,,대학·병원,,,
Concordia University Wisconsin,OTHER,unmatched,,대학·병원,,,
"Concordia University, Montreal",OTHER,unmatched,,대학·병원,,,
Connecticut Children's Medical Center,OTHER,unmatched,,대학·병원,,,
Consorci Sanitari Integral,OTHER,unmatched,,대학·병원,,,
Consorci Sanitari de l'Alt Penedès i Garraf,OTHER,unmatched,,대학·병원,,,
Consorci Sanitari del Maresme,OTHER,unmatched,,대학·병원,,,
Consorcio Centro de Investigación Biomédica en Red (CIBER),OTHER_GOV,unmatched,,대학·병원,,,
Cook Group Incorporated,INDUSTRY,unmatched,,대학·병원,,,
Cooler Heads Care Inc.,OTHER_GOV,unmatched,,대학·병원,,,
"Coordinación de Investigación en Salud, Mexico",OTHER_GOV,unmatched,,대학·병원,,,
CorEvitas,NETWORK,unmatched,,대학·병원,,,
Corewell Health East,OTHER,unmatched,,대학·병원,,,
Corewell Health West,OTHER,unmatched,,대학·병원,,,
Cornell University,OTHER,unmatched,,대학·병원,,,
Corniche Hospital,OTHER,unmatched,,대학·병원,,,
Corpometria Institute,OTHER,unmatched,,대학·병원,,,
Corporacion Parc Tauli,OTHER,unmatched,,대학·병원,,,
Cosmetique Active International,INDUSTRY,unmatched,,대학·병원,,,
Courtney Neal,OTHER,unmatched,,대학·병원,,,
Coventry University,OTHER,unmatched,,대학·병원,,,
Craig Rush,OTHER,unmatched,,대학·병원,,,
Creighton University,OTHER,unmatched,,대학·병원,,,
Cristian Alvarez,OTHER,unmatched,,대학·병원,,,
Crolll Gmbh,OTHER,unmatched,,대학·병원,,,
Cuiaba University,OTHER,unmatched,,대학·병원,,,
Cuibai Wei，Clinical Professor,OTHER,unmatched,,대학·병원,,,
Cukurova University,OTHER,unmatched,,대학·병원,,,
Cumhuriyet University,OTHER,unmatched,,대학·병원,,,
Cwm Taf University Health Board (NHS),OTHER_GOV,unmatched,,대학·병원,,,
Cyprus International Institute for Environment and Public Health,OTHER,unmatched,,대학·병원,,,
Cyprus University of Technology,OTHER,unmatched,,대학·병원,,,
Cyrus A Raji,OTHER,unmatched,,대학·병원,,,
Dalin Tzu Chi General Hospital,OTHER,unmatched,,대학·병원,,,
"Dan Nemet, MD",OTHER,unmatched,,대학·병원,,,
"Dana Portenier, MD",OTHER,unmatched,,대학·병원,,,
Dana-Farber Cancer Institute,OTHER,unmatched,,대학·병원,,,
Danderyd Hospital,OTHER,unmatched,,대학·병원,,,
Danish Headache Center,OTHER,unmatched,,대학·병원,,,
Daorong Wang,OTHER,unmatched,,대학·병원,,,
Dartmouth-Hitchcock Medical Center,OTHER,unmatched,,대학·병원,,,
Dasman Diabetes Institute,OTHER,unmatched,,대학·병원,,,
"David Allison, Phd",OTHER,unmatched,,대학·병원,,,
David Bradley MD,OTHER,unmatched,,대학·병원,,,
"David D'Alessio, M.D.",OTHER,unmatched,,대학·병원,,,
David Dalessio,OTHER,unmatched,,대학·병원,,,
David Hess,OTHER,unmatched,,대학·병원,,,
David Sanchez Garcia,OTHER_GOV,unmatched,,대학·병원,,,
Dawid Madej,OTHER,unmatched,,대학·병원,,,
Dayton Interventional Radiology,OTHER,unmatched,,대학·병원,,,
DeNova Research,OTHER,unmatched,,대학·병원,,,
Debra Moser,OTHER,unmatched,,대학·병원,,,
Debre Berhan University,OTHER,unmatched,,대학·병원,,,
Delta University for Science and Technology,OTHER,unmatched,,대학·병원,,,
Dennis Hong MD,OTHER,unmatched,,대학·병원,,,
Denver Health and Hospital Authority,OTHER,unmatched,,대학·병원,,,
Department of Cardiology German Heart Center Munich TUM University Hospital,OTHER,unmatched,,대학·병원,,,
Department of Medical Services Ministry of Public Health of Thailand,OTHER_GOV,unmatched,,대학·병원,,,
Department of Nephrology Clinic Ottakring Vienna,OTHER,unmatched,,대학·병원,,,
Deraya University,OTHER,unmatched,,대학·병원,,,
"Dermatology Cosmetic Laser Medical Associates of La Jolla, Inc.",OTHER,unmatched,,대학·병원,,,
Des Moines University,OTHER,unmatched,,대학·병원,,,
Diabetes Care Center of Nanjing Military Command,OTHER,unmatched,,대학·병원,,,
"Diabetes Foundation, India",OTHER,unmatched,,대학·병원,,,
Diabeteszentrum Bad Lauterberg im Harz,OTHER,unmatched,,대학·병원,,,
Diana Avila Montiel,OTHER,unmatched,,대학·병원,,,
Dicle University,OTHER,unmatched,,대학·병원,,,
Dionne Peacher,OTHER,unmatched,,대학·병원,,,
"Dionyssiotis, Yannis, M.D.",INDIV,unmatched,,대학·병원,,,
Diskapi Teaching and Research Hospital,OTHER,unmatched,,대학·병원,,,
Diskapi Yildirim Beyazit Education and Research Hospital,OTHER_GOV,unmatched,,대학·병원,,,
Diva De Leon,OTHER,unmatched,,대학·병원,,,
Diyarbakir Women's and Children's Diseases Hospital,OTHER,unmatched,,대학·병원,,,
Do Thi Thu Huyen,OTHER,unmatched,,대학·병원,,,
Dokuz Eylul University,OTHER,unmatched,,대학·병원,,,
Donders Centre for Cognitive Neuroimaging,OTHER,unmatched,,대학·병원,,,
Dong Peng,OTHER,unmatched,,대학·병원,,,
Dongfang Hospital Beijing University of Chinese Medicine,OTHER,unmatched,,대학·병원,,,
Dongtan Sacred Heart Hospital,OTHER,unmatched,,대학·병원,,,
Dongyang Liu,OTHER,unmatched,,대학·병원,,,
Douglas Mental Health University Institute,OTHER,unmatched,,대학·병원,,,
Dow University of Health Sciences,OTHER,unmatched,,대학·병원,,,
Dr Azita Hekmatdoost,OTHER,unmatched,,대학·병원,,,
Dr Bob Ryder,OTHER,unmatched,,대학·병원,,,
Dr Jitender Nagpal,OTHER,unmatched,,대학·병원,,,
Dr Salvador Villalpando-Carrion,OTHER,unmatched,,대학·병원,,,
Dr. Christopher McGowan,OTHER,unmatched,,대학·병원,,,
Dr. James Sallis,OTHER,unmatched,,대학·병원,,,
"Dr. Jean E. Starr, MD",OTHER,unmatched,,대학·병원,,,
Dr. Joseph M Novoa Libermann,OTHER,unmatched,,대학·병원,,,
Dr. Lutfi Kirdar Kartal Training and Research Hospital,OTHER_GOV,unmatched,,대학·병원,,,
Dr. Michael Lang,OTHER,unmatched,,대학·병원,,,
Dr. Ofir Harnoy MD,OTHER_GOV,unmatched,,대학·병원,,,
Dr. Soetomo General Hospital,OTHER_GOV,unmatched,,대학·병원,,,
Dr. Tikfu Gee,OTHER,unmatched,,대학·병원,,,
Dr. Vishal Uppal,OTHER,unmatched,,대학·병원,,,
"Dr. dr. Lili Legiawati, SpKK(K)",OTHER,unmatched,,대학·병원,,,
Drexel University,OTHER,unmatched,,대학·병원,,,
Duke Clergy Health Initiative,OTHER,unmatched,,대학·병원,,,
Duke University,OTHER,unmatched,,대학·병원,,,
Duke-NUS Graduate Medical School,OTHER,unmatched,,대학·병원,,,
Duquesne University,OTHER,unmatched,,대학·병원,,,
Durham VA Medical Center,FED,unmatched,,대학·병원,,,
Duygu Ayhan Baser,OTHER,unmatched,,대학·병원,,,
Dynamical Business and Science Society - DBSS International SAS,NETWORK,unmatched,,대학·병원,,,
E-DA Hospital,OTHER,unmatched,,대학·병원,,,
ENDOPLY,OTHER,unmatched,,대학·병원,,,
ETH Zurich,OTHER,unmatched,,대학·병원,,,
East Carolina University,OTHER,unmatched,,대학·병원,,,
East Tennessee State University,OTHER,unmatched,,대학·병원,,,
Eastern Mediterranean University,OTHER,unmatched,,대학·병원,,,
Eastern Michigan University,OTHER,unmatched,,대학·병원,,,
Eastern Virginia Medical School,OTHER,unmatched,,대학·병원,,,
Edgar National Centre for Diabetes Research,OTHER,unmatched,,대학·병원,,,
Edna Rath,FED,unmatched,,대학·병원,,,
Edward Hines Jr. VA Hospital,FED,unmatched,,대학·병원,,,
Edward Via Virginia College of Osteopathic Medicine,OTHER,unmatched,,대학·병원,,,
Ege University,OTHER,unmatched,,대학·병원,,,
Egyptian Liver Hospital,OTHER,unmatched,,대학·병원,,,
"Eighth Affiliated Hospital, Sun Yat-sen University",OTHER,unmatched,,대학·병원,,,
Ekrem Bilal Karaayvaz,OTHER,unmatched,,대학·병원,,,
El Katib Hospital,OTHER,unmatched,,대학·병원,,,
El-Sahel Teaching Hospital,OTHER_GOV,unmatched,,대학·병원,,,
"Elahi, Dariush, PhD",INDIV,unmatched,,대학·병원,,,
Elazıg Fethi Sekin Sehir Hastanesi,OTHER,unmatched,,대학·병원,,,
Eleonora Seelig,OTHER,unmatched,,대학·병원,,,
Elif Asena KANTARCI,OTHER,unmatched,,대학·병원,,,
Elif Kabasakal,OTHER,unmatched,,대학·병원,,,
Elif Oral,OTHER,unmatched,,대학·병원,,,
Elisa Barron-Cabrera,OTHER,unmatched,,대학·병원,,,
Elisa Giannetta,OTHER,unmatched,,대학·병원,,,
Elizabeth Simpson,OTHER,unmatched,,대학·병원,,,
Ellen Evans,OTHER,unmatched,,대학·병원,,,
Elsan,OTHER,unmatched,,대학·병원,,,
Emilio Vargas Castrillón,OTHER,unmatched,,대학·병원,,,
Emirates Health Services (EHS),OTHER_GOV,unmatched,,대학·병원,,,
Emma Svennberg,OTHER,unmatched,,대학·병원,,,
Emory University,OTHER,unmatched,,대학·병원,,,
Endeavor Health,OTHER,unmatched,,대학·병원,,,
Ente Ospedaliero Ospedali Galliera,OTHER,unmatched,,대학·병원,,,
Epsom and St Helier University Hospitals NHS Trust,OTHER,unmatched,,대학·병원,,,
Era's Lucknow Medical College,OTHER,unmatched,,대학·병원,,,
Erasme University Hospital,OTHER,unmatched,,대학·병원,,,
Erasmus Medical Center,OTHER,unmatched,,대학·병원,,,
Erbil Polytechnic University,OTHER,unmatched,,대학·병원,,,
Ercis Sehit Rıdvan Cevik State Hospital,OTHER_GOV,unmatched,,대학·병원,,,
Erevna Innovations Inc.,OTHER,unmatched,,대학·병원,,,
Eric Hoffman,OTHER,unmatched,,대학·병원,,,
Erich Seifritz,OTHER,unmatched,,대학·병원,,,
Ersin Gündoğan,OTHER,unmatched,,대학·병원,,,
Ersta Diakoni,OTHER,unmatched,,대학·병원,,,
Erzurum Technical University,OTHER,unmatched,,대학·병원,,,
Esbjerg Hospital - University Hospital of Southern Denmark,OTHER,unmatched,,대학·병원,,,
Escola Superior de Tecnologia da Saúde do Porto,OTHER,unmatched,,대학·병원,,,
Escoles Universitaries Gimbernat,OTHER,unmatched,,대학·병원,,,
Escuela Universitaria de Osuna,OTHER,unmatched,,대학·병원,,,
Eskisehir City Hospital,OTHER,unmatched,,대학·병원,,,
Eskisehir Osmangazi University,OTHER,unmatched,,대학·병원,,,
Etan Orgel,OTHER,unmatched,,대학·병원,,,
Eulji University Hospital,OTHER,unmatched,,대학·병원,,,
Eun Young Park,OTHER,unmatched,,대학·병원,,,
Eunice Kennedy Shriver National Institute of Child Health and Human Development (NICHD),NIH,unmatched,,대학·병원,,,
Eurasian Association of Therapists,OTHER,unmatched,,대학·병원,,,
European Georges Pompidou Hospital,OTHER,unmatched,,대학·병원,,,
European Institute of Oncology,OTHER,unmatched,,대학·병원,,,
European e-Learning School in Obstetric Anesthesia,OTHER,unmatched,,대학·병원,,,
Eva Cubric,OTHER,unmatched,,대학·병원,,,
Eva Prescott,OTHER,unmatched,,대학·병원,,,
Evangelismos Hospital,OTHER,unmatched,,대학·병원,,,
Ewha Womans University Mokdong Hospital,OTHER,unmatched,,대학·병원,,,
FEM Süd,OTHER,unmatched,,대학·병원,,,
"FFoQSI - Austrian Competence Centre for Feed and Food Quality, Safety & Innovation",OTHER,unmatched,,대학·병원,,,
Fabio Garofalo,OTHER,unmatched,,대학·병원,,,
Faculdade Adventista da Bahia,OTHER,unmatched,,대학·병원,,,
Faculdade de Ciências Médicas da Santa Casa de São Paulo,OTHER,unmatched,,대학·병원,,,
Faculdade de Motricidade Humana,OTHER,unmatched,,대학·병원,,,
Faculty Hospital Kralovske Vinohrady,OTHER_GOV,unmatched,,대학·병원,,,
"Faculty of Medicine, Sousse",OTHER,unmatched,,대학·병원,,,
Faculty of Pharmacy Novi Sad,OTHER,unmatched,,대학·병원,,,
Faidon Magkos,OTHER,unmatched,,대학·병원,,,
Falquetomed,OTHER,unmatched,,대학·병원,,,
Fangbiao Tao,OTHER,unmatched,,대학·병원,,,
Fangfang Zeng,OTHER,unmatched,,대학·병원,,,
Far Eastern Memorial Hospital,OTHER,unmatched,,대학·병원,,,
Farid Masoud,OTHER,unmatched,,대학·병원,,,
Fatih Sultan Mehmet Training and Research Hospital,OTHER,unmatched,,대학·병원,,,
Fatma ketenci gencer,OTHER_GOV,unmatched,,대학·병원,,,
Fatty liver Foundation,OTHER,unmatched,,대학·병원,,,
Federal Research and Clinical Center of Physical-Chemical Medicine,OTHER,unmatched,,대학·병원,,,
"Federal State Budgetary Institution, V. A. Almazov Federal North-West Medical Research Centre, of the Ministry of Health",OTHER,unmatched,,대학·병원,,,
Federal State Budgetary Scientific Institution,OTHER_GOV,unmatched,,대학·병원,,,
"Federal State Budgetary Scientific Institution, Research Institute of Fundamental and Clinical Immunology",OTHER,unmatched,,대학·병원,,,
Federal University of Espirito Santo,OTHER,unmatched,,대학·병원,,,
Federal University of Health Science of Porto Alegre,OTHER,unmatched,,대학·병원,,,
Federal University of Minas Gerais,OTHER,unmatched,,대학·병원,,,
Federal University of Paraíba,OTHER,unmatched,,대학·병원,,,
Federal University of Pelotas,OTHER,unmatched,,대학·병원,,,
Federal University of Rio Grande do Sul,OTHER,unmatched,,대학·병원,,,
Federal University of São Paulo,OTHER,unmatched,,대학·병원,,,
Federal University of Uberlandia,OTHER,unmatched,,대학·병원,,,
Federico II University,OTHER,unmatched,,대학·병원,,,
Feevale,OTHER,unmatched,,대학·병원,,,
Felix Beuschlein,OTHER,unmatched,,대학·병원,,,
Fenerbahce University,OTHER,unmatched,,대학·병원,,,
Feng Tao,OTHER,unmatched,,대학·병원,,,
"Fibronostics USA, Inc",OTHER,unmatched,,대학·병원,,,
Figen ÖNGÖZ DEDE,OTHER,unmatched,,대학·병원,,,
Filip Krag Knop,OTHER,unmatched,,대학·병원,,,
Finis Terrae University,OTHER,unmatched,,대학·병원,,,
Finnish Institute for Health and Welfare,OTHER_GOV,unmatched,,대학·병원,,,
Firat University,OTHER,unmatched,,대학·병원,,,
First Affiliated Hospital Xi'an Jiaotong University,OTHER,unmatched,,대학·병원,,,
First Affiliated Hospital of Chongqing Medical University,OTHER,unmatched,,대학·병원,,,
First Affiliated Hospital of Jinan University,OTHER,unmatched,,대학·병원,,,
First Affiliated Hospital of Wannan Medical College,OTHER,unmatched,,대학·병원,,,
First Affiliated Hospital of Wenzhou Medical University,OTHER,unmatched,,대학·병원,,,
First Affiliated Hospital of Zhejiang University,OTHER,unmatched,,대학·병원,,,
Flavia Pardo Salata Nahsan,OTHER,unmatched,,대학·병원,,,
Flevoziekenhuis,OTHER,unmatched,,대학·병원,,,
"Florida Academic Centers Research and Education, LLC",INDUSTRY,unmatched,,대학·병원,,,
Florida International University,OTHER,unmatched,,대학·병원,,,
Florida State University,OTHER,unmatched,,대학·병원,,,
"Flyvbjerg, Allan, DMSc",INDIV,unmatched,,대학·병원,,,
Fohow Pharmaceutical Group,OTHER,unmatched,,대학·병원,,,
Fondation Edith Seltzer,OTHER,unmatched,,대학·병원,,,
Fondation Hôpital Saint-Joseph,OTHER,unmatched,,대학·병원,,,
Fondation Ildys,OTHER,unmatched,,대학·병원,,,
Fondation Santé des Étudiants de France,OTHER,unmatched,,대학·병원,,,
Fondazione Don Carlo Gnocchi ETS,OTHER,unmatched,,대학·병원,,,
Fondazione Epatocentro Ticino,OTHER,unmatched,,대학·병원,,,
"Fondazione IRCCS Ca' Granda, Ospedale Maggiore Policlinico",OTHER,unmatched,,대학·병원,,,
Fondazione IRCCS Policlinico San Matteo di Pavia,OTHER,unmatched,,대학·병원,,,
Fondazione Poliambulanza Istituto Ospedaliero,OTHER,unmatched,,대학·병원,,,
Fondazione Policlinico Universitario Agostino Gemelli IRCCS,OTHER,unmatched,,대학·병원,,,
Fondazione Policlinico Universitario Campus Bio-Medico,OTHER,unmatched,,대학·병원,,,
Fondazione Valter Longo,OTHER,unmatched,,대학·병원,,,
"Food and Nutrition Research Institute, Philippines",OTHER_GOV,unmatched,,대학·병원,,,
Fortaleza University,OTHER,unmatched,,대학·병원,,,
Foundation University Islamabad,OTHER,unmatched,,대학·병원,,,
Foundation for Public Health and Epidemiological Research of Venezuela,NETWORK,unmatched,,대학·병원,,,
"Foundation for Science, Health and Education, Spain",OTHER,unmatched,,대학·병원,,,
Foundation for the National Institutes of Health,OTHER,unmatched,,대학·병원,,,
"Frances Hardin-Fanning, PhD, RN",OTHER,unmatched,,대학·병원,,,
"Francesca Facco, MD",OTHER,unmatched,,대학·병원,,,
Francesco De Cobelli,OTHER,unmatched,,대학·병원,,,
Francine Rosselli,OTHER,unmatched,,대학·병원,,,
Francisco José García González,OTHER,unmatched,,대학·병원,,,
Franciscus Gasthuis,OTHER,unmatched,,대학·병원,,,
Frank Wieber,OTHER,unmatched,,대학·병원,,,
"Franklin D. Gaylis, MD Inc.",OTHER,unmatched,,대학·병원,,,
François Lellouche,OTHER,unmatched,,대학·병원,,,
Fred Hutchinson Cancer Center,OTHER,unmatched,,대학·병원,,,
Frederikke Koefoed-Hansen,OTHER,unmatched,,대학·병원,,,
"Freeman-Sheldon Research Group, Inc.",OTHER,unmatched,,대학·병원,,,
Freie Universität Berlin,OTHER,unmatched,,대학·병원,,,
Frisius Medisch Centrum,OTHER,unmatched,,대학·병원,,,
Fu Jen Catholic University Hospital,OTHER,unmatched,,대학·병원,,,
Fudan University,OTHER,unmatched,,대학·병원,,,
Fujian Medical University,OTHER,unmatched,,대학·병원,,,
Fujian Medical University Union Hospital,OTHER,unmatched,,대학·병원,,,
"Funch-Jensen, Peter, M.D., D.M.Sc.",INDIV,unmatched,,대학·병원,,,
Fundacin Biomedica Galicia Sur,OTHER,unmatched,,대학·병원,,,
Fundacio d'Investigacio en Atencio Primaria Jordi Gol i Gurina,OTHER,unmatched,,대학·병원,,,
Fundacion Dexeus,OTHER,unmatched,,대학·병원,,,
Fundacion IMIM,OTHER,unmatched,,대학·병원,,,
Fundacion Miguel Servet,OTHER,unmatched,,대학·병원,,,
Fundacion Podoactiva,OTHER,unmatched,,대학·병원,,,
Fundacion para la Formacion e Investigacion Sanitarias de la Region de Murcia,OTHER,unmatched,,대학·병원,,,
Fundacion para la Investigacion Biomedica del Hospital Universitario Ramon y Cajal,OTHER,unmatched,,대학·병원,,,
Fundacion para la Investigacion Biomedica del Hospital Universitario la Paz,OTHER,unmatched,,대학·병원,,,
Fundacion para la Investigacion y Formacion en Ciencias de la Salud,OTHER,unmatched,,대학·병원,,,
Fundació Eurecat,OTHER,unmatched,,대학·병원,,,
Fundació Institut de Recerca de l'Hospital de la Santa Creu i Sant Pau,OTHER,unmatched,,대학·병원,,,
Fundació Sant Joan de Déu,OTHER,unmatched,,대학·병원,,,
Fundació Universitària del Bages,OTHER,unmatched,,대학·병원,,,
Fundació d'investigació Sanitària de les Illes Balears,OTHER_GOV,unmatched,,대학·병원,,,
Fundación Cardiovascular de Colombia,OTHER,unmatched,,대학·병원,,,
Fundación Fernández-Cruz,OTHER,unmatched,,대학·병원,,,
Fundación Instituto de Estudios de Ciencias de la Salud de Castilla y León,OTHER,unmatched,,대학·병원,,,
Fundación Investigación E Innovación Biomédica Hospital Universitario Infanta Sofia-Henares,OTHER,unmatched,,대학·병원,,,
Fundación Pública Andaluza para la Investigación Biomédica Andalucía Oriental,OTHER,unmatched,,대학·병원,,,
Fundación Pública Andaluza para la Investigación de Málaga en Biomedicina y Salud,OTHER,unmatched,,대학·병원,,,
Fundación Pública Andaluza para la gestión de la Investigación en Sevilla,OTHER,unmatched,,대학·병원,,,
Fundación Universitaria del Area Andina,OTHER,unmatched,,대학·병원,,,
Fundación para la Investigación del Hospital Clínico de Valencia,OTHER,unmatched,,대학·병원,,,
Future Genetics Limited,OTHER,unmatched,,대학·병원,,,
G. d'Annunzio University,OTHER,unmatched,,대학·병원,,,
G.Gennimatas General Hospital,OTHER,unmatched,,대학·병원,,,
GCS Ramsay Santé pour l'Enseignement et la Recherche,OTHER,unmatched,,대학·병원,,,
GEM Hospital & Research Center,OTHER,unmatched,,대학·병원,,,
GENGE,OTHER,unmatched,,대학·병원,,,
GRADE Study Group,OTHER,unmatched,,대학·병원,,,
Gachon University Gil Medical Center,OTHER,unmatched,,대학·병원,,,
Gachon University Gil Oriental Medical Hospital,OTHER,unmatched,,대학·병원,,,
Gadjah Mada University,OTHER,unmatched,,대학·병원,,,
Galveston Clinical Research Foundation,OTHER,unmatched,,대학·병원,,,
Gangnam Severance Hospital,OTHER,unmatched,,대학·병원,,,
Gao Zhiguang,OTHER,unmatched,,대학·병원,,,
Garvan Institute of Medical Research,OTHER,unmatched,,대학·병원,,,
Gary Goldfield,OTHER,unmatched,,대학·병원,,,
Gary L. Pierce,OTHER,unmatched,,대학·병원,,,
"Gastrocirurgia, Brazil",OTHER,unmatched,,대학·병원,,,
Gazi University,OTHER,unmatched,,대학·병원,,,
Gaziantep City Hospital,OTHER,unmatched,,대학·병원,,,
Gehad Abd Elaziz Mhmoud Ahmad,OTHER,unmatched,,대학·병원,,,
Geisinger Clinic,OTHER,unmatched,,대학·병원,,,
"General Committee of Teaching Hospitals and Institutes, Egypt",OTHER_GOV,unmatched,,대학·병원,,,
General Hospital of Ningxia Medical University,OTHER,unmatched,,대학·병원,,,
"General University Hospital, Prague",OTHER,unmatched,,대학·병원,,,
General and Teaching Hospital Celje,OTHER,unmatched,,대학·병원,,,
George Eliot Hospital,OTHER,unmatched,,대학·병원,,,
"George Emil Palade University of Medicine, Pharmacy, Sciences and Technology of Targu Mures",OTHER,unmatched,,대학·병원,,,
George Mason University,OTHER,unmatched,,대학·병원,,,
George Washington University,OTHER,unmatched,,대학·병원,,,
Georgetown University,OTHER,unmatched,,대학·병원,,,
Georgia College and State University,OTHER,unmatched,,대학·병원,,,
Georgia Southern University,OTHER,unmatched,,대학·병원,,,
Georgia State University,OTHER,unmatched,,대학·병원,,,
Georgina Yan,OTHER,unmatched,,대학·병원,,,
Georgios Papadakis,OTHER,unmatched,,대학·병원,,,
"Gerencia de Atención Primaria, Madrid",OTHER_GOV,unmatched,,대학·병원,,,
German Cancer Research Center,OTHER,unmatched,,대학·병원,,,
German Diabetes Center,OTHER,unmatched,,대학·병원,,,
German Federal Institute for Risk Assessment,OTHER,unmatched,,대학·병원,,,
German Institute of Human Nutrition,OTHER,unmatched,,대학·병원,,,
Germans Trias i Pujol Hospital,OTHER,unmatched,,대학·병원,,,
Gil Joon Suh,OTHER,unmatched,,대학·병원,,,
Glaser Pediatric Research Network,NETWORK,unmatched,,대학·병원,,,
Global Healthy Living Foundation,OTHER,unmatched,,대학·병원,,,
"Glostrup University Hospital, Copenhagen",OTHER,unmatched,,대학·병원,,,
Goethe University,OTHER,unmatched,,대학·병원,,,
Goksen Kuran Aslan,OTHER,unmatched,,대학·병원,,,
"Goldman, Butterwick, Fitzpatrick and Groff",OTHER,unmatched,,대학·병원,,,
"Gonzalo Jorquera, PhD",OTHER,unmatched,,대학·병원,,,
Gottfried Rudofsky,OTHER,unmatched,,대학·병원,,,
Govind Ballabh Pant Hospital,OTHER_GOV,unmatched,,대학·병원,,,
Goztepe Prof Dr Suleyman Yalcın City Hospital,OTHER,unmatched,,대학·병원,,,
Goztepe Training and Research Hospital,OTHER,unmatched,,대학·병원,,,
Grace Kim,OTHER,unmatched,,대학·병원,,,
Gramercy Research Group,OTHER,unmatched,,대학·병원,,,
Grand Valley State University,OTHER,unmatched,,대학·병원,,,
Great Ormond Street Hospital for Children NHS Foundation Trust,OTHER,unmatched,,대학·병원,,,
Green Beat,OTHER,unmatched,,대학·병원,,,
"Gregory L Smith, MD, MPH",OTHER,unmatched,,대학·병원,,,
Griffin Hospital,OTHER,unmatched,,대학·병원,,,
Griffith University,OTHER,unmatched,,대학·병원,,,
Group Health Centre,OTHER,unmatched,,대학·병원,,,
Groupe Hospitalier Pitie-Salpetriere,OTHER,unmatched,,대학·병원,,,
Groupe Hospitalier de la Region de Mulhouse et Sud Alsace,OTHER,unmatched,,대학·병원,,,
GrowBaby Life Project,OTHER,unmatched,,대학·병원,,,
Grupo Hospital de Madrid,OTHER,unmatched,,대학·병원,,,
Grupo Lusófona,OTHER,unmatched,,대학·병원,,,
Guang Ning,OTHER,unmatched,,대학·병원,,,
Guang'anmen Hospital of China Academy of Chinese Medical Sciences,OTHER,unmatched,,대학·병원,,,
Guangdong Center for Disease Prevention and Control,OTHER_GOV,unmatched,,대학·병원,,,
Guangdong Provincial Hospital of Traditional Chinese Medicine,OTHER,unmatched,,대학·병원,,,
Guangdong Provincial People's Hospital,OTHER,unmatched,,대학·병원,,,
Guangzhou General Hospital of Guangzhou Military Command,OTHER,unmatched,,대학·병원,,,
Guangzhou Sport University,OTHER,unmatched,,대학·병원,,,
Guangzhou University,OTHER,unmatched,,대학·병원,,,
Guangzhou Women and Children's Medical Center,OTHER,unmatched,,대학·병원,,,
Guiyang College of Traditional Chinese Medicine,OTHER,unmatched,,대학·병원,,,
Gulhane School of Medicine,OTHER,unmatched,,대학·병원,,,
Guy's and St Thomas' NHS Foundation Trust,OTHER,unmatched,,대학·병원,,,
Gynecologic Oncology Group,NETWORK,unmatched,,대학·병원,,,
GÜLDEN ANATACA,OTHER,unmatched,,대학·병원,,,
Göteborg University,OTHER,unmatched,,대학·병원,,,
Gümüşhane Universıty,OTHER,unmatched,,대학·병원,,,
H. Lee Moffitt Cancer Center and Research Institute,OTHER,unmatched,,대학·병원,,,
HAN University of Applied Sciences,OTHER,unmatched,,대학·병원,,,
HCA International Limited,OTHER,unmatched,,대학·병원,,,
"HaEmek Medical Center, Israel",OTHER,unmatched,,대학·병원,,,
Hacettepe University,OTHER,unmatched,,대학·병원,,,
Hadassah Medical Organization,OTHER,unmatched,,대학·병원,,,
Hafiz Muhammad Asif,OTHER,unmatched,,대학·병원,,,
Hafiza Aisha Sadiqa,OTHER,unmatched,,대학·병원,,,
Hai-Jun Wang,OTHER,unmatched,,대학·병원,,,
Hainan Normal University,OTHER,unmatched,,대학·병원,,,
"Haisco Pharmaceutical Group Co., Ltd.",INDUSTRY,unmatched,,대학·병원,,,
Halime Gamze Eroğlu,OTHER,unmatched,,대학·병원,,,
Hallym University,OTHER,unmatched,,대학·병원,,,
Hallym University Kangnam Sacred Heart Hospital,OTHER,unmatched,,대학·병원,,,
Hamamatsu University,OTHER,unmatched,,대학·병원,,,
Hamilton Health Sciences Corporation,OTHER,unmatched,,대학·병원,,,
"Hangzhou Tangji Medical Technology Co., Ltd.",OTHER,unmatched,,대학·병원,,,
Hanife Köksal,OTHER,unmatched,,대학·병원,,,
Hannover Medical School,OTHER,unmatched,,대학·병원,,,
Hanyang University,OTHER,unmatched,,대학·병원,,,
Harbin Sport University,OTHER,unmatched,,대학·병원,,,
Harokopio University,OTHER,unmatched,,대학·병원,,,
Harran University,OTHER,unmatched,,대학·병원,,,
Hartford Hospital,OTHER,unmatched,,대학·병원,,,
Harvard Pilgrim Health Care,OTHER,unmatched,,대학·병원,,,
Harvard School of Public Health (HSPH),OTHER,unmatched,,대학·병원,,,
Harvard University,OTHER,unmatched,,대학·병원,,,
Hasan Kalyoncu University,OTHER,unmatched,,대학·병원,,,
Hasanuddin University,OTHER,unmatched,,대학·병원,,,
Haseki Training and Research Hospital,OTHER,unmatched,,대학·병원,,,
Hasselt University,OTHER,unmatched,,대학·병원,,,
Hatice Akkaya,OTHER_GOV,unmatched,,대학·병원,,,
Hatice Zehra FERHATLAR,OTHER,unmatched,,대학·병원,,,
"Haugaard, Steen Bendix, M.D., DMSc",INDIV,unmatched,,대학·병원,,,
Haukeland University Hospital,OTHER,unmatched,,대학·병원,,,
Haute Ecole Bruxelles-Brabant,OTHER,unmatched,,대학·병원,,,
Havva Talay Çalış,OTHER_GOV,unmatched,,대학·병원,,,
Hawler Medical University,OTHER,unmatched,,대학·병원,,,
Haydarpasa Numune Training and Research Hospital,OTHER,unmatched,,대학·병원,,,
He Eye Hospital,OTHER,unmatched,,대학·병원,,,
Health Education Research Foundation (HERF),OTHER,unmatched,,대학·병원,,,
"Health Resources in Action, Inc.",OTHER,unmatched,,대학·병원,,,
"Health Service Executive, Ireland",OTHER,unmatched,,대학·병원,,,
HealthPartners Institute,OTHER,unmatched,,대학·병원,,,
Healthy Active Living and Obesity Research Group,OTHER,unmatched,,대학·병원,,,
Heart Center Leipzig - University Hospital,OTHER,unmatched,,대학·병원,,,
Heart Health Research Center,OTHER,unmatched,,대학·병원,,,
Heart and Diabetes Center North-Rhine Westfalia,OTHER,unmatched,,대학·병원,,,
Heather Conradson,OTHER,unmatched,,대학·병원,,,
Heather Patton,OTHER,unmatched,,대학·병원,,,
Heba M. Ismail,OTHER,unmatched,,대학·병원,,,
Hebei Medical University Third Hospital,OTHER,unmatched,,대학·병원,,,
Heidelberg University,OTHER,unmatched,,대학·병원,,,
Heidi Ruotsalainen,OTHER,unmatched,,대학·병원,,,
Heidy F. Ahmed,OTHER,unmatched,,대학·병원,,,
Heike Bischoff-Ferrari,OTHER,unmatched,,대학·병원,,,
Heilongjiang University of Chinese Medicine,OTHER,unmatched,,대학·병원,,,
"Heinrich-Heine University, Duesseldorf",OTHER,unmatched,,대학·병원,,,
Helena Laroche,OTHER,unmatched,,대학·병원,,,
Helena Vall Roqué,OTHER,unmatched,,대학·병원,,,
Hellenic Mediterranean University,OTHER,unmatched,,대학·병원,,,
Hellenic Naval Academy,OTHER,unmatched,,대학·병원,,,
Helse Fonna,OTHER,unmatched,,대학·병원,,,
Helse Nord-Trøndelag HF,OTHER,unmatched,,대학·병원,,,
Helse Stavanger HF,OTHER_GOV,unmatched,,대학·병원,,,
Helsinki University Central Hospital,OTHER,unmatched,,대학·병원,,,
Helwan University,OTHER,unmatched,,대학·병원,,,
Henan Provincial People's Hospital,OTHER,unmatched,,대학·병원,,,
Henk FJ Hendriks,OTHER,unmatched,,대학·병원,,,
Henning Bliddal,OTHER,unmatched,,대학·병원,,,
Henrik Gudbergsen,OTHER,unmatched,,대학·병원,,,
Henry Ford Health System,OTHER,unmatched,,대학·병원,,,
Henry M. Jackson Foundation for the Advancement of Military Medicine,OTHER,unmatched,,대학·병원,,,
Heriot-Watt University,OTHER,unmatched,,대학·병원,,,
Herlev Hospital,OTHER,unmatched,,대학·병원,,,
Herlev and Gentofte Hospital,OTHER,unmatched,,대학·병원,,,
Hexsel Dermatology Clinic,OTHER,unmatched,,대학·병원,,,
High Institute of Sports and Physical Education of Kef,OTHER,unmatched,,대학·병원,,,
Hillel Yaffe Medical Center,OTHER_GOV,unmatched,,대학·병원,,,
Hippocration General Hospital,OTHER,unmatched,,대학·병원,,,
Hiroshima University,OTHER,unmatched,,대학·병원,,,
Hisar Intercontinental Hospital,OTHER,unmatched,,대학·병원,,,
Holbaek Sygehus,OTHER,unmatched,,대학·병원,,,
"Holy Family Hospital, Nazareth, Israel",OTHER,unmatched,,대학·병원,,,
Hong Kong Baptist University,OTHER,unmatched,,대학·병원,,,
Hong Kong University of Science and Technology,OTHER,unmatched,,대학·병원,,,
Hongwei Jiang,OTHER,unmatched,,대학·병원,,,
HonorHealth Research Institute,OTHER,unmatched,,대학·병원,,,
Hopital Foch,OTHER,unmatched,,대학·병원,,,
Hopital Forcilles,OTHER,unmatched,,대학·병원,,,
Hopital Lariboisière,OTHER,unmatched,,대학·병원,,,
Hopital Montfort,OTHER,unmatched,,대학·병원,,,
Horus University,OTHER,unmatched,,대학·병원,,,
Hoskinson Health and Wellness Clinic,INDUSTRY,unmatched,,대학·병원,,,
Hospices Civils de Lyon,OTHER,unmatched,,대학·병원,,,
Hospital Civil Juan I. Menchaca,OTHER,unmatched,,대학·병원,,,
Hospital Civil de Guadalajara,OTHER,unmatched,,대학·병원,,,
Hospital Clinic of Barcelona,OTHER,unmatched,,대학·병원,,,
Hospital Clinico Universitario de Santiago,OTHER,unmatched,,대학·병원,,,
Hospital Dona Helena,OTHER,unmatched,,대학·병원,,,
Hospital El Escorial,OTHER,unmatched,,대학·병원,,,
Hospital Federal de Bonsucesso,OTHER,unmatched,,대학·병원,,,
Hospital General Ajusco Medio,OTHER,unmatched,,대학·병원,,,
Hospital General Tlahuac,OTHER_GOV,unmatched,,대학·병원,,,
Hospital General Universitario Elche,OTHER,unmatched,,대학·병원,,,
Hospital General Universitario Gregorio Marañon,OTHER,unmatched,,대학·병원,,,
Hospital General de México Dr. Eduardo Liceaga,OTHER_GOV,unmatched,,대학·병원,,,
Hospital HM Nou Delfos,OTHER,unmatched,,대학·병원,,,
Hospital Infantil de Mexico Federico Gomez,OTHER,unmatched,,대학·병원,,,
Hospital Israelita Albert Einstein,OTHER,unmatched,,대학·병원,,,
Hospital Italiano de Buenos Aires,OTHER,unmatched,,대학·병원,,,
Hospital Juarez de Mexico,OTHER_GOV,unmatched,,대학·병원,,,
Hospital Miguel Servet,OTHER,unmatched,,대학·병원,,,
"Hospital Nacional Homeopático, Mexico",OTHER,unmatched,,대학·병원,,,
Hospital Regional de Alta Especialidad de la Península de Yucatán,OTHER,unmatched,,대학·병원,,,
Hospital Regional de Alta Especialidad del Bajio,OTHER,unmatched,,대학·병원,,,
"Hospital San Carlos, Madrid",OTHER,unmatched,,대학·병원,,,
Hospital Sao Joao,OTHER,unmatched,,대학·병원,,,
Hospital Severo Ochoa,OTHER,unmatched,,대학·병원,,,
Hospital Sirio-Libanes,OTHER,unmatched,,대학·병원,,,
Hospital Son Llatzer,OTHER,unmatched,,대학·병원,,,
Hospital Universitari Vall d'Hebron Research Institute,OTHER,unmatched,,대학·병원,,,
Hospital Universitari de Bellvitge,OTHER,unmatched,,대학·병원,,,
Hospital Universitario Doctor Peset,OTHER,unmatched,,대학·병원,,,
Hospital Universitario Dr. Jose E. Gonzalez,OTHER,unmatched,,대학·병원,,,
Hospital Universitario Infanta Leonor,OTHER,unmatched,,대학·병원,,,
Hospital Universitario Insular Gran Canaria,OTHER,unmatched,,대학·병원,,,
Hospital Universitario La Fe,OTHER,unmatched,,대학·병원,,,
Hospital Universitario Pedro Ernesto,OTHER,unmatched,,대학·병원,,,
Hospital Universitario Ramon y Cajal,OTHER,unmatched,,대학·병원,,,
Hospital Universitario San Ignacio,OTHER,unmatched,,대학·병원,,,
Hospital Universitario Virgen Macarena,OTHER,unmatched,,대학·병원,,,
Hospital Universitario Virgen de la Arrixaca,OTHER,unmatched,,대학·병원,,,
Hospital Universitario de Fuenlabrada,OTHER,unmatched,,대학·병원,,,
Hospital Universiti Sains Malaysia,OTHER,unmatched,,대학·병원,,,
Hospital Vall d'Hebron,OTHER,unmatched,,대학·병원,,,
Hospital das Clínicas de Ribeirão Preto,OTHER,unmatched,,대학·병원,,,
Hospital de Clinicas José de San Martín,OTHER,unmatched,,대학·병원,,,
Hospital de Clinicas de Porto Alegre,OTHER,unmatched,,대학·병원,,,
Hospital de Granollers,OTHER,unmatched,,대학·병원,,,
Hospital de Leon,OTHER_GOV,unmatched,,대학·병원,,,
"Hospital de Santa Maria, Portugal",OTHER,unmatched,,대학·병원,,,
Hospital de Sao Sebastiao,OTHER,unmatched,,대학·병원,,,
Hospital do Coracao,OTHER,unmatched,,대학·병원,,,
Hospital dos Lusíadas,OTHER,unmatched,,대학·병원,,,
Hospitales Universitarios Virgen del Rocío,OTHER,unmatched,,대학·병원,,,
Hospitalsenheden Vest,OTHER,unmatched,,대학·병원,,,
Hossam Kandil,OTHER,unmatched,,대학·병원,,,
Hossam Mahmoud Ibrahim,OTHER,unmatched,,대학·병원,,,
"Huang, Jeannie, M.D.",INDIV,unmatched,,대학·병원,,,
Huashan Hospital,OTHER,unmatched,,대학·병원,,,
Huazhong University of Science and Technology,OTHER,unmatched,,대학·병원,,,
Hubei Hospital of Traditional Chinese Medicine,OTHER,unmatched,,대학·병원,,,
Huijuan Ruan,OTHER,unmatched,,대학·병원,,,
Hull University Teaching Hospitals NHS Trust,OTHER_GOV,unmatched,,대학·병원,,,
Hulya Erbaba,OTHER,unmatched,,대학·병원,,,
Humanity and Health Research Centre,OTHER,unmatched,,대학·병원,,,
Hunan Normal University,OTHER,unmatched,,대학·병원,,,
Hungkuang University,OTHER,unmatched,,대학·병원,,,
Hunter College of City University of New York,OTHER,unmatched,,대학·병원,,,
Husson University,OTHER,unmatched,,대학·병원,,,
Hvidovre University Hospital,OTHER,unmatched,,대학·병원,,,
HÜMEYRA ACIKAN,OTHER,unmatched,,대학·병원,,,
Hôpital Fribourgeois,OTHER,unmatched,,대학·병원,,,
Hôpital le Vinatier,OTHER,unmatched,,대학·병원,,,
I.M. Sechenov First Moscow State Medical University,OTHER,unmatched,,대학·병원,,,
I.R.A. Istituto Ricerche Applicate S.p.A.,NETWORK,unmatched,,대학·병원,,,
I.R.C.C.S Ospedale Galeazzi-Sant'Ambrogio,OTHER,unmatched,,대학·병원,,,
IDeA States Pediatric Clinical Trials Network,NETWORK,unmatched,,대학·병원,,,
IHU Strasbourg,OTHER,unmatched,,대학·병원,,,
IMDEA Food,OTHER,unmatched,,대학·병원,,,
"IMU University, Malaysia",OTHER,unmatched,,대학·병원,,,
IRCCS Azienda Ospedaliero-Universitaria di Bologna,OTHER,unmatched,,대학·병원,,,
IRCCS Policlinico S. Donato,OTHER,unmatched,,대학·병원,,,
"IRCCS San Camillo, Venezia, Italy",OTHER,unmatched,,대학·병원,,,
IRCCS San Raffaele,OTHER,unmatched,,대학·병원,,,
IRCCS San Raffaele Roma,OTHER,unmatched,,대학·병원,,,
"ISA Associates, Inc.",OTHER,unmatched,,대학·병원,,,
IVO JURISIC,OTHER,unmatched,,대학·병원,,,
IWK Health Centre,OTHER,unmatched,,대학·병원,,,
Iain Bressendorff,OTHER,unmatched,,대학·병원,,,
"Ian J. Neeland, MD",OTHER,unmatched,,대학·병원,,,
"Ian M. Paul, MD",OTHER,unmatched,,대학·병원,,,
"Iaso Maternity Hospital, Athens, Greece",OTHER,unmatched,,대학·병원,,,
Iberoamerican Institute of Sports Science and Human Movement,OTHER,unmatched,,대학·병원,,,
Icahn School of Medicine at Mount Sinai,OTHER,unmatched,,대학·병원,,,
Idaho State University,OTHER,unmatched,,대학·병원,,,
Idoia Labayen,OTHER,unmatched,,대학·병원,,,
Ihuoma Eneli,OTHER,unmatched,,대학·병원,,,
Ildiko Lingvay,OTHER,unmatched,,대학·병원,,,
Illinois Institute of Technology,OTHER,unmatched,,대학·병원,,,
Ilya Khaytin,OTHER,unmatched,,대학·병원,,,
Imad Absah,OTHER,unmatched,,대학·병원,,,
Imam Abdulrahman Bin Faisal University,OTHER,unmatched,,대학·병원,,,
Imperial College Healthcare NHS Trust,OTHER,unmatched,,대학·병원,,,
Imperial College London,OTHER,unmatched,,대학·병원,,,
Imperial College London Diabetes Centre,OTHER,unmatched,,대학·병원,,,
InCor Heart Institute,OTHER,unmatched,,대학·병원,,,
InQpharm Group,INDUSTRY,unmatched,,대학·병원,,,
India Diabetes Research Foundation & Dr. A. Ramachandran's Diabetes Hospitals,OTHER,unmatched,,대학·병원,,,
Indiana Kidney Stone Institute,OTHER,unmatched,,대학·병원,,,
Indiana University,OTHER,unmatched,,대학·병원,,,
Ingrid Jazet,OTHER,unmatched,,대학·병원,,,
Inha University Hospital,OTHER,unmatched,,대학·병원,,,
Inland Norway University of Applied Sciences,OTHER,unmatched,,대학·병원,,,
Inonu University,OTHER,unmatched,,대학·병원,,,
Inova Health Care Services,OTHER,unmatched,,대학·병원,,,
"Insel Gruppe AG, University Hospital Bern",OTHER,unmatched,,대학·병원,,,
Institut Investigacio Sanitaria Pere Virgili,OTHER,unmatched,,대학·병원,,,
Institut Mutualiste Montsouris,OTHER,unmatched,,대학·병원,,,
"Institut National de Recherche pour l'Agriculture, l'Alimentation et l'Environnement",OTHER,unmatched,,대학·병원,,,
"Institut National de la Santé Et de la Recherche Médicale, France",OTHER_GOV,unmatched,,대학·병원,,,
Institut Pasteur,INDUSTRY,unmatched,,대학·병원,,,
Institut Pasteur de Lille,OTHER,unmatched,,대학·병원,,,
Institut d'Investigació Biomèdica de Bellvitge,OTHER,unmatched,,대학·병원,,,
Institut d'Investigació Biomèdica de Girona Dr. Josep Trueta,OTHER,unmatched,,대학·병원,,,
Institut de Médecine et d'Epidémiologie Appliquée - Fondation Internationale Léon M'Ba,OTHER,unmatched,,대학·병원,,,
Institut de Recerca Biomèdica de Lleida,OTHER,unmatched,,대학·병원,,,
Institut de Recherches Cliniques de Montreal,OTHER,unmatched,,대학·병원,,,
"Institut universitaire de cardiologie et de pneumologie de Québec, University Laval",OTHER,unmatched,,대학·병원,,,
Institute Hyalual GmbH,INDUSTRY,unmatched,,대학·병원,,,
Institute for Clinical and Experimental Medicine,OTHER_GOV,unmatched,,대학·병원,,,
Institute for Healthier Living Abu Dhabi,OTHER,unmatched,,대학·병원,,,
"Institute for Human Development and Potential (IHDP), Singapore",OTHER,unmatched,,대학·병원,,,
Institute for Molecular Medicine,OTHER,unmatched,,대학·병원,,,
Institute for Neurodegenerative Disorders,OTHER,unmatched,,대학·병원,,,
"Institute for Preventive Medicine, Trzaska",OTHER,unmatched,,대학·병원,,,
Institute of Child Health,OTHER,unmatched,,대학·병원,,,
"Institute of Dermatology, Thailand",OTHER_GOV,unmatched,,대학·병원,,,
Institute of Health Information and Statistics of the Czech Republic,OTHER_GOV,unmatched,,대학·병원,,,
"Institute of Liver and Biliary Sciences, India",OTHER,unmatched,,대학·병원,,,
"Institute of Mother and Child, Warsaw, Poland",OTHER,unmatched,,대학·병원,,,
"Institute of Nutrition, Slovenia (Nutris)",OTHER,unmatched,,대학·병원,,,
Institute of Oncology Ljubljana,OTHER,unmatched,,대학·병원,,,
"Institute of Tropical Medicine, Belgium",OTHER,unmatched,,대학·병원,,,
Instituto Aragones de Ciencias de la Salud,OTHER_GOV,unmatched,,대학·병원,,,
Instituto Jalisciense de Cancerologia,OTHER_GOV,unmatched,,대학·병원,,,
Instituto Mexicano del Seguro Social,OTHER_GOV,unmatched,,대학·병원,,,
"Instituto Nacional Materno Perinatal, Peru",OTHER,unmatched,,대학·병원,,,
Instituto Nacional de Cardiologia Ignacio Chavez,OTHER,unmatched,,대학·병원,,,
Instituto Nacional de Ciencias Medicas y Nutricion Salvador Zubiran,OTHER,unmatched,,대학·병원,,,
Instituto Nacional de Enfermedades Respiratorias,OTHER_GOV,unmatched,,대학·병원,,,
Instituto Nacional de Perinatologia Isidro Espinosa de los Reyes,OTHER_GOV,unmatched,,대학·병원,,,
Instituto Nacional de Psiquiatría Dr. Ramón de la Fuente,OTHER,unmatched,,대학·병원,,,
"Instituto Nacional de Salud Publica, Mexico",OTHER,unmatched,,대학·병원,,,
Instituto Paulo Reis,OTHER,unmatched,,대학·병원,,,
Instituto Politécnico da Guarda,OTHER,unmatched,,대학·병원,,,
Instituto Politécnico de Castelo Branco,OTHER,unmatched,,대학·병원,,,
Instituto Politécnico de Leiria,OTHER,unmatched,,대학·병원,,,
Instituto Potosino De Investigacion Cientifica Y Tecnologica AC,OTHER,unmatched,,대학·병원,,,
Instituto Tecnologico y de Estudios Superiores de Monterey,OTHER,unmatched,,대학·병원,,,
Instituto Tecnológico y de Estudios Superiores de Occidente,OTHER,unmatched,,대학·병원,,,
"Instituto Valenciano de Infertilidad, IVI VALENCIA",OTHER,unmatched,,대학·병원,,,
Instituto de Cardiologia do Rio Grande do Sul,OTHER,unmatched,,대학·병원,,,
Instituto de Ciencia y Tecnología de Alimentos y Nutrición,OTHER_GOV,unmatched,,대학·병원,,,
Instituto de Desarrollo e Investigaciones Pediátricas Prof. Dr. Fernando E. Viteri,OTHER,unmatched,,대학·병원,,,
Instituto de Investigacion Sanitaria La Fe,OTHER,unmatched,,대학·병원,,,
Instituto de Investigación Hospital Universitario La Paz,OTHER,unmatched,,대학·병원,,,
Instituto de Investigación Marqués de Valdecilla,OTHER,unmatched,,대학·병원,,,
Instituto de Investigación Sanitaria de la Fundación Jiménez Díaz,OTHER,unmatched,,대학·병원,,,
Instituto de Nutrición y Tecnología de los Alimentos,OTHER,unmatched,,대학·병원,,,
Instituto de Oftalmología Fundación Conde de Valenciana,OTHER,unmatched,,대학·병원,,,
Instituto de Salud Carlos III,OTHER_GOV,unmatched,,대학·병원,,,
Instituto de Seguridad y Servicios Sociales de los Trabajadores del Estado,OTHER_GOV,unmatched,,대학·병원,,,
Inter-American Development Bank,OTHER,unmatched,,대학·병원,,,
"Intermountain Health Care, Inc.",OTHER,unmatched,,대학·병원,,,
"International Centre for Diarrhoeal Disease Research, Bangladesh",OTHER,unmatched,,대학·병원,,,
Iowa City Veterans Affairs Medical Center,FED,unmatched,,대학·병원,,,
Iowa State University,OTHER,unmatched,,대학·병원,,,
Iran University of Medical Sciences,OTHER,unmatched,,대학·병원,,,
Irem Caner,OTHER,unmatched,,대학·병원,,,
Isabella Guiha,OTHER,unmatched,,대학·병원,,,
Isabelle Herter-Aeberli,OTHER,unmatched,,대학·병원,,,
Isfahan University of Medical Sciences,OTHER,unmatched,,대학·병원,,,
Istanbul Aydın University,OTHER,unmatched,,대학·병원,,,
Istanbul Bilgi University,OTHER,unmatched,,대학·병원,,,
Istanbul Galata University,OTHER,unmatched,,대학·병원,,,
Istanbul Gelisim University,OTHER,unmatched,,대학·병원,,,
Istanbul Medeniyet University,OTHER,unmatched,,대학·병원,,,
Istanbul Medipol University Hospital,OTHER,unmatched,,대학·병원,,,
Istanbul Nisantasi University,OTHER,unmatched,,대학·병원,,,
Istanbul Saglik Bilimleri University,OTHER,unmatched,,대학·병원,,,
Istanbul Training and Research Hospital,OTHER_GOV,unmatched,,대학·병원,,,
Istanbul University,OTHER,unmatched,,대학·병원,,,
Istanbul University - Cerrahpasa,OTHER,unmatched,,대학·병원,,,
Istinye University,OTHER,unmatched,,대학·병원,,,
Istituto Auxologico Italiano,OTHER,unmatched,,대학·병원,,,
Istituto Nazionale di Ricovero e Cura per Anziani,OTHER,unmatched,,대학·병원,,,
Istituto Oncologico Veneto IRCCS,OTHER,unmatched,,대학·병원,,,
Istituto Ortopedico Rizzoli,OTHER,unmatched,,대학·병원,,,
Istituto di Fisiologia Clinica CNR,OTHER,unmatched,,대학·병원,,,
Italo Biaggioni,OTHER,unmatched,,대학·병원,,,
Itshak Amsalem,OTHER,unmatched,,대학·병원,,,
Ivan Luzardo-Ocampo,OTHER,unmatched,,대학·병원,,,
Izmir Katip Celebi University,OTHER,unmatched,,대학·병원,,,
"JSS MEDICAL COLLEGE, JSS ACADEMY OF HIGHER EDUCATION AND RESEARCH",OTHER,unmatched,,대학·병원,,,
JULIO GRANADOS MONTIEL,OTHER,unmatched,,대학·병원,,,
Jacek Kubica,OTHER,unmatched,,대학·병원,,,
Jack Yanovski,NIH,unmatched,,대학·병원,,,
"Jack Yanovski, M.D.",NIH,unmatched,,대학·병원,,,
Jacob M. Elkins,OTHER,unmatched,,대학·병원,,,
Jacob Moller,OTHER,unmatched,,대학·병원,,,
Jacobi Medical Center,OTHER,unmatched,,대학·병원,,,
Jacqueline Isaura Alvarez Leite,OTHER,unmatched,,대학·병원,,,
Jagiellonian University,OTHER,unmatched,,대학·병원,,,
Jaimie N. Davis,OTHER,unmatched,,대학·병원,,,
Jamaica Hospital Medical Center,OTHER,unmatched,,대학·병원,,,
James J. Peters Veterans Affairs Medical Center,FED,unmatched,,대학·병원,,,
James King,OTHER,unmatched,,대학·병원,,,
Jan Frystyk,OTHER,unmatched,,대학·병원,,,
Jan Kochanowski University,OTHER,unmatched,,대학·병원,,,
Janelle Vaughns,OTHER,unmatched,,대학·병원,,,
Janey Pratt,OTHER,unmatched,,대학·병원,,,
Japanese Plasmalogen Society,OTHER,unmatched,,대학·병원,,,
Jared Bruce,OTHER,unmatched,,대학·병원,,,
Jarle Berge,OTHER,unmatched,,대학·병원,,,
Jarosław Drobnik,OTHER,unmatched,,대학·병원,,,
Jaseng Medical Foundation,OTHER,unmatched,,대학·병원,,,
Jasim Mohammed Alshammari,OTHER,unmatched,,대학·병원,,,
Javier H Campos,OTHER,unmatched,,대학·병원,,,
Jean L. Fry,OTHER,unmatched,,대학·병원,,,
Jeff Reeves,OTHER,unmatched,,대학·병원,,,
Jeffrey Browning,OTHER,unmatched,,대학·병원,,,
Jeffrey Hazey,OTHER,unmatched,,대학·병원,,,
"Jeffrey L Zitsman, MD",OTHER,unmatched,,대학·병원,,,
Jeju National University Hospital,OTHER,unmatched,,대학·병원,,,
Jelizaveta Sokolovska,OTHER,unmatched,,대학·병원,,,
Jennifer Sherr,OTHER,unmatched,,대학·병원,,,
"Jenny Tong, MD, MPH",OTHER,unmatched,,대학·병원,,,
"Jens D Hove, MD,PHD",OTHER,unmatched,,대학·병원,,,
Jens Faber,OTHER,unmatched,,대학·병원,,,
Jeppe Skov,OTHER,unmatched,,대학·병원,,,
Jerry Dang,OTHER,unmatched,,대학·병원,,,
Jesper Kjaergaard,OTHER,unmatched,,대학·병원,,,
Jesse Nodora,OTHER,unmatched,,대학·병원,,,
JeyaKumar Henry,OTHER_GOV,unmatched,,대학·병원,,,
"Ji Xunming,MD,PhD",OTHER,unmatched,,대학·병원,,,
Jian-Kun Hu,OTHER,unmatched,,대학·병원,,,
Jianbo Wu,OTHER,unmatched,,대학·병원,,,
Jiaomei Yang,OTHER,unmatched,,대학·병원,,,
Jinan University Guangzhou,OTHER,unmatched,,대학·병원,,,
Jing Liu,OTHER,unmatched,,대학·병원,,,
Jing Luo,OTHER,unmatched,,대학·병원,,,
Jing Ma,OTHER,unmatched,,대학·병원,,,
Jing Xin,OTHER,unmatched,,대학·병원,,,
"Jinling Hospital, China",OTHER,unmatched,,대학·병원,,,
Jinnah Postgraduate Medical Centre,OTHER_GOV,unmatched,,대학·병원,,,
Jody Dushay,OTHER,unmatched,,대학·병원,,,
Joel Lavine,OTHER,unmatched,,대학·병원,,,
"Joel Thompson, PhD",OTHER,unmatched,,대학·병원,,,
Johane Allard,OTHER,unmatched,,대학·병원,,,
Johann Wolfgang Goethe University Hospital,OTHER,unmatched,,대학·병원,,,
Johannes Gutenberg University Mainz,OTHER,unmatched,,대학·병원,,,
John Bauer,OTHER,unmatched,,대학·병원,,,
"John M. Jakicic, PhD",OTHER,unmatched,,대학·병원,,,
John Sievenpiper,OTHER,unmatched,,대학·병원,,,
Johns Hopkins Bloomberg School of Public Health,OTHER,unmatched,,대학·병원,,,
Johns Hopkins University,OTHER,unmatched,,대학·병원,,,
Joint Authority for Päijät-Häme Social and Health Care,OTHER,unmatched,,대학·병원,,,
"Joint Restoration Foundation, Inc.",OTHER,unmatched,,대학·병원,,,
Jonathan Pearlman,OTHER,unmatched,,대학·병원,,,
Jonsson Comprehensive Cancer Center,OTHER,unmatched,,대학·병원,,,
Jorge Azorin Lopez,OTHER,unmatched,,대학·병원,,,
Jose Galgani,OTHER,unmatched,,대학·병원,,,
Jose Roberto Cortelli,OTHER,unmatched,,대학·병원,,,
Jose Seijas Amigo,OTHER,unmatched,,대학·병원,,,
Joseph Donnelly,OTHER,unmatched,,대학·병원,,,
"Joshua A. Lile, Ph.D.",OTHER,unmatched,,대학·병원,,,
Joslin Diabetes Center,OTHER,unmatched,,대학·병원,,,
José Antonio Mata Marín,OTHER_GOV,unmatched,,대학·병원,,,
"José Enrique de la Rubia Ortí, Ph",OTHER,unmatched,,대학·병원,,,
Juan F. Masa,OTHER,unmatched,,대학·병원,,,
Juan Pablo Castanedo-Cazares,OTHER,unmatched,,대학·병원,,,
Jules Desmeules,OTHER,unmatched,,대학·병원,,,
Juliana CN Chan,OTHER,unmatched,,대학·병원,,,
Julie Nangia,OTHER,unmatched,,대학·병원,,,
"K. Kay Durairaj, MD, FACS, A Medical Corporation",OTHER,unmatched,,대학·병원,,,
KK Women's and Children's Hospital,OTHER_GOV,unmatched,,대학·병원,,,
KU Leuven,OTHER,unmatched,,대학·병원,,,
Kafrelsheikh University,OTHER,unmatched,,대학·병원,,,
Kagoshima University,OTHER,unmatched,,대학·병원,,,
Kahramanmaras Sutcu Imam University,OTHER,unmatched,,대학·병원,,,
Kaichun Wu,OTHER,unmatched,,대학·병원,,,
Kaiser Clinic and Hospital,OTHER,unmatched,,대학·병원,,,
Kaiser Permanente,OTHER,unmatched,,대학·병원,,,
"Kalpna Kay Durairaj, MD, FACS",OTHER,unmatched,,대학·병원,,,
Kambiz Norozi,OTHER,unmatched,,대학·병원,,,
Kamil Dağcılar,OTHER,unmatched,,대학·병원,,,
Kansas State University,OTHER,unmatched,,대학·병원,,,
Kaohsiung Medical University Chung-Ho Memorial Hospital,OTHER,unmatched,,대학·병원,,,
Kaplan Medical Center,OTHER,unmatched,,대학·병원,,,
Karabuk University,OTHER,unmatched,,대학·병원,,,
Karachi Medical and Dental College,OTHER,unmatched,,대학·병원,,,
Karaman Training and Research Hospital,OTHER,unmatched,,대학·병원,,,
Kari Alyse Leibowitz,OTHER,unmatched,,대학·병원,,,
Karina Vejrum Sørensen,OTHER,unmatched,,대학·병원,,,
Karine Ferreira Agra,OTHER,unmatched,,대학·병원,,,
Karl Neff,OTHER,unmatched,,대학·병원,,,
Karolinska Institutet,OTHER,unmatched,,대학·병원,,,
Karolinska University Hospital,OTHER,unmatched,,대학·병원,,,
Kasr El Aini Hospital,OTHER,unmatched,,대학·병원,,,
Katarina Kos,OTHER,unmatched,,대학·병원,,,
Katharina Timper,OTHER,unmatched,,대학·병원,,,
Kathryn Beardsall,OTHER,unmatched,,대학·병원,,,
"Katz, Sherri Lynne, M.D.",INDIV,unmatched,,대학·병원,,,
Kaunas University of Medicine,OTHER,unmatched,,대학·병원,,,
Kayseri City Hospital,OTHER_GOV,unmatched,,대학·병원,,,
Kazakh Academy of Nutrition,OTHER,unmatched,,대학·병원,,,
Kecioren Education and Training Hospital,OTHER,unmatched,,대학·병원,,,
"Keith D Lindor, M.D.",OTHER,unmatched,,대학·병원,,,
"Keith Pereira, MD:",OTHER,unmatched,,대학·병원,,,
Kelly Allison,OTHER,unmatched,,대학·병원,,,
Kennesaw State University,OTHER,unmatched,,대학·병원,,,
"Kenneth Pienta, MD",OTHER,unmatched,,대학·병원,,,
Kent State University,OTHER,unmatched,,대학·병원,,,
Kessler Foundation,OTHER,unmatched,,대학·병원,,,
Khon Kaen University,OTHER,unmatched,,대학·병원,,,
Khoo Teck Puat Hospital,OTHER,unmatched,,대학·병원,,,
Khyber Medical University Peshawar,OTHER,unmatched,,대학·병원,,,
Khyber Teaching Hospital,OTHER,unmatched,,대학·병원,,,
"Kiierr International, LLC",INDUSTRY,unmatched,,대학·병원,,,
KiloCoach e.U.,OTHER,unmatched,,대학·병원,,,
King Abdullah International Medical Research Center,OTHER,unmatched,,대학·병원,,,
King Edward Medical University,OTHER,unmatched,,대학·병원,,,
King Faisal University,OTHER,unmatched,,대학·병원,,,
King Hussein Cancer Center,OTHER,unmatched,,대학·병원,,,
King Khalid University Hospital,OTHER,unmatched,,대학·병원,,,
King Saud University,OTHER,unmatched,,대학·병원,,,
King's College Hospital NHS Trust,OTHER,unmatched,,대학·병원,,,
King's College London,OTHER,unmatched,,대학·병원,,,
Kirby Institute,OTHER_GOV,unmatched,,대학·병원,,,
Kirk Reichard,OTHER,unmatched,,대학·병원,,,
Kirsehir Ahi Evran Universitesi,OTHER,unmatched,,대학·병원,,,
Kirsi Pietiläinen,OTHER,unmatched,,대학·병원,,,
Kirstine Nyvold Bojsen-Moeller,OTHER,unmatched,,대학·병원,,,
"Klarić, Vlasta, M.D.",INDIV,unmatched,,대학·병원,,,
Klaus Gottlob Müller,OTHER,unmatched,,대학·병원,,,
Klinikum Oldenburg gGmbH,OTHER,unmatched,,대학·병원,,,
Knut Mai,OTHER,unmatched,,대학·병원,,,
Kocaeli City Hospital,OTHER_GOV,unmatched,,대학·병원,,,
Kocaeli Derince Education and Research Hospital,OTHER,unmatched,,대학·병원,,,
Kocaeli University,OTHER,unmatched,,대학·병원,,,
Konya City Hospital,OTHER,unmatched,,대학·병원,,,
Korea University,OTHER,unmatched,,대학·병원,,,
Korea University Anam Hospital,OTHER,unmatched,,대학·병원,,,
Korea University Guro Hospital,OTHER,unmatched,,대학·병원,,,
"Kowa Research Institute, Inc.",INDUSTRY,unmatched,,대학·병원,,,
Koç University,OTHER,unmatched,,대학·병원,,,
Krankenhaus Barmherzige Schwestern Linz,OTHER,unmatched,,대학·병원,,,
Kristian Karstoft,OTHER,unmatched,,대학·병원,,,
Kristin R Hoffman,OTHER,unmatched,,대학·병원,,,
Kristine Færch,OTHER,unmatched,,대학·병원,,,
Kronoberg County Council,OTHER_GOV,unmatched,,대학·병원,,,
Kular Hospital,OTHER,unmatched,,대학·병원,,,
Kuopio University Hospital,OTHER,unmatched,,대학·병원,,,
Kutahya Health Sciences University,OTHER,unmatched,,대학·병원,,,
Kuwait University,OTHER,unmatched,,대학·병원,,,
Kyle Flack,OTHER,unmatched,,대학·병원,,,
Kyle Hackney,OTHER,unmatched,,대학·병원,,,
Kyung Hee University Hospital at Gangdong,OTHER,unmatched,,대학·병원,,,
Kyunghee University,OTHER,unmatched,,대학·병원,,,
Kyunghee University Medical Center,OTHER,unmatched,,대학·병원,,,
Kırıkkale University,OTHER,unmatched,,대학·병원,,,
LHL Helse,OTHER,unmatched,,대학·병원,,,
LMC Diabetes & Endocrinology Ltd.,OTHER,unmatched,,대학·병원,,,
Laboratoire des Adaptations Métaboliques à l'Exercice en conditions Physiologiques et Pathologiques,OTHER,unmatched,,대학·병원,,,
Laboratorio de Vibraçoes Mecanicas e Praticas Integrativas,OTHER,unmatched,,대학·병원,,,
"Laboratory of Movement, Condorcet, Tournai, Belgium",OTHER,unmatched,,대학·병원,,,
Laboratório de Pesquisa em Lazer e Atividade Física,OTHER,unmatched,,대학·병원,,,
Lahey Clinic,OTHER,unmatched,,대학·병원,,,
Lancaster General Hospital,OTHER,unmatched,,대학·병원,,,
Landmark Medical Centre Sdn Bhd,OTHER,unmatched,,대학·병원,,,
Laniado Hospital,OTHER,unmatched,,대학·병원,,,
Laouani Aicha,OTHER,unmatched,,대학·병원,,,
"Larissa McGarrity, Ph.D.",OTHER,unmatched,,대학·병원,,,
Larissa University Hospital,OTHER,unmatched,,대학·병원,,,
Las Rías Medical Center,OTHER,unmatched,,대학·병원,,,
Laser Beamer Skincare,OTHER,unmatched,,대학·병원,,,
Laterza Lucrezia,OTHER,unmatched,,대학·병원,,,
Laval University,OTHER,unmatched,,대학·병원,,,
Leach Chiropractic Clinic,OTHER,unmatched,,대학·병원,,,
Lebanese University,OTHER,unmatched,,대학·병원,,,
"Lecube, Albert, M.D.",INDIV,unmatched,,대학·병원,,,
Leeds Beckett University,OTHER,unmatched,,대학·병원,,,
Leiden University Medical Center,OTHER,unmatched,,대학·병원,,,
Lev-Hasharon Mental Healtlh Center,OTHER_GOV,unmatched,,대학·병원,,,
"Levenson, David I., M.D.",INDIV,unmatched,,대학·병원,,,
Levit Dermatology,OTHER,unmatched,,대학·병원,,,
"Lewai Sharki Abdulaziz, MSc PhD",OTHER,unmatched,,대학·병원,,,
Lewis Lipsitz,OTHER,unmatched,,대학·병원,,,
"Lexington International, LLC",INDUSTRY,unmatched,,대학·병원,,,
Lia Bally,OTHER,unmatched,,대학·병원,,,
Lievensberg Ziekenhuis,OTHER,unmatched,,대학·병원,,,
Life University,OTHER,unmatched,,대학·병원,,,
Lifespan,OTHER,unmatched,,대학·병원,,,
Ligue Pulmonaire Genevoise,OTHER,unmatched,,대학·병원,,,
Lille Catholic University,OTHER,unmatched,,대학·병원,,,
Linda Malan,OTHER,unmatched,,대학·병원,,,
Lindenwood University,OTHER,unmatched,,대학·병원,,,
Lindner Center of HOPE,OTHER,unmatched,,대학·병원,,,
Lindsey Miller,OTHER,unmatched,,대학·병원,,,
Linkoeping University,OTHER_GOV,unmatched,,대학·병원,,,
Lisa Gallagher,OTHER,unmatched,,대학·병원,,,
Lisa Tussing-Humphreys,OTHER,unmatched,,대학·병원,,,
Lithuanian Sports University,OTHER,unmatched,,대학·병원,,,
Lithuanian University of Health Sciences,OTHER,unmatched,,대학·병원,,,
Liu Yan,OTHER,unmatched,,대학·병원,,,
Liverpool Heart and Chest Hospital NHS Foundation Trust,OTHER,unmatched,,대학·병원,,,
Liverpool Hope University,OTHER,unmatched,,대학·병원,,,
Liverpool John Moores University,OTHER,unmatched,,대학·병원,,,
Liverpool University Hospitals NHS Foundation Trust,OTHER_GOV,unmatched,,대학·병원,,,
Loma Linda University,OTHER,unmatched,,대학·병원,,,
London Health Sciences Centre Research Institute OR Lawson Research Institute of St. Joseph's,OTHER,unmatched,,대학·병원,,,
London North West Healthcare NHS Trust,OTHER,unmatched,,대학·병원,,,
London School of Hygiene and Tropical Medicine,OTHER,unmatched,,대학·병원,,,
Longgang District People's Hospital of Shenzhen,OTHER,unmatched,,대학·병원,,,
Lora Burke,OTHER,unmatched,,대학·병원,,,
Lotung Poh-Ai Hospital,OTHER,unmatched,,대학·병원,,,
Lou Qingqing,OTHER_GOV,unmatched,,대학·병원,,,
Loughborough University,OTHER,unmatched,,대학·병원,,,
Louis Pérusse,OTHER,unmatched,,대학·병원,,,
Louis Stokes VA Medical Center,FED,unmatched,,대학·병원,,,
Louis Turcanu Emergency Hospital for Children,OTHER,unmatched,,대학·병원,,,
Louisiana State University Health Sciences Center in New Orleans,OTHER,unmatched,,대학·병원,,,
Louisiana State University and A&M College,OTHER,unmatched,,대학·병원,,,
Loyola University,OTHER,unmatched,,대학·병원,,,
Lu Yi,OTHER,unmatched,,대학·병원,,,
Ludwig Boltzmann Institute for Lung Health,OTHER,unmatched,,대학·병원,,,
Ludwig-Maximilians - University of Munich,OTHER,unmatched,,대학·병원,,,
Luis A. Moreno Aznar,OTHER,unmatched,,대학·병원,,,
Lund University,OTHER,unmatched,,대학·병원,,,
Lundquist Institute for Biomedical Innovation at Harbor-UCLA Medical Center,OTHER,unmatched,,대학·병원,,,
Luxembourg Institute of Health,OTHER_GOV,unmatched,,대학·병원,,,
Luzerner Kantonsspital,OTHER,unmatched,,대학·병원,,,
M.D. Anderson Cancer Center,OTHER,unmatched,,대학·병원,,,
M.D. Samir G. Sukkar,OTHER,unmatched,,대학·병원,,,
MARCIO CORRÊA MANCINI,OTHER,unmatched,,대학·병원,,,
MEDICONE PROJETOS E SOLUCOES PARA A INDUSTRIA E A SAUDE LTDA,OTHER,unmatched,,대학·병원,,,
MEDIGREIF Inselklinik Heringsdorf,NETWORK,unmatched,,대학·병원,,,
Maastricht University,OTHER,unmatched,,대학·병원,,,
Maastricht University Medical Center,OTHER,unmatched,,대학·병원,,,
Mackay Medical College,OTHER,unmatched,,대학·병원,,,
Madeleine Elisabeth Angelsen,OTHER,unmatched,,대학·병원,,,
Madigan Army Medical Center,FED,unmatched,,대학·병원,,,
Mae Fah Luang University Hospital,OTHER,unmatched,,대학·병원,,,
Mahidol University,OTHER,unmatched,,대학·병원,,,
Mahmoud Awad Ramadan Elkholy,OTHER,unmatched,,대학·병원,,,
Maimonides Medical Center,OTHER,unmatched,,대학·병원,,,
Maimónides Biomedical Research Institute of Córdoba,OTHER,unmatched,,대학·병원,,,
MaineHealth,OTHER,unmatched,,대학·병원,,,
Mais Qais Hbeeb,OTHER,unmatched,,대학·병원,,,
Maisonneuve-Rosemont Hospital,OTHER,unmatched,,대학·병원,,,
Majmaah University,OTHER,unmatched,,대학·병원,,,
Makenzie Barr-Porter,OTHER,unmatched,,대학·병원,,,
Malatya Turgut Ozal University,OTHER,unmatched,,대학·병원,,,
Malawi Epidemiology and Intervention Research Unit,OTHER,unmatched,,대학·병원,,,
Malaysia Palm Oil Board,OTHER_GOV,unmatched,,대학·병원,,,
"Malia Shimokawa, MD",OTHER,unmatched,,대학·병원,,,
Manal Abdelmalek,OTHER,unmatched,,대학·병원,,,
Manassas Internal Medicine,OTHER,unmatched,,대학·병원,,,
Manchester Metropolitan University,OTHER,unmatched,,대학·병원,,,
Manchester University NHS Foundation Trust,OTHER_GOV,unmatched,,대학·병원,,,
Mando Group AB,INDUSTRY,unmatched,,대학·병원,,,
Manjunath Prakash Pai,OTHER,unmatched,,대학·병원,,,
Mansa,OTHER,unmatched,,대학·병원,,,
Mansoura University,OTHER,unmatched,,대학·병원,,,
Mansoura University Children Hospital,OTHER,unmatched,,대학·병원,,,
Manuel C. Vallejo,OTHER,unmatched,,대학·병원,,,
Marathon Family Health Team,OTHER,unmatched,,대학·병원,,,
Marc Suhrcke,OTHER,unmatched,,대학·병원,,,
Marco Bueter,OTHER,unmatched,,대학·병원,,,
Marek Straczkowski,OTHER,unmatched,,대학·병원,,,
Maria Cecilia Hospital,OTHER,unmatched,,대학·병원,,,
Maria Chondronikola,OTHER,unmatched,,대학·병원,,,
Maria Luger,OTHER,unmatched,,대학·병원,,,
Marie HERR,OTHER,unmatched,,대학·병원,,,
Marie-France Langlois,OTHER,unmatched,,대학·병원,,,
Mario Fritsch Neves,OTHER,unmatched,,대학·병원,,,
Mario Musella MD,OTHER,unmatched,,대학·병원,,,
Mario Negri Institute for Pharmacological Research,OTHER,unmatched,,대학·병원,,,
Marja-Riitta Taskinen,OTHER,unmatched,,대학·병원,,,
Marjukka Kolehmainen,OTHER,unmatched,,대학·병원,,,
"Mark Dignan, PhD",OTHER,unmatched,,대학·병원,,,
Marko Kraljevic,OTHER,unmatched,,대학·병원,,,
Marlene Starr,OTHER,unmatched,,대학·병원,,,
Marmara University,OTHER,unmatched,,대학·병원,,,
Marmara University Pendik Training and Research Hospital,OTHER,unmatched,,대학·병원,,,
Marquette University,OTHER,unmatched,,대학·병원,,,
Marsha Ma,OTHER,unmatched,,대학·병원,,,
Marshall University,OTHER,unmatched,,대학·병원,,,
Marta Alicia Menjivar Iraheta,OTHER,unmatched,,대학·병원,,,
Martin Haluzik,OTHER_GOV,unmatched,,대학·병원,,,
"Mary Ellen Vajravelu, MD",OTHER,unmatched,,대학·병원,,,
"Mary-Ellen Taplin, MD",OTHER,unmatched,,대학·병원,,,
Marymount University,OTHER,unmatched,,대학·병원,,,
Marzieh Salehi,OTHER,unmatched,,대학·병원,,,
Masaryk University,OTHER,unmatched,,대학·병원,,,
"Masonic Cancer Center, University of Minnesota",OTHER,unmatched,,대학·병원,,,
Massachusetts General Hospital,OTHER,unmatched,,대학·병원,,,
Mater Misericordiae University Hospital,OTHER,unmatched,,대학·병원,,,
Mater Olbia Hospital,OTHER,unmatched,,대학·병원,,,
Matthew J. Budoff,OTHER,unmatched,,대학·병원,,,
"Maurizio F. Cereda, MD",OTHER,unmatched,,대학·병원,,,
Mauro Fisberg,OTHER,unmatched,,대학·병원,,,
Max Nieuwdorp,OTHER,unmatched,,대학·병원,,,
Max Planck Institute for Human Cognitive and Brain Sciences,OTHER,unmatched,,대학·병원,,,
Max Planck Institute for Metabolism Research,OTHER,unmatched,,대학·병원,,,
"May Faraj, PDt, PhD",OTHER,unmatched,,대학·병원,,,
Mayo Clinic,OTHER,unmatched,,대학·병원,,,
McGill University,OTHER,unmatched,,대학·병원,,,
McGill University Health Centre/Research Institute of the McGill University Health Centre,OTHER,unmatched,,대학·병원,,,
McLaren Regional Medical Center,OTHER,unmatched,,대학·병원,,,
McMaster University,OTHER,unmatched,,대학·병원,,,
Mclean Hospital,OTHER,unmatched,,대학·병원,,,
"Medanta, The Medicity, India",OTHER,unmatched,,대학·병원,,,
Medical Center Alkmaar,OTHER,unmatched,,대학·병원,,,
Medical City for Military and Security Services,OTHER_GOV,unmatched,,대학·병원,,,
Medical College of Wisconsin,OTHER,unmatched,,대학·병원,,,
"Medical Life Care Planners, LLC",OTHER,unmatched,,대학·병원,,,
Medical Park Gaziantep Hospital,OTHER,unmatched,,대학·병원,,,
Medical University of Bialystok,OTHER,unmatched,,대학·병원,,,
Medical University of Gdansk,OTHER,unmatched,,대학·병원,,,
Medical University of Graz,OTHER,unmatched,,대학·병원,,,
Medical University of Lodz,OTHER,unmatched,,대학·병원,,,
Medical University of Silesia,OTHER,unmatched,,대학·병원,,,
Medical University of South Carolina,OTHER,unmatched,,대학·병원,,,
Medical University of Vienna,OTHER,unmatched,,대학·병원,,,
Medical University of Warsaw,OTHER,unmatched,,대학·병원,,,
Medipol University,OTHER,unmatched,,대학·병원,,,
Medstar Health Research Institute,OTHER,unmatched,,대학·병원,,,
Meharry Medical College,OTHER,unmatched,,대학·병원,,,
Mehmet Buğra Bozan,OTHER,unmatched,,대학·병원,,,
Meir Medical Center,OTHER,unmatched,,대학·병원,,,
Melike Nur Eroğlu,OTHER,unmatched,,대학·병원,,,
Memorial Hospital of Rhode Island,OTHER,unmatched,,대학·병원,,,
Memorial Sloan Kettering Cancer Center,OTHER,unmatched,,대학·병원,,,
Memorial University of Newfoundland,OTHER,unmatched,,대학·병원,,,
MemorialCare,OTHER,unmatched,,대학·병원,,,
MemorialCare Health System,OTHER,unmatched,,대학·병원,,,
Merete Haedersdal,OTHER,unmatched,,대학·병원,,,
Mersin Training and Research Hospital,OTHER_GOV,unmatched,,대학·병원,,,
Mersin University,OTHER,unmatched,,대학·병원,,,
Mesoestetic Pharma Group S.L.,INDUSTRY,unmatched,,대학·병원,,,
Methodist Health System,OTHER,unmatched,,대학·병원,,,
MetroHealth Medical Center,OTHER,unmatched,,대학·병원,,,
Metropolitan College,OTHER,unmatched,,대학·병원,,,
Mette Zander,OTHER,unmatched,,대학·병원,,,
Mexican National Institute of Public Health,OTHER_GOV,unmatched,,대학·병원,,,
Mexis George,OTHER,unmatched,,대학·병원,,,
Meyer Children's Hospital IRCCS,OTHER,unmatched,,대학·병원,,,
Miami University,OTHER,unmatched,,대학·병원,,,
Michael A. Nauck,OTHER,unmatched,,대학·병원,,,
Michael Burke,OTHER,unmatched,,대학·병원,,,
"Michael Camilleri, MD",OTHER,unmatched,,대학·병원,,,
"Michael Milano, MD,PhD",OTHER,unmatched,,대학·병원,,,
"Michael Ohliger, MD PhD",OTHER,unmatched,,대학·병원,,,
"Michael Rafii, MD, PhD",OTHER,unmatched,,대학·병원,,,
Michael Stitely,OTHER,unmatched,,대학·병원,,,
Michał Brzeziński,OTHER,unmatched,,대학·병원,,,
Michel Burihan Cahali,OTHER,unmatched,,대학·병원,,,
Michelle Ramsay,OTHER,unmatched,,대학·병원,,,
Michigan State University,OTHER,unmatched,,대학·병원,,,
Microclinic International,OTHER,unmatched,,대학·병원,,,
Mid and South Essex NHS Foundation Trust,OTHER,unmatched,,대학·병원,,,
"Mid-Atlantic Epilepsy and Sleep Center, LLC",OTHER,unmatched,,대학·병원,,,
Mid-Ohio Food Collective,OTHER,unmatched,,대학·병원,,,
Midwest Biomedical Research,OTHER,unmatched,,대학·병원,,,
Midwest Center for Metabolic and Cardiovascular Research,OTHER,unmatched,,대학·병원,,,
Miedziowe Centrum Zdrowia SA,OTHER,unmatched,,대학·병원,,,
Mike O'Callaghan Military Hospital,FED,unmatched,,대학·병원,,,
Mikkel Bring Christensen,OTHER,unmatched,,대학·병원,,,
Mikkel Christensen,OTHER,unmatched,,대학·병원,,,
Milagros Rocha Barajas,OTHER,unmatched,,대학·병원,,,
Military Institute od Medicine National Research Institute,OTHER,unmatched,,대학·병원,,,
Milton S. Hershey Medical Center,OTHER,unmatched,,대학·병원,,,
Milwaukee VA Medical Center,FED,unmatched,,대학·병원,,,
Min Hou,OTHER,unmatched,,대학·병원,,,
Min-Sheng General Hospital,OTHER,unmatched,,대학·병원,,,
Min-Tze LIONG,OTHER,unmatched,,대학·병원,,,
Mina Atef Georgui Elias,OTHER,unmatched,,대학·병원,,,
Mina Kamal Gergis Erian,OTHER,unmatched,,대학·병원,,,
Mine Keskin,OTHER,unmatched,,대학·병원,,,
Minia University,OTHER,unmatched,,대학·병원,,,
"Ministry of Health and Population, Egypt",OTHER_GOV,unmatched,,대학·병원,,,
"Ministry of Health, Brazil",OTHER_GOV,unmatched,,대학·병원,,,
"Ministry of Health, Malaysia",OTHER_GOV,unmatched,,대학·병원,,,
"Ministry of Health, Saudi Arabia",OTHER_GOV,unmatched,,대학·병원,,,
Minneapolis Veterans Affairs Medical Center,FED,unmatched,,대학·병원,,,
Miulli General Hospital,OTHER,unmatched,,대학·병원,,,
Mohamed Gamal Thabet,OTHER,unmatched,,대학·병원,,,
Mohamed Mohamed Ali Morgan,OTHER,unmatched,,대학·병원,,,
Mohammad Daboos,OTHER,unmatched,,대학·병원,,,
Mohammed Abd El Mawgoud Amer,OTHER,unmatched,,대학·병원,,,
Mohammed VI University Hospital,OTHER,unmatched,,대학·병원,,,
Moira Taylor,OTHER,unmatched,,대학·병원,,,
Molde University College,OTHER,unmatched,,대학·병원,,,
Monash University,OTHER,unmatched,,대학·병원,,,
"Mondelēz International, Inc.",INDUSTRY,unmatched,,대학·병원,,,
Monica Flores-Muñoz,OTHER,unmatched,,대학·병원,,,
Monica Montagnani,INDIV,unmatched,,대학·병원,,,
Montana State University,OTHER,unmatched,,대학·병원,,,
Montclair State University,OTHER,unmatched,,대학·병원,,,
Montefiore Medical Center,OTHER,unmatched,,대학·병원,,,
Morten Frost,OTHER,unmatched,,대학·병원,,,
"Morten Hostrup, PhD",OTHER,unmatched,,대학·병원,,,
Moscow Regional Research and Clinical Institute (MONIKI),OTHER_GOV,unmatched,,대학·병원,,,
Mostafa Bahaa,OTHER,unmatched,,대학·병원,,,
Mount Royal University,OTHER,unmatched,,대학·병원,,,
Mount Saint Vincent University,OTHER,unmatched,,대학·병원,,,
"Mount Sinai Hospital, Canada",OTHER,unmatched,,대학·병원,,,
Mountain Diabetes and Endocrine Center,OTHER,unmatched,,대학·병원,,,
Mudanya University,OTHER,unmatched,,대학·병원,,,
Muhammad Aamir Latif,OTHER,unmatched,,대학·병원,,,
Mukuba University,OTHER,unmatched,,대학·병원,,,
Municipality of Santiago,OTHER_GOV,unmatched,,대학·병원,,,
Murdoch Childrens Research Institute,OTHER,unmatched,,대학·병원,,,
Musculoskeletal Transplant Foundation,OTHER,unmatched,,대학·병원,,,
Muğla Sıtkı Koçman University,OTHER,unmatched,,대학·병원,,,
Muş Alparslan University,OTHER,unmatched,,대학·병원,,,
Mª Jesús Periago,OTHER,unmatched,,대학·병원,,,
Médipôle Lyon-Villeurbanne,OTHER,unmatched,,대학·병원,,,
Mỹ Đức Hospital,OTHER,unmatched,,대학·병원,,,
NHS Greater Glasgow and Clyde,OTHER,unmatched,,대학·병원,,,
NHS Lothian,OTHER_GOV,unmatched,,대학·병원,,,
NHS Tayside,OTHER_GOV,unmatched,,대학·병원,,,
NIZO Food Research,OTHER,unmatched,,대학·병원,,,
NYU Langone Health,OTHER,unmatched,,대학·병원,,,
NaNa Keum,OTHER,unmatched,,대학·병원,,,
Naga P. Chalasani,OTHER,unmatched,,대학·병원,,,
Nagoya University,OTHER,unmatched,,대학·병원,,,
Nana Gletsu Miller,OTHER,unmatched,,대학·병원,,,
Nanchang University,OTHER,unmatched,,대학·병원,,,
Nancy Schoenberg,OTHER,unmatched,,대학·병원,,,
"Nanfang Hospital, Southern Medical University",OTHER,unmatched,,대학·병원,,,
Nanjing Children's Hospital,OTHER,unmatched,,대학·병원,,,
"Nanjing First Hospital, Nanjing Medical University",OTHER,unmatched,,대학·병원,,,
Nanjing Medical University,OTHER,unmatched,,대학·병원,,,
"Nanjing Nutrabuilding Bio-tech Co., Ltd.",OTHER,unmatched,,대학·병원,,,
Nantes University Hospital,OTHER,unmatched,,대학·병원,,,
Nanyang Technological University,OTHER,unmatched,,대학·병원,,,
Nashville Centre for Laser and Facial Surgery,OTHER,unmatched,,대학·병원,,,
Natalia Valadares de Moraes,OTHER,unmatched,,대학·병원,,,
Natalie GARCIA BARTELS,OTHER,unmatched,,대학·병원,,,
Natalie Torok,OTHER,unmatched,,대학·병원,,,
Nathan Kline Institute for Psychiatric Research,OTHER,unmatched,,대학·병원,,,
National Aeronautics and Space Administration (NASA),FED,unmatched,,대학·병원,,,
National Cancer Institute (NCI),NIH,unmatched,,대학·병원,,,
"National Cancer Institute, Egypt",OTHER,unmatched,,대학·병원,,,
"National Cattlemen's Beef Association, a contractor to the Beef Checkoff",INDUSTRY,unmatched,,대학·병원,,,
National Center for Complementary and Integrative Health (NCCIH),NIH,unmatched,,대학·병원,,,
National Center for Research Resources (NCRR),NIH,unmatched,,대학·병원,,,
"National Cerebral and Cardiovascular Center, Japan",OTHER,unmatched,,대학·병원,,,
National Cheng-Kung University Hospital,OTHER,unmatched,,대학·병원,,,
"National Children's Hospital, Vietnam",OTHER,unmatched,,대학·병원,,,
"National Children's Research Centre, Ireland",NETWORK,unmatched,,대학·병원,,,
"National Council of Scientific and Technical Research, Argentina",OTHER_GOV,unmatched,,대학·병원,,,
"National Defense Medical Center, Taiwan",OTHER,unmatched,,대학·병원,,,
"National Development and Research Institutes, Inc.",OTHER,unmatched,,대학·병원,,,
National Eye Institute (NEI),NIH,unmatched,,대학·병원,,,
National Healthcare Group Polyclinics,OTHER_GOV,unmatched,,대학·병원,,,
National Heart Centre Singapore,OTHER,unmatched,,대학·병원,,,
"National Heart, Lung, and Blood Institute (NHLBI)",NIH,unmatched,,대학·병원,,,
National Hellenic Research Foundation,OTHER,unmatched,,대학·병원,,,
"National Hospital, Abuja",OTHER_GOV,unmatched,,대학·병원,,,
National Human Genome Research Institute (NHGRI),NIH,unmatched,,대학·병원,,,
National Institute of Allergy and Infectious Diseases (NIAID),NIH,unmatched,,대학·병원,,,
National Institute of Arthritis and Musculoskeletal and Skin Diseases (NIAMS),NIH,unmatched,,대학·병원,,,
"National Institute of Blood and Marrow Transplant (NIBMT), Pakistan",OTHER_GOV,unmatched,,대학·병원,,,
"National Institute of Cardiology, Laranjeiras, Brazil",OTHER_GOV,unmatched,,대학·병원,,,
"National Institute of Cardiology, Warsaw, Poland",OTHER,unmatched,,대학·병원,,,
National Institute of Diabetes and Digestive and Kidney Diseases (NIDDK),NIH,unmatched,,대학·병원,,,
National Institute of Environmental Health Sciences (NIEHS),NIH,unmatched,,대학·병원,,,
"National Institute of Medical Sciences and Nutrition, Salvador Zubiran",OTHER,unmatched,,대학·병원,,,
National Institute of Mental Health (NIMH),NIH,unmatched,,대학·병원,,,
National Institute of Neurological Disorders and Stroke (NINDS),NIH,unmatched,,대학·병원,,,
National Institute of Nursing Research (NINR),NIH,unmatched,,대학·병원,,,
"National Institute of Nutrition, Vietnam",OTHER_GOV,unmatched,,대학·병원,,,
National Institute on Aging (NIA),NIH,unmatched,,대학·병원,,,
National Institute on Alcohol Abuse and Alcoholism (NIAAA),NIH,unmatched,,대학·병원,,,
National Institute on Drug Abuse (NIDA),NIH,unmatched,,대학·병원,,,
National Institute on Media and the Family,OTHER,unmatched,,대학·병원,,,
National Institutes of Health (NIH),NIH,unmatched,,대학·병원,,,
National Institutes of Health Clinical Center (CC),NIH,unmatched,,대학·병원,,,
National Jewish Health,OTHER,unmatched,,대학·병원,,,
"National Maternity Hospital, Ireland",OTHER,unmatched,,대학·병원,,,
National Medical Research Center for Therapy and Preventive Medicine,OTHER_GOV,unmatched,,대학·병원,,,
National Nutrition and Food Technology Institute,OTHER,unmatched,,대학·병원,,,
"National Polytechnic Institute, Mexico",OTHER,unmatched,,대학·병원,,,
National Research Center for Preventive Medicine,OTHER_GOV,unmatched,,대학·병원,,,
"National Research Centre, Egypt",OTHER,unmatched,,대학·병원,,,
"National Research Council, Spain",OTHER_GOV,unmatched,,대학·병원,,,
"National Research Institute for Family Planning, China",OTHER_GOV,unmatched,,대학·병원,,,
"National Science and Technology Council, Taiwan",OTHER_GOV,unmatched,,대학·병원,,,
National Scientific Center of Surgery named after A.N.Syzganov,OTHER_GOV,unmatched,,대학·병원,,,
National Skin Centre,NETWORK,unmatched,,대학·병원,,,
National Tainan Junior College of Nursing,OTHER,unmatched,,대학·병원,,,
National Taiwan Normal University,OTHER,unmatched,,대학·병원,,,
National Taiwan Sport University,OTHER,unmatched,,대학·병원,,,
National Taiwan University Clinical Trial Center,OTHER,unmatched,,대학·병원,,,
National Taiwan University Hospital,OTHER,unmatched,,대학·병원,,,
"National University Health System, Singapore",OTHER,unmatched,,대학·병원,,,
"National University Hospital, Singapore",OTHER,unmatched,,대학·병원,,,
"National University of Ireland, Galway, Ireland",OTHER,unmatched,,대학·병원,,,
National University of Malaysia,OTHER,unmatched,,대학·병원,,,
National University of Singapore,OTHER,unmatched,,대학·병원,,,
National Yang Ming Chiao Tung University,OTHER,unmatched,,대학·병원,,,
National and Kapodistrian University of Athens,OTHER,unmatched,,대학·병원,,,
Nationwide Children's Hospital,OTHER,unmatched,,대학·병원,,,
Natural Immune Systems Inc,OTHER,unmatched,,대학·병원,,,
Nazarbayev University,OTHER,unmatched,,대학·병원,,,
Nazarbayev University Medical Center,OTHER,unmatched,,대학·병원,,,
Nazareth Hospital,OTHER,unmatched,,대학·병원,,,
Nazarii Kobyliak,OTHER,unmatched,,대학·병원,,,
Nazrat Mirza,OTHER,unmatched,,대학·병원,,,
Necmettin Erbakan University,OTHER,unmatched,,대학·병원,,,
Nemocnice AGEL Trinec-Podlesi a.s.,OTHER,unmatched,,대학·병원,,,
"Nemocnice Břeclav, p.o.",OTHER,unmatched,,대학·병원,,,
Nemours Children's Clinic,OTHER,unmatched,,대학·병원,,,
Nemours Children's Health System,OTHER,unmatched,,대학·병원,,,
Neoped - Centru de Pediatrie,OTHER,unmatched,,대학·병원,,,
Neurology Office of South Florida,NETWORK,unmatched,,대학·병원,,,
Neuromed IRCCS,OTHER,unmatched,,대학·병원,,,
"Neuropsychiatric Research Institute, Fargo, North Dakota",OTHER,unmatched,,대학·병원,,,
New Ismailia National University,OTHER,unmatched,,대학·병원,,,
New York City Health and Hospitals Corporation,OTHER,unmatched,,대학·병원,,,
New York Institute of Technology,OTHER,unmatched,,대학·병원,,,
New York Medical College,OTHER,unmatched,,대학·병원,,,
New York Obesity and Nutrition Research Center,OTHER,unmatched,,대학·병원,,,
New York State Psychiatric Institute,OTHER,unmatched,,대학·병원,,,
New York University,OTHER,unmatched,,대학·병원,,,
Newcastle University,OTHER,unmatched,,대학·병원,,,
Newcastle-upon-Tyne Hospitals NHS Trust,OTHER,unmatched,,대학·병원,,,
Nicholas Skertich,OTHER,unmatched,,대학·병원,,,
Nicolai Jacob Wewer Albrechtsen,OTHER,unmatched,,대학·병원,,,
Nicolaus Copernicus University,OTHER,unmatched,,대학·병원,,,
"Nicole Ehrhardt, MD",OTHER,unmatched,,대학·병원,,,
Niguarda Hospital,OTHER,unmatched,,대학·병원,,,
Nij Smellinghe Hosptial,OTHER,unmatched,,대학·병원,,,
Nils Opel,OTHER,unmatched,,대학·병원,,,
Nils Vlaeminck,OTHER,unmatched,,대학·병원,,,
Ningbo No. 1 Hospital,OTHER,unmatched,,대학·병원,,,
Nordsjaellands Hospital,OTHER,unmatched,,대학·병원,,,
Norges idrettshøgskole,OTHER,unmatched,,대학·병원,,,
North Carolina State University,OTHER,unmatched,,대학·병원,,,
North Dakota State University,OTHER,unmatched,,대학·병원,,,
North Eastern Weight Loss Surgery,OTHER,unmatched,,대학·병원,,,
North Florida/South Georgia Veterans Health System,OTHER,unmatched,,대학·병원,,,
"North Shore Hospital, New Zealand",OTHER,unmatched,,대학·병원,,,
North Texas Veterans Healthcare System,FED,unmatched,,대학·병원,,,
"North-West University, South Africa",OTHER,unmatched,,대학·병원,,,
Northeast College of Health Sciences,OTHER,unmatched,,대학·병원,,,
Northeastern University,OTHER,unmatched,,대학·병원,,,
Northern Arizona University,OTHER,unmatched,,대학·병원,,,
Northern Jiangsu People's Hospital,OTHER,unmatched,,대학·병원,,,
Northern Ontario School of Medicine,OTHER,unmatched,,대학·병원,,,
"Northern Orthopaedic Division, Denmark",OTHER,unmatched,,대학·병원,,,
Northumbria University,OTHER,unmatched,,대학·병원,,,
Northwell Health,OTHER,unmatched,,대학·병원,,,
Northwestern University,OTHER,unmatched,,대학·병원,,,
Norton Leatherman Spine Center,OTHER,unmatched,,대학·병원,,,
Norwegian Department of Health and Social Affairs,OTHER_GOV,unmatched,,대학·병원,,,
Norwegian School of Sport Sciences,OTHER,unmatched,,대학·병원,,,
Norwegian University of Science and Technology,OTHER,unmatched,,대학·병원,,,
Nottingham Trent University,OTHER,unmatched,,대학·병원,,,
Nottingham University Hospitals NHS Trust,OTHER,unmatched,,대학·병원,,,
Nova Scotia Health Authority,OTHER,unmatched,,대학·병원,,,
Novena Medical Center,NETWORK,unmatched,,대학·병원,,,
Novindiet Clinic,OTHER,unmatched,,대학·병원,,,
NovoBliss Research Pvt Ltd,OTHER,unmatched,,대학·병원,,,
Nowodworskie Centrum Medyczne,OTHER,unmatched,,대학·병원,,,
NuBiyota,OTHER,unmatched,,대학·병원,,,
Nucleo De Pesquisa E Desenvolvimento De Medicamentos Da Universidade Federal Do Ceara,OTHER,unmatched,,대학·병원,,,
Nucleus of Education Interdisciplinary Research and Treatment in Nephrology,OTHER,unmatched,,대학·병원,,,
Nutricia Foundation,OTHER,unmatched,,대학·병원,,,
Nutrindo Ideais Research Center,NETWORK,unmatched,,대학·병원,,,
OHSU Knight Cancer Institute,OTHER,unmatched,,대학·병원,,,
ORI Community and Evaluation Services,OTHER,unmatched,,대학·병원,,,
OSF Healthcare System,OTHER,unmatched,,대학·병원,,,
Obafemi Awolowo University Teaching Hospital,OTHER,unmatched,,대학·병원,,,
October 6 University,OTHER,unmatched,,대학·병원,,,
Odense University Hospital,OTHER,unmatched,,대학·병원,,,
Oelisoa Andriankaja,OTHER,unmatched,,대학·병원,,,
Ohio State University,OTHER,unmatched,,대학·병원,,,
Ohio State University Comprehensive Cancer Center,OTHER,unmatched,,대학·병원,,,
Ohio University,OTHER,unmatched,,대학·병원,,,
Okan University,OTHER,unmatched,,대학·병원,,,
Oklahoma Medical Research Foundation,OTHER,unmatched,,대학·병원,,,
Oklahoma State University,OTHER,unmatched,,대학·병원,,,
Oklahoma State University Center for Health Sciences,OTHER,unmatched,,대학·병원,,,
Ole Lander Svendsen,OTHER,unmatched,,대학·병원,,,
Oman Ministry of Health,OTHER_GOV,unmatched,,대학·병원,,,
Ondokuz Mayıs University,OTHER,unmatched,,대학·병원,,,
Oral Health Centre of Expertise in Western Norway,OTHER,unmatched,,대학·병원,,,
Oregon Health and Science University,OTHER,unmatched,,대학·병원,,,
Oregon Research Institute,OTHER,unmatched,,대학·병원,,,
Oregon State University,OTHER,unmatched,,대학·병원,,,
"Oregon Weight Loss Surgery, LLC",OTHER,unmatched,,대학·병원,,,
Osaka Metropolitan University,OTHER,unmatched,,대학·병원,,,
Osijek University Hospital,OTHER,unmatched,,대학·병원,,,
Oslo Metropolitan University,OTHER,unmatched,,대학·병원,,,
Oslo University College,OTHER,unmatched,,대학·병원,,,
Oslo University Hospital,OTHER,unmatched,,대학·병원,,,
Ospedale San Donato,OTHER,unmatched,,대학·병원,,,
Ospedale San Raffaele,OTHER,unmatched,,대학·병원,,,
Ostfold Hospital Trust,OTHER,unmatched,,대학·병원,,,
Ostschweizer Kinderspital,OTHER,unmatched,,대학·병원,,,
Ottawa Heart Institute Research Corporation,OTHER,unmatched,,대학·병원,,,
Ottawa Hospital Research Institute,OTHER,unmatched,,대학·병원,,,
Otto-Friedrich-University Bamberg,OTHER,unmatched,,대학·병원,,,
Oulu University Hospital,OTHER,unmatched,,대학·병원,,,
Oxford Brookes University,OTHER,unmatched,,대학·병원,,,
"Oxford University Clinical Research Unit, Vietnam",OTHER,unmatched,,대학·병원,,,
Oxford University Hospitals NHS Trust,OTHER,unmatched,,대학·병원,,,
P Burns,OTHER,unmatched,,대학·병원,,,
P.L.Shupik National Medical Academy of Post-Graduate Education,OTHER,unmatched,,대학·병원,,,
PANAGOULA PAVLOU,OTHER,unmatched,,대학·병원,,,
PD Dr. Grégoire Wuerzner,OTHER,unmatched,,대학·병원,,,
Pacific Coast Family Medical Group,OTHER,unmatched,,대학·병원,,,
Pacific Northwest University of Health Sciences,OTHER,unmatched,,대학·병원,,,
Pak Medical and Diagnostic Center,OTHER,unmatched,,대학·병원,,,
Palo Alto Medical Foundation,OTHER,unmatched,,대학·병원,,,
Palo Alto Veterans Institute for Research,OTHER,unmatched,,대학·병원,,,
Pamela Hull,OTHER,unmatched,,대학·병원,,,
Pamukkale University,OTHER,unmatched,,대학·병원,,,
Paola Vitaglione,OTHER,unmatched,,대학·병원,,,
Papworth Hospital NHS Foundation Trust,OTHER_GOV,unmatched,,대학·병원,,,
Paracelsus Medical University,OTHER,unmatched,,대학·병원,,,
Parc de Salut Mar,OTHER,unmatched,,대학·병원,,,
Parker Research Institute,OTHER,unmatched,,대학·병원,,,
"Patel Hospital, Pakistan",OTHER,unmatched,,대학·병원,,,
Patrice D. Cani,OTHER,unmatched,,대학·병원,,,
Patricia Celestina Ríos Mujica,OTHER,unmatched,,대학·병원,,,
Paul Estabrooks,OTHER,unmatched,,대학·병원,,,
Paul Kim,OTHER,unmatched,,대학·병원,,,
Paul Toren,OTHER,unmatched,,대학·병원,,,
Paula Watson,OTHER,unmatched,,대학·병원,,,
Paulo Reis Esselin de Melo,OTHER,unmatched,,대학·병원,,,
Pauls Stradins Clinical University Hospital,OTHER,unmatched,,대학·병원,,,
Pavol Jozef Safarik University,OTHER,unmatched,,대학·병원,,,
Pediatrix,OTHER,unmatched,,대학·병원,,,
Pedro Paulo Tanaka,OTHER,unmatched,,대학·병원,,,
Pedro-José Torrijos-Garrido,OTHER,unmatched,,대학·병원,,,
"PegBio Co., Ltd.",OTHER,unmatched,,대학·병원,,,
Peking Union Medical College Hospital,OTHER,unmatched,,대학·병원,,,
Peking University,OTHER,unmatched,,대학·병원,,,
Peking University First Hospital,OTHER,unmatched,,대학·병원,,,
Peking University People's Hospital,OTHER,unmatched,,대학·병원,,,
Peking University Third Hospital,OTHER,unmatched,,대학·병원,,,
Penn State University,OTHER,unmatched,,대학·병원,,,
Pennington Biomedical Research Center,OTHER,unmatched,,대학·병원,,,
Per-Ola Carlsson,OTHER,unmatched,,대학·병원,,,
"Perrin C White, MD",OTHER,unmatched,,대학·병원,,,
Peter Nau,OTHER,unmatched,,대학·병원,,,
Peter Rossing,OTHER,unmatched,,대학·병원,,,
Petros Dinas,OTHER,unmatched,,대학·병원,,,
Petter Bjornstad,OTHER,unmatched,,대학·병원,,,
Philadelphia College of Osteopathic Medicine,OTHER,unmatched,,대학·병원,,,
Philip Kern,OTHER,unmatched,,대학·병원,,,
Philip Polgreen,OTHER,unmatched,,대학·병원,,,
Philipp Angleitner,OTHER,unmatched,,대학·병원,,,
"Philippe Klee, MD-PhD",OTHER,unmatched,,대학·병원,,,
Philipps University Marburg,OTHER,unmatched,,대학·병원,,,
Phillip Brian Smith,OTHER,unmatched,,대학·병원,,,
Phoenix Children's Hospital,OTHER,unmatched,,대학·병원,,,
Phoenix VA Health Care System,FED,unmatched,,대학·병원,,,
Physicians Committee for Responsible Medicine,OTHER,unmatched,,대학·병원,,,
"Pichamol Jirapinyo, MD, MPH",OTHER,unmatched,,대학·병원,,,
"Pinnacle Clinical Research, PLLC",OTHER,unmatched,,대학·병원,,,
Pinnacle Health System,OTHER,unmatched,,대학·병원,,,
Plymouth State University,OTHER,unmatched,,대학·병원,,,
Poitiers University Hospital,OTHER,unmatched,,대학·병원,,,
Polaris Group,INDUSTRY,unmatched,,대학·병원,,,
Policlinico Hospital,OTHER,unmatched,,대학·병원,,,
Polish Academy of Sciences,OTHER,unmatched,,대학·병원,,,
Polish Mother Memorial Hospital Research Institute,OTHER,unmatched,,대학·병원,,,
Politeknik Kesehatan Kemenkes Padang,OTHER,unmatched,,대학·병원,,,
Pomeranian Medical University Szczecin,OTHER,unmatched,,대학·병원,,,
"Ponce, Jaime, M.D.",INDIV,unmatched,,대학·병원,,,
Pontificia Universidad Catolica de Chile,OTHER,unmatched,,대학·병원,,,
Pontificia Universidad Catolica de Valparaiso,OTHER,unmatched,,대학·병원,,,
Pontificia Universidade Católica do Rio Grande do Sul,OTHER,unmatched,,대학·병원,,,
Popular Medical College Hospital,OTHER,unmatched,,대학·병원,,,
Population Health Research Institute,OTHER,unmatched,,대학·병원,,,
"Post Graduate Institute of Medical Education and Research, Chandigarh",OTHER,unmatched,,대학·병원,,,
Poznan University of Life Sciences,OTHER,unmatched,,대학·병원,,,
Poznan University of Medical Sciences,OTHER,unmatched,,대학·병원,,,
Poznan University of Physical Education,OTHER,unmatched,,대학·병원,,,
Prairie View A&M University,OTHER,unmatched,,대학·병원,,,
Prince Sattam Bin Abdulaziz University,OTHER,unmatched,,대학·병원,,,
Prince of Songkla University,OTHER,unmatched,,대학·병원,,,
Princess Nourah Bint Abdulrahman University,OTHER,unmatched,,대학·병원,,,
Prism Health North Texas,OTHER,unmatched,,대학·병원,,,
Prisma Health-Upstate,OTHER,unmatched,,대학·병원,,,
Priv.-Doz. Dr. J. Schattenberg,OTHER,unmatched,,대학·병원,,,
Pro-Change Behavior Systems,OTHER,unmatched,,대학·병원,,,
"ProGen. Co., Ltd.",OTHER,unmatched,,대학·병원,,,
ProMedica Health System,OTHER,unmatched,,대학·병원,,,
Procare Riaya Hospital,OTHER,unmatched,,대학·병원,,,
Prof Ibrahim Janahi,OTHER,unmatched,,대학·병원,,,
Prof Urs Zingg,OTHER,unmatched,,대학·병원,,,
Prof. Dr. Martin Wabitsch,OTHER,unmatched,,대학·병원,,,
Prof. Eldad Yechiam,OTHER,unmatched,,대학·병원,,,
Prof. Tony hayek MD,OTHER,unmatched,,대학·병원,,,
Professor Fernando Figueira Integral Medicine Institute,OTHER,unmatched,,대학·병원,,,
Profil Institut für Stoffwechselforschung GmbH,INDUSTRY,unmatched,,대학·병원,,,
ProgenaBiome,OTHER,unmatched,,대학·병원,,,
"Promomed, LLC",OTHER,unmatched,,대학·병원,,,
Protein Supplies SL,OTHER,unmatched,,대학·병원,,,
Providence Health & Services,OTHER,unmatched,,대학·병원,,,
Providence VA Medical Center,FED,unmatched,,대학·병원,,,
Provident Clinical Research,OTHER,unmatched,,대학·병원,,,
Psychiatric Centre Rigshospitalet,OTHER,unmatched,,대학·병원,,,
Public Health England,OTHER_GOV,unmatched,,대학·병원,,,
Puerta de Hierro University Hospital,OTHER,unmatched,,대학·병원,,,
Purdue University,OTHER,unmatched,,대학·병원,,,
Pusan National University,OTHER,unmatched,,대학·병원,,,
Pusan National University Hospital,OTHER,unmatched,,대학·병원,,,
Pusan National University Yangsan Hospital,OTHER,unmatched,,대학·병원,,,
Pınar Göbel,OTHER,unmatched,,대학·병원,,,
Qatar University,OTHER,unmatched,,대학·병원,,,
Qazvin University Of Medical Sciences,OTHER,unmatched,,대학·병원,,,
Qianfoshan Hospital,OTHER,unmatched,,대학·병원,,,
Qilu Hospital of Shandong University,OTHER,unmatched,,대학·병원,,,
Qin Zhang,OTHER,unmatched,,대학·병원,,,
Quadram Institute Bioscience,OTHER,unmatched,,대학·병원,,,
Queen Fabiola Children's University Hospital,OTHER,unmatched,,대학·병원,,,
Queen Margaret University,OTHER,unmatched,,대학·병원,,,
Queen Mary University of London,OTHER,unmatched,,대학·병원,,,
Queen Sirikit National Institute of Child Health,OTHER_GOV,unmatched,,대학·병원,,,
Queen's University,OTHER,unmatched,,대학·병원,,,
"Queen's University, Belfast",OTHER,unmatched,,대학·병원,,,
Queensland Centre for Gynaecological Cancer,OTHER_GOV,unmatched,,대학·병원,,,
RCSI & UCD Malaysia Campus,OTHER,unmatched,,대학·병원,,,
RISE Study Group,NETWORK,unmatched,,대학·병원,,,
RS H Adam Malik,OTHER,unmatched,,대학·병원,,,
RWTH Aachen University,OTHER,unmatched,,대학·병원,,,
Rabin Medical Center,OTHER,unmatched,,대학·병원,,,
Radboud University Medical Center,OTHER,unmatched,,대학·병원,,,
Ragavendra Baliga,OTHER,unmatched,,대학·병원,,,
Ramathibodi Hospital,OTHER,unmatched,,대학·병원,,,
Rambam Health Care Campus,OTHER,unmatched,,대학·병원,,,
Raphael Heinzer,OTHER,unmatched,,대학·병원,,,
Raquel Ballarin,OTHER,unmatched,,대학·병원,,,
Raquel Vilar López,OTHER,unmatched,,대학·병원,,,
Rashid Centre for Diabetes and Research,OTHER,unmatched,,대학·병원,,,
Rebecca Ashare,OTHER,unmatched,,대학·병원,,,
Recep Tayyip Erdogan University,OTHER,unmatched,,대학·병원,,,
Recep Tayyip Erdogan University Training and Research Hospital,OTHER,unmatched,,대학·병원,,,
Region Skane,OTHER,unmatched,,대학·병원,,,
Region Stockholm,OTHER_GOV,unmatched,,대학·병원,,,
Region Västerbotten,OTHER_GOV,unmatched,,대학·병원,,,
Region Västmanland,OTHER,unmatched,,대학·병원,,,
Region Örebro County,OTHER,unmatched,,대학·병원,,,
Region Östergötland,OTHER,unmatched,,대학·병원,,,
Regionshospital Nordjylland,OTHER_GOV,unmatched,,대학·병원,,,
Rehab Werida,OTHER,unmatched,,대학·병원,,,
Rehman Medical Institute - RMI,OTHER,unmatched,,대학·병원,,,
Rejuva Medical Aesthetics,OTHER,unmatched,,대학·병원,,,
RenJi Hospital,OTHER,unmatched,,대학·병원,,,
Renmin Hospital of Wuhan University,OTHER,unmatched,,대학·병원,,,
Rennes University Hospital,OTHER,unmatched,,대학·병원,,,
René Klinkby Støving,OTHER,unmatched,,대학·병원,,,
Reproductive & Genetic Hospital of CITIC-Xiangya,OTHER,unmatched,,대학·병원,,,
Reproductive Medicine Associates of New Jersey,OTHER,unmatched,,대학·병원,,,
"Research Associates of New York, LLP",OTHER,unmatched,,대학·병원,,,
Research Center Borstel,OTHER,unmatched,,대학·병원,,,
Reya Andrews,OTHER,unmatched,,대학·병원,,,
Rhine-Westphalia Institute for Economic Research,OTHER,unmatched,,대학·병원,,,
Rhode Island Hospital,OTHER,unmatched,,대학·병원,,,
Ricard Corcelles,OTHER,unmatched,,대학·병원,,,
"Richard Deichmann, MD",OTHER,unmatched,,대학·병원,,,
Richmond Research Institute,INDUSTRY,unmatched,,대학·병원,,,
Riga Stradins University,OTHER,unmatched,,대학·병원,,,
Rigmor Højland Jensen,OTHER,unmatched,,대학·병원,,,
"Rigshospitalet, Denmark",OTHER,unmatched,,대학·병원,,,
Rijnstate Hospital,OTHER,unmatched,,대학·병원,,,
Rina Agustina,OTHER,unmatched,,대학·병원,,,
Rio de Janeiro State University,OTHER,unmatched,,대학·병원,,,
Riphah International University,OTHER,unmatched,,대학·병원,,,
Rippe Lifestyle Institute,INDUSTRY,unmatched,,대학·병원,,,
Robert C. Atkins Foundation,OTHER,unmatched,,대학·병원,,,
Robert Carels,OTHER,unmatched,,대학·병원,,,
Robert Jones and Agnes Hunt Orthopaedic and District NHS Trust,OTHER_GOV,unmatched,,대학·병원,,,
Robert Wood Johnson Foundation,OTHER,unmatched,,대학·병원,,,
Rockefeller University,OTHER,unmatched,,대학·병원,,,
"Roger K. Pitman, MD",OTHER,unmatched,,대학·병원,,,
Rolando Giovanni Díaz Zavala,OTHER,unmatched,,대학·병원,,,
Rolfs Consulting und Verwaltungs-GmbH (RCV),NETWORK,unmatched,,대학·병원,,,
"Roohi Kharofa, MD, MPH",OTHER,unmatched,,대학·병원,,,
Rosa Sola,OTHER,unmatched,,대학·병원,,,
Roswell Park Cancer Institute,OTHER,unmatched,,대학·병원,,,
Rowan University,OTHER,unmatched,,대학·병원,,,
Royal College of Surgeons in Ireland - Medical University of Bahrain,OTHER,unmatched,,대학·병원,,,
"Royal College of Surgeons, Ireland",OTHER,unmatched,,대학·병원,,,
Royal Devon and Exeter NHS Foundation Trust,OTHER,unmatched,,대학·병원,,,
Royal Free Hospital NHS Foundation Trust,OTHER,unmatched,,대학·병원,,,
Royal Holloway University,OTHER,unmatched,,대학·병원,,,
"Royal Hospital, Oman",OTHER_GOV,unmatched,,대학·병원,,,
Royal North Shore Hospital,OTHER,unmatched,,대학·병원,,,
Royal Perth Hospital,OTHER,unmatched,,대학·병원,,,
Royal United Hospitals Bath NHS Foundation Trust,OTHER,unmatched,,대학·병원,,,
Ru-Shin Zhang,OTHER,unmatched,,대학·병원,,,
Ruhr University of Bochum,OTHER,unmatched,,대학·병원,,,
Ruijin Hospital,OTHER,unmatched,,대학·병원,,,
"Rumah Sakit Umum Daerah Haji Provinsi Jawa Timur, Indonesia",OTHER,unmatched,,대학·병원,,,
Rune Skovgaard Rasmussen,OTHER,unmatched,,대학·병원,,,
Rush University Medical Center,OTHER,unmatched,,대학·병원,,,
"Russell McCulloh, MD",NETWORK,unmatched,,대학·병원,,,
Russian Academy of Medical Sciences,OTHER,unmatched,,대학·병원,,,
Russian Heart Failure Society,OTHER,unmatched,,대학·병원,,,
Rutgers University,OTHER,unmatched,,대학·병원,,,
"Rutgers, The State University of New Jersey",OTHER,unmatched,,대학·병원,,,
Ryazan State Medical University,OTHER,unmatched,,대학·병원,,,
S.LAB (SOLOWAYS),OTHER,unmatched,,대학·병원,,,
SB Istanbul Education and Research Hospital,OTHER,unmatched,,대학·병원,,,
SEAMEO Regional Centre for Food and Nutrition,OTHER,unmatched,,대학·병원,,,
SINEM BAYRAM,OTHER,unmatched,,대학·병원,,,
Sabyasachi Sen,OTHER,unmatched,,대학·병원,,,
Sadat City University,OTHER,unmatched,,대학·병원,,,
Sadick Research Group,OTHER,unmatched,,대학·병원,,,
Saglik Bilimleri Universitesi,OTHER,unmatched,,대학·병원,,,
Sahlgrenska University Hospital,OTHER,unmatched,,대학·병원,,,
"Saint Petersburg State University, Russia",OTHER,unmatched,,대학·병원,,,
Saint Raphael Healthcare System,OTHER,unmatched,,대학·병원,,,
Sakarya University,OTHER,unmatched,,대학·병원,,,
Salk Institute for Biological Studies,OTHER,unmatched,,대학·병원,,,
Saltuklu Aile Sağlığı Merkezi,OTHER,unmatched,,대학·병원,,,
Salvador Navarrete,OTHER,unmatched,,대학·병원,,,
Sam Treadway,OTHER,unmatched,,대학·병원,,,
Samara State Medical University,OTHER,unmatched,,대학·병원,,,
Samarkand State Medical Institute,OTHER,unmatched,,대학·병원,,,
Samsun Education and Research Hospital,OTHER,unmatched,,대학·병원,,,
Samsun University,OTHER,unmatched,,대학·병원,,,
Samsung Medical Center,OTHER,unmatched,,대학·병원,,,
"Samuel Lunenfeld Research Institute, Mount Sinai Hospital",OTHER,unmatched,,대학·병원,,,
San Diego State University,OTHER,unmatched,,대학·병원,,,
San Diego Veterans Healthcare System,FED,unmatched,,대학·병원,,,
San Francisco Department of Public Health,OTHER_GOV,unmatched,,대학·병원,,,
San Francisco State University,OTHER,unmatched,,대학·병원,,,
San Francisco Veterans Affairs Medical Center,FED,unmatched,,대학·병원,,,
San Giuseppe Moscati Hospital,OTHER,unmatched,,대학·병원,,,
San Raffaele Telematic University,OTHER,unmatched,,대학·병원,,,
San Raffaele University,OTHER,unmatched,,대학·병원,,,
Sana Klinikum Offenbach,OTHER,unmatched,,대학·병원,,,
Sandwell & West Birmingham Hospitals NHS Trust,OTHER,unmatched,,대학·병원,,,
Sanford Health,OTHER,unmatched,,대학·병원,,,
Sansum Diabetes Research Institute,OTHER,unmatched,,대학·병원,,,
Santa Barbara Cottage Hospital,OTHER,unmatched,,대학·병원,,,
Santa Clara Valley Health & Hospital System,OTHER,unmatched,,대학·병원,,,
Sao Jose do Rio Preto Medical School,OTHER,unmatched,,대학·병원,,,
Sapporo Medical University,OTHER,unmatched,,대학·병원,,,
Sara ElAdawy,OTHER,unmatched,,대학·병원,,,
Sara Espinoza,OTHER,unmatched,,대학·병원,,,
Sarah Appel,OTHER,unmatched,,대학·병원,,,
Saskatchewan Health Authority - Regina Area,OTHER,unmatched,,대학·병원,,,
"Saudi Commission for Health Specialties, Saudi Arabia",OTHER_GOV,unmatched,,대학·병원,,,
Saundra Jain,OTHER,unmatched,,대학·병원,,,
Scottish Universities Environmental Research Centre,OTHER,unmatched,,대학·병원,,,
Scripps Translational Science Institute,OTHER,unmatched,,대학·병원,,,
Scripps Whittier Diabetes Institute,OTHER,unmatched,,대학·병원,,,
Seattle Children's Hospital,OTHER,unmatched,,대학·병원,,,
Seattle Institute for Biomedical and Clinical Research,OTHER,unmatched,,대학·병원,,,
Sebahattin Celik MD,OTHER,unmatched,,대학·병원,,,
Second Affiliated Hospital of Guangzhou Medical University,OTHER,unmatched,,대학·병원,,,
Second Affiliated Hospital of Nanchang University,OTHER,unmatched,,대학·병원,,,
Second Affiliated Hospital of Soochow University,OTHER,unmatched,,대학·병원,,,
Second Affiliated Hospital of Wenzhou Medical University,OTHER,unmatched,,대학·병원,,,
Second Affiliated Hospital of Xi'an Jiaotong University,OTHER,unmatched,,대학·병원,,,
"Second Affiliated Hospital, Zhejiang University, School of Medicine",OTHER,unmatched,,대학·병원,,,
Second Xiangya Hospital of Central South University,OTHER,unmatched,,대학·병원,,,
Sefako Makgatho Health Sciences University,OTHER,unmatched,,대학·병원,,,
Selcuk University,OTHER,unmatched,,대학·병원,,,
Semmelweis University,OTHER,unmatched,,대학·병원,,,
Sengkang General Hospital,OTHER,unmatched,,대학·병원,,,
Seoul Medical Center,OTHER,unmatched,,대학·병원,,,
Seoul National University Bundang Hospital,OTHER,unmatched,,대학·병원,,,
Seoul National University Hospital,OTHER,unmatched,,대학·병원,,,
Seoul St. Mary's Hospital,OTHER,unmatched,,대학·병원,,,
"Sercan YUKSEL, MD",OTHER_GOV,unmatched,,대학·병원,,,
Sergio Montserrat de la Paz,OTHER,unmatched,,대학·병원,,,
"Services Hospital, Lahore",OTHER_GOV,unmatched,,대학·병원,,,
"Services Institute of Medical Sciences, Pakistan",OTHER_GOV,unmatched,,대학·병원,,,
Shaare Zedek Medical Center,OTHER,unmatched,,대학·병원,,,
Shahid Beheshti University,OTHER,unmatched,,대학·병원,,,
Shahid Beheshti University of Medical Sciences,OTHER,unmatched,,대학·병원,,,
Shaihong Zhu,OTHER,unmatched,,대학·병원,,,
"Shana McCormack, MD",OTHER,unmatched,,대학·병원,,,
Shandong Provincial Hospital,OTHER_GOV,unmatched,,대학·병원,,,
Shanghai 10th People's Hospital,OTHER,unmatched,,대학·병원,,,
"Shanghai Cell Therapy Group Co.,Ltd",INDUSTRY,unmatched,,대학·병원,,,
Shanghai Changzheng Hospital,OTHER,unmatched,,대학·병원,,,
Shanghai Chest Hospital,OTHER,unmatched,,대학·병원,,,
Shanghai East Hospital,OTHER,unmatched,,대학·병원,,,
Shanghai Fengxian District Central Hospital,OTHER,unmatched,,대학·병원,,,
Shanghai First Maternal and Infant Health Hospital affiliated to Tongji University Medical School,OTHER,unmatched,,대학·병원,,,
Shanghai Jiao Tong University School of Medicine,OTHER,unmatched,,대학·병원,,,
Shanghai Mental Health Center,OTHER,unmatched,,대학·병원,,,
Shanghai Municipal Hospital of Traditional Chinese Medicine,OTHER,unmatched,,대학·병원,,,
Shanghai Public Health Clinical Center,OTHER_GOV,unmatched,,대학·병원,,,
Shanghai Punan Hospital of Pudong New District,OTHER,unmatched,,대학·병원,,,
"Shanghai Tongji Hospital, Tongji University School of Medicine",OTHER,unmatched,,대학·병원,,,
Shanghai University of Traditional Chinese Medicine,OTHER,unmatched,,대학·병원,,,
"Shanghai Yinnuo Pharmaceutical Technology Co., Ltd.",OTHER,unmatched,,대학·병원,,,
Shanghai Zhongshan Hospital,OTHER,unmatched,,대학·병원,,,
Shannaz Nadia Yusharyahya,OTHER,unmatched,,대학·병원,,,
Shaoguan University,OTHER,unmatched,,대학·병원,,,
Shaoxing Maternity and Child Health Care Hospital,OTHER,unmatched,,대학·병원,,,
Sheba Medical Center,OTHER_GOV,unmatched,,대학·병원,,,
Sheffield Hallam University,OTHER,unmatched,,대학·병원,,,
Sheffield Teaching Hospitals NHS Foundation Trust,OTHER,unmatched,,대학·병원,,,
Sheikh Shakhbout Medical City,OTHER,unmatched,,대학·병원,,,
Sheikh Zayed Federal Postgraduate Medical Institute,OTHER,unmatched,,대학·병원,,,
Sheikh Zayed Medical College,OTHER_GOV,unmatched,,대학·병원,,,
Shen Qu,OTHER,unmatched,,대학·병원,,,
Shengjing Hospital,OTHER,unmatched,,대학·병원,,,
Shenyang Medical College,OTHER,unmatched,,대학·병원,,,
Shenzhen Center for Chronic Disease Control,OTHER,unmatched,,대학·병원,,,
Shenzhen Center for Disease Control and Prevention,OTHER_GOV,unmatched,,대학·병원,,,
"Shenzhen Institutes of Advanced Technology ,Chinese Academy of Sciences",OTHER,unmatched,,대학·병원,,,
Shenzhen People's Hospital,OTHER,unmatched,,대학·병원,,,
"Shenzhen Precision Health Food Technology Co. Ltd.,",OTHER_GOV,unmatched,,대학·병원,,,
Shi Yang,OTHER,unmatched,,대학·병원,,,
Shih Chien Huang,OTHER,unmatched,,대학·병원,,,
Shinyu Kise,OTHER,unmatched,,대학·병원,,,
Shiraz University of Medical Sciences,OTHER,unmatched,,대학·병원,,,
"Shmuel Harofeh Hospital, Geriatric Medical Center",OTHER_GOV,unmatched,,대학·병원,,,
Shriners Hospitals for Children,OTHER,unmatched,,대학·병원,,,
Shupei Li,OTHER,unmatched,,대학·병원,,,
"Siami, Paul F., M.D.",OTHER,unmatched,,대학·병원,,,
Sidney Kimmel Comprehensive Cancer Center at Johns Hopkins,OTHER,unmatched,,대학·병원,,,
Sidney Kimmel Comprehensive Cancer Center at Thomas Jefferson University,OTHER,unmatched,,대학·병원,,,
Signe Torekov,OTHER,unmatched,,대학·병원,,,
Siirt Training and Research Hospital,OTHER_GOV,unmatched,,대학·병원,,,
Siirt University,OTHER,unmatched,,대학·병원,,,
Silva Arslanian,OTHER,unmatched,,대학·병원,,,
Silvia Leite Faria,OTHER,unmatched,,대학·병원,,,
Simon Fraser University,OTHER,unmatched,,대학·병원,,,
Sinai University,OTHER,unmatched,,대학·병원,,,
Singapore General Hospital,OTHER,unmatched,,대학·병원,,,
Singapore Health Services,OTHER,unmatched,,대학·병원,,,
Singapore Institute of Food and Biotechnology Innovation,OTHER_GOV,unmatched,,대학·병원,,,
"Singh, Kuldeep, M.D., P.A.",INDIV,unmatched,,대학·병원,,,
Sint Dimpna Ziekenhuis Geel,NETWORK,unmatched,,대학·병원,,,
Sir Ganga Ram Hospital,OTHER,unmatched,,대학·병원,,,
Sir Salimullah Medical College Mitford Hospital,OTHER_GOV,unmatched,,대학·병원,,,
Siriraj Hospital,OTHER,unmatched,,대학·병원,,,
Sisli Hamidiye Etfal Training and Research Hospital,OTHER,unmatched,,대학·병원,,,
Sitaram Bhartia Institute of Science and Research,OTHER,unmatched,,대학·병원,,,
Skane University Hospital,OTHER,unmatched,,대학·병원,,,
Skidmore College,OTHER,unmatched,,대학·병원,,,
Skin Care and Laser Physicians of Beverly Hills,OTHER,unmatched,,대학·병원,,,
Slotervaart Hospital,OTHER,unmatched,,대학·병원,,,
Slovak Academy of Sciences,OTHER_GOV,unmatched,,대학·병원,,,
Small Changes,OTHER,unmatched,,대학·병원,,,
Sociedad Española de Neumología y Cirugía Torácica,OTHER,unmatched,,대학·병원,,,
Société Française d'Endoscopie Digestive,OTHER,unmatched,,대학·병원,,,
Sodertalje Hospital,OTHER,unmatched,,대학·병원,,,
Sohag University,OTHER,unmatched,,대학·병원,,,
Soma Adel Gaber Abd El-Ghany,OTHER,unmatched,,대학·병원,,,
Soochow University,OTHER,unmatched,,대학·병원,,,
Soonchunhyang University Hospital,OTHER,unmatched,,대학·병원,,,
Sorlandet Hospital HF,OTHER_GOV,unmatched,,대학·병원,,,
Soroka University Medical Center,OTHER,unmatched,,대학·병원,,,
South Dakota State University,OTHER,unmatched,,대학·병원,,,
South Tyneside and Sunderland NHS Foundation Trust,OTHER,unmatched,,대학·병원,,,
South West Sydney Local Health District,OTHER,unmatched,,대학·병원,,,
"Southeast Bariatrics, PA",OTHER,unmatched,,대학·병원,,,
Southern California Institute for Research and Education,OTHER,unmatched,,대학·병원,,,
Southern Cross Fertility Centre,OTHER,unmatched,,대학·병원,,,
Southern Illinois University Edwardsville,OTHER,unmatched,,대학·병원,,,
"Southern Medical University, China",OTHER,unmatched,,대학·병원,,,
Southern Utah University,OTHER,unmatched,,대학·병원,,,
Spanish National Research Council,OTHER_GOV,unmatched,,대학·병원,,,
"Spatz FGIA, Inc",OTHER,unmatched,,대학·병원,,,
Spaulding Rehabilitation Hospital,OTHER,unmatched,,대학·병원,,,
Special Hospital for Extended Treatment of Duga Resa,OTHER_GOV,unmatched,,대학·병원,,,
Spital Limmattal Schlieren,OTHER,unmatched,,대학·병원,,,
Sri Aurobindo Institute of Medical Sciences,OTHER,unmatched,,대학·병원,,,
Srinakharinwirot University,OTHER,unmatched,,대학·병원,,,
Srinvasan Beddhu,OTHER,unmatched,,대학·병원,,,
St Andrew's Healthcare,OTHER,unmatched,,대학·병원,,,
"St George's, University of London",OTHER,unmatched,,대학·병원,,,
"St Joseph University, Beirut, Lebanon",OTHER,unmatched,,대학·병원,,,
St Mary's University College,OTHER,unmatched,,대학·병원,,,
St Vincent's Hospital Melbourne,OTHER,unmatched,,대학·병원,,,
"St Vincent's University Hospital, Ireland",OTHER,unmatched,,대학·병원,,,
"St. Anne's University Hospital Brno, Czech Republic",OTHER,unmatched,,대학·병원,,,
St. Antonius Hospital,OTHER,unmatched,,대학·병원,,,
St. Franziskus Hospital,OTHER,unmatched,,대학·병원,,,
"St. James's Hospital, Ireland",OTHER,unmatched,,대학·병원,,,
St. Joseph's Healthcare Hamilton,OTHER,unmatched,,대학·병원,,,
St. Jude Children's Research Hospital,OTHER,unmatched,,대학·병원,,,
St. Justine's Hospital,OTHER,unmatched,,대학·병원,,,
St. Louis University,OTHER,unmatched,,대학·병원,,,
St. Luke's-Roosevelt Hospital Center,OTHER,unmatched,,대학·병원,,,
"St. Mary's University, Twickenham",OTHER,unmatched,,대학·병원,,,
St. Olavs Hospital,OTHER,unmatched,,대학·병원,,,
St. Paul Heart Clinic,OTHER,unmatched,,대학·병원,,,
St. Pölten University of Applied Sciences,OTHER,unmatched,,대학·병원,,,
Stanford University,OTHER,unmatched,,대학·병원,,,
State Islamic University of Sunan Kalijaga Yogyakarta,OTHER,unmatched,,대학·병원,,,
State Key Laboratory of Cancer Biology,NETWORK,unmatched,,대학·병원,,,
State University of Minas Gerais,OTHER,unmatched,,대학·병원,,,
State University of New York - Upstate Medical University,OTHER,unmatched,,대학·병원,,,
State University of New York at Buffalo,OTHER,unmatched,,대학·병원,,,
Stefan De Smet,OTHER,unmatched,,대학·병원,,,
Stefan Soderberg,OTHER,unmatched,,대학·병원,,,
Stefania Basili,OTHER,unmatched,,대학·병원,,,
Stefano Rizza,OTHER,unmatched,,대학·병원,,,
Steno Diabetes Center Copenhagen,OTHER,unmatched,,대학·병원,,,
Steno Diabetes Center Greenland,OTHER,unmatched,,대학·병원,,,
Stephen Firkins,OTHER,unmatched,,대학·병원,,,
Stephen Hutchison,OTHER,unmatched,,대학·병원,,,
"Steward St. Elizabeth's Medical Center of Boston, Inc.",OTHER,unmatched,,대학·병원,,,
Stoffwechselzentrum Rhein - Pfalz,OTHER,unmatched,,대학·병원,,,
Stony Brook University,OTHER,unmatched,,대학·병원,,,
StudySetGo,NETWORK,unmatched,,대학·병원,,,
Suez Canal University,OTHER,unmatched,,대학·병원,,,
Sulaimani Polytechnic University,OTHER,unmatched,,대학·병원,,,
"Sultan Abdulhamid Han Training and Research Hospital, Istanbul, Turkey",OTHER,unmatched,,대학·병원,,,
Sultan Qaboos University,OTHER,unmatched,,대학·병원,,,
Summa Health System,OTHER,unmatched,,대학·병원,,,
Sun Jia,OTHER,unmatched,,대학·병원,,,
Sun Yat-Sen Memorial Hospital of Sun Yat-Sen University,OTHER,unmatched,,대학·병원,,,
Sun Yat-sen University,OTHER,unmatched,,대학·병원,,,
"Sundeep Khosla, M.D.",OTHER,unmatched,,대학·병원,,,
Sung Ling Yeh,OTHER,unmatched,,대학·병원,,,
Sunnaas Rehabilitation Hospital,OTHER,unmatched,,대학·병원,,,
Sunnybrook Health Sciences Centre,OTHER,unmatched,,대학·병원,,,
Superior University,OTHER,unmatched,,대학·병원,,,
Surgical Review Corporation,OTHER,unmatched,,대학·병원,,,
Surgical Specialists of Louisiana,OTHER,unmatched,,대학·병원,,,
Susan Smyth,OTHER,unmatched,,대학·병원,,,
Susanna Søberg,OTHER,unmatched,,대학·병원,,,
Suthat Liangpunsakul,OTHER,unmatched,,대학·병원,,,
Suzanne J. Rose,OTHER,unmatched,,대학·병원,,,
Suzanne Morin,OTHER,unmatched,,대학·병원,,,
Swansea Bay University Health Board,OTHER,unmatched,,대학·병원,,,
Swansea University,OTHER,unmatched,,대학·병원,,,
Swedish University of Agricultural Sciences,OTHER,unmatched,,대학·병원,,,
Swinburne University of Technology,OTHER,unmatched,,대학·병원,,,
Swiss Federal Institute of Technology,OTHER,unmatched,,대학·병원,,,
Swiss Tropical & Public Health Institute,OTHER,unmatched,,대학·병원,,,
Syeda Mahanum Ali,OTHER_GOV,unmatched,,대학·병원,,,
Sykehuset Innlandet HF,OTHER,unmatched,,대학·병원,,,
Sykehuset i Vestfold HF,OTHER,unmatched,,대학·병원,,,
Syneos Health,OTHER,unmatched,,대학·병원,,,
Syracuse University,OTHER,unmatched,,대학·병원,,,
São Paulo State University,OTHER,unmatched,,대학·병원,,,
Süleyman Kılıç,OTHER,unmatched,,대학·병원,,,
Sümeyra Başar,OTHER,unmatched,,대학·병원,,,
Sıdıka Ece Yokuş,OTHER,unmatched,,대학·병원,,,
"T. John Winhusen, PhD",OTHER,unmatched,,대학·병원,,,
TC Erciyes University,OTHER,unmatched,,대학·병원,,,
TNO,OTHER,unmatched,,대학·병원,,,
Tabriz University of Medical Sciences,OTHER,unmatched,,대학·병원,,,
Taichung Veterans General Hospital,OTHER,unmatched,,대학·병원,,,
Taif University,OTHER,unmatched,,대학·병원,,,
Taipei City Hospital,OTHER_GOV,unmatched,,대학·병원,,,
Taipei Medical University,OTHER,unmatched,,대학·병원,,,
Taipei Medical University Hospital,OTHER,unmatched,,대학·병원,,,
Taipei Medical University Shuang Ho Hospital,OTHER,unmatched,,대학·병원,,,
Taipei Medical University WanFang Hospital,OTHER,unmatched,,대학·병원,,,
"Taipei Tzu Chi Hospital, Buddhist Tzu Chi Medical Foundation",OTHER,unmatched,,대학·병원,,,
"Taipei Veterans General Hospital, Taiwan",OTHER_GOV,unmatched,,대학·병원,,,
Taisy Cinthia Ferro Cavalcante,OTHER,unmatched,,대학·병원,,,
Tampa General Hospital,OTHER,unmatched,,대학·병원,,,
Tampere University,OTHER,unmatched,,대학·병원,,,
Tampere University Hospital,OTHER,unmatched,,대학·병원,,,
Tan Tock Seng Hospital,OTHER,unmatched,,대학·병원,,,
Tang-Du Hospital,OTHER,unmatched,,대학·병원,,,
Tanta University,OTHER,unmatched,,대학·병원,,,
"Tarah J Ballinger, MD",OTHER,unmatched,,대학·병원,,,
Tartu University Hospital,OTHER,unmatched,,대학·병원,,,
Tarumanagara University,OTHER,unmatched,,대학·병원,,,
"Tasly Pharmaceutical Group Co., Ltd",INDUSTRY,unmatched,,대학·병원,,,
Tatsuhiro Hisatsune,OTHER,unmatched,,대학·병원,,,
TecSalud Investigación Clínica,OTHER,unmatched,,대학·병원,,,
Technical University of Lisbon,OTHER,unmatched,,대학·병원,,,
Technical University of Madrid,OTHER,unmatched,,대학·병원,,,
Technical University of Munich,OTHER,unmatched,,대학·병원,,,
Technische Universität Dresden,OTHER,unmatched,,대학·병원,,,
"Technological Centre of Nutrition and Health, Spain",OTHER,unmatched,,대학·병원,,,
Tehran University of Medical Sciences,OTHER,unmatched,,대학·병원,,,
Tel Aviv University,OTHER,unmatched,,대학·병원,,,
Tel Hai College,OTHER,unmatched,,대학·병원,,,
Tel-Aviv Sourasky Medical Center,OTHER_GOV,unmatched,,대학·병원,,,
Temple University,OTHER,unmatched,,대학·병원,,,
Tepecik Training and Research Hospital,OTHER,unmatched,,대학·병원,,,
Teresa Moreno Casbas,OTHER_GOV,unmatched,,대학·병원,,,
Texas A&M University,OTHER,unmatched,,대학·병원,,,
Texas A&M University San Antonio,OTHER,unmatched,,대학·병원,,,
Texas Cardiac Arrhythmia Research Foundation,OTHER,unmatched,,대학·병원,,,
Texas Christian University,OTHER,unmatched,,대학·병원,,,
Texas Tech University,OTHER,unmatched,,대학·병원,,,
Texas Tech University Health Sciences Center,OTHER,unmatched,,대학·병원,,,
Texas Woman's University,OTHER,unmatched,,대학·병원,,,
Thamires Ribeiro Chaves,OTHER,unmatched,,대학·병원,,,
Thammasat University Hospital,OTHER,unmatched,,대학·병원,,,
"Thayyil, Sudhin",INDIV,unmatched,,대학·병원,,,
The Affiliated Hospital of Hangzhou Normal University,OTHER,unmatched,,대학·병원,,,
The Affiliated Hospital of Qingdao University,OTHER,unmatched,,대학·병원,,,
The Affiliated Hospital of Xuzhou Medical University,OTHER,unmatched,,대학·병원,,,
The Affiliated Nanjing Drum Tower Hospital of Nanjing University Medical School,OTHER,unmatched,,대학·병원,,,
"The Baruch Padeh Medical Center, Poriya",OTHER_GOV,unmatched,,대학·병원,,,
The Camelot Foundation,OTHER,unmatched,,대학·병원,,,
The Cleveland Clinic,OTHER,unmatched,,대학·병원,,,
The Cooper Institute,OTHER,unmatched,,대학·병원,,,
The Crown Institute,OTHER,unmatched,,대학·병원,,,
The Fifth Affiliated Hospital of Wenzhou Medical University & Lishui Central Hospital,OTHER,unmatched,,대학·병원,,,
The First Affiliated Hospital of Anhui Medical University,OTHER,unmatched,,대학·병원,,,
The First Affiliated Hospital of China University of Science and Technology (Anhui Provincial),OTHER,unmatched,,대학·병원,,,
The First Affiliated Hospital of Dalian Medical University,OTHER,unmatched,,대학·병원,,,
The First Affiliated Hospital of Soochow University,OTHER,unmatched,,대학·병원,,,
The First Affiliated Hospital of Xiamen University,OTHER,unmatched,,대학·병원,,,
The First Affiliated Hospital of Xinxiang Medical College,OTHER,unmatched,,대학·병원,,,
The First Affiliated Hospital with Nanjing Medical University,OTHER,unmatched,,대학·병원,,,
The First Hospital of Hebei Medical University,OTHER,unmatched,,대학·병원,,,
The First Hospital of Jilin University,OTHER,unmatched,,대학·병원,,,
The First People's Hospital of Changzhou,OTHER,unmatched,,대학·병원,,,
The First People's Hospital of Jingzhou,OTHER,unmatched,,대학·병원,,,
The Fourth Affiliated Hospital of Zhejiang University School of Medicine,OTHER,unmatched,,대학·병원,,,
The Geneva Foundation,OTHER,unmatched,,대학·병원,,,
The Hong Kong Polytechnic University,OTHER,unmatched,,대학·병원,,,
The Hospital for Sick Children,OTHER,unmatched,,대학·병원,,,
The Hospital of Vestfold,OTHER,unmatched,,대학·병원,,,
The Jerzy Kukuczka Academy of Physical Education in Katowice,OTHER,unmatched,,대학·병원,,,
The Korean Society of Ginseng,OTHER,unmatched,,대학·병원,,,
The Mediterranean Institute for Transplantation and Advanced Specialized Therapies,OTHER,unmatched,,대학·병원,,,
The Methodist Hospital Research Institute,OTHER,unmatched,,대학·병원,,,
The Metis Foundation,OTHER,unmatched,,대학·병원,,,
The Miriam Hospital,OTHER,unmatched,,대학·병원,,,
The N.E.W. Program,OTHER,unmatched,,대학·병원,,,
"The New Model of Care, Hail Health Cluster",OTHER_GOV,unmatched,,대학·병원,,,
The Queen Elizabeth Hospital,OTHER,unmatched,,대학·병원,,,
The Reading Hospital and Medical Center,OTHER,unmatched,,대학·병원,,,
The Rogosin Institute,OTHER,unmatched,,대학·병원,,,
The Royal Bournemouth Hospital,OTHER,unmatched,,대학·병원,,,
The Royal's Institute of Mental Health Research,OTHER,unmatched,,대학·병원,,,
The S. Daniel Abraham International Center for Health and Nutrition,OTHER,unmatched,,대학·병원,,,
The Second Affiliated Hospital of Chongqing Medical University,OTHER,unmatched,,대학·병원,,,
The Second Hospital of Shandong University,OTHER,unmatched,,대학·병원,,,
The Seventh Affiliated Hospital of Sun Yat-sen University,OTHER,unmatched,,대학·병원,,,
The Skin Center Dermatology Group,INDUSTRY,unmatched,,대학·병원,,,
The Society of Bariatric and Metabolic Surgeons of Kazakhstan,OTHER,unmatched,,대학·병원,,,
The Swedish School of Sport and Health Sciences,OTHER,unmatched,,대학·병원,,,
The Third People's Hospital of Chengdu,OTHER,unmatched,,대학·병원,,,
The Third Xiangya Hospital of Central South University,OTHER,unmatched,,대학·병원,,,
The University of Hong Kong,OTHER,unmatched,,대학·병원,,,
The University of New South Wales,OTHER,unmatched,,대학·병원,,,
The University of Queensland,OTHER,unmatched,,대학·병원,,,
The University of Tennessee at Martin,OTHER,unmatched,,대학·병원,,,
"The University of Tennessee, Knoxville",OTHER,unmatched,,대학·병원,,,
The University of Texas Health Science Center at San Antonio,OTHER,unmatched,,대학·병원,,,
"The University of Texas Health Science Center, Houston",OTHER,unmatched,,대학·병원,,,
"The University of Texas Medical Branch, Galveston",OTHER,unmatched,,대학·병원,,,
The University of Texas at Dallas,OTHER,unmatched,,대학·병원,,,
The University of Texas at San Antonio,OTHER,unmatched,,대학·병원,,,
The University of The West Indies,OTHER,unmatched,,대학·병원,,,
The University of Western Australia,OTHER,unmatched,,대학·병원,,,
Theodor Bilharz Research Institute,OTHER,unmatched,,대학·병원,,,
Therapeutic Advances in Childhood Leukemia Consortium,OTHER,unmatched,,대학·병원,,,
ThinkWell,OTHER,unmatched,,대학·병원,,,
Third Affiliated Hospital of Third Military Medical University,OTHER,unmatched,,대학·병원,,,
Third Affiliated Hospital of Zhengzhou University,OTHER,unmatched,,대학·병원,,,
Third Military Medical University,OTHER,unmatched,,대학·병원,,,
Thomas Benfield,OTHER,unmatched,,대학·병원,,,
"Thomas J. Wang, MD",OTHER,unmatched,,대학·병원,,,
Thomas Jefferson University,OTHER,unmatched,,대학·병원,,,
Thomas Nystrom,OTHER,unmatched,,대학·병원,,,
Thomas Scherer,OTHER,unmatched,,대학·병원,,,
Tianjin Medical University,OTHER,unmatched,,대학·병원,,,
Tina Vilsboll,OTHER,unmatched,,대학·병원,,,
Tina Vilsbøll,OTHER,unmatched,,대학·병원,,,
"Tinh-Hai Collet, MD",OTHER,unmatched,,대학·병원,,,
"Tirang R. Neyestani, Ph.D.",OTHER,unmatched,,대학·병원,,,
Tiva Group,OTHER,unmatched,,대학·병원,,,
Tokat Gaziosmanpasa University,OTHER,unmatched,,대학·병원,,,
Tokyo Medical University,OTHER,unmatched,,대학·병원,,,
Tom Hühne,OTHER,unmatched,,대학·병원,,,
Tomsk National Research Medical Center of the Russian Academy of Sciences,OTHER,unmatched,,대학·병원,,,
Tongji Hospital,OTHER,unmatched,,대학·병원,,,
Tongji University,OTHER,unmatched,,대학·병원,,,
"Toni Choueiri, MD",OTHER,unmatched,,대학·병원,,,
Tor-Ivar Karlsen,OTHER,unmatched,,대학·병원,,,
Toronto Metropolitan University,OTHER,unmatched,,대학·병원,,,
Toros University,OTHER,unmatched,,대학·병원,,,
Total Definer Research Group,OTHER,unmatched,,대학·병원,,,
"Touro University, California",OTHER,unmatched,,대학·병원,,,
Towson University,OTHER,unmatched,,대학·병원,,,
Trabzon Kanuni Education and Research Hospital,OTHER,unmatched,,대학·병원,,,
Tracey McLaughlin,OTHER,unmatched,,대학·병원,,,
Tri-Service General Hospital (TSGH),OTHER,unmatched,,대학·병원,,,
Trinity Health Of New England,OTHER,unmatched,,대학·병원,,,
True You Weight Loss,OTHER,unmatched,,대학·병원,,,
TrueNorth Health Foundation,OTHER,unmatched,,대학·병원,,,
Trustees of Dartmouth College,OTHER,unmatched,,대학·병원,,,
"TsaoTun Psychiatric Center, Department of Health, Taiwan",OTHER,unmatched,,대학·병원,,,
Tufts Medical Center,OTHER,unmatched,,대학·병원,,,
Tufts University,OTHER,unmatched,,대학·병원,,,
Tulane University,OTHER,unmatched,,대학·병원,,,
Tulane University Health Sciences Center,OTHER,unmatched,,대학·병원,,,
Tulane University School of Medicine,OTHER,unmatched,,대학·병원,,,
Tulane University School of Public Health and Tropical Medicine,OTHER,unmatched,,대학·병원,,,
Tung Wah College,OTHER,unmatched,,대학·병원,,,
Tungs' Taichung Metroharbour Hospital,OTHER,unmatched,,대학·병원,,,
Turkish Metabolic Surgery Foundation,OTHER,unmatched,,대학·병원,,,
Turkish Society of Anesthesiology and Reanimation,OTHER,unmatched,,대학·병원,,,
Turku University Hospital,OTHER_GOV,unmatched,,대학·병원,,,
Tuscaloosa Research & Education Advancement Corporation,OTHER,unmatched,,대학·병원,,,
Tyco Healthcare Group,INDUSTRY,unmatched,,대학·병원,,,
UCSF Benioff Children's Hospital Oakland,OTHER,unmatched,,대학·병원,,,
UConn Health,OTHER,unmatched,,대학·병원,,,
UKK Institute,OTHER,unmatched,,대학·병원,,,
UMC Utrecht,OTHER,unmatched,,대학·병원,,,
UNC Lineberger Comprehensive Cancer Center,OTHER,unmatched,,대학·병원,,,
US Department of Veterans Affairs,FED,unmatched,,대학·병원,,,
USDA Beltsville Human Nutrition Research Center,FED,unmatched,,대학·병원,,,
USDA Food and Nutrition Service,FED,unmatched,,대학·병원,,,
USDA Grand Forks Human Nutrition Research Center,FED,unmatched,,대학·병원,,,
USDA Human Nutrition Research Center on Aging,FED,unmatched,,대학·병원,,,
"USDA, Delta Human Nutrition Research Program",FED,unmatched,,대학·병원,,,
"USDA, Western Human Nutrition Research Center",FED,unmatched,,대학·병원,,,
Ulla Kampmann Opstrup,OTHER,unmatched,,대학·병원,,,
Ullevaal University Hospital,OTHER,unmatched,,대학·병원,,,
Umeå University,OTHER,unmatched,,대학·병원,,,
Umraniye Education and Research Hospital,OTHER_GOV,unmatched,,대학·병원,,,
Umut BALLI,OTHER,unmatched,,대학·병원,,,
Unidad Internacional de Cirugia Bariatrica y Metabolica,OTHER,unmatched,,대학·병원,,,
Unidad de Investigación Genética Molecular,NETWORK,unmatched,,대학·병원,,,
Unidade Local de Saúde Santa Maria,OTHER_GOV,unmatched,,대학·병원,,,
"Unidade Local de Saúde de Coimbra, EPE",OTHER,unmatched,,대학·병원,,,
Unidades Tecnológicas de Santander,OTHER,unmatched,,대학·병원,,,
"Union Hospital, Tongji Medical College, Huazhong University of Science and Technology",OTHER,unmatched,,대학·병원,,,
Unita Complessa di Ostetricia e Ginecologia,OTHER,unmatched,,대학·병원,,,
United Arab Emirates University,OTHER,unmatched,,대학·병원,,,
United States Army Research Institute of Environmental Medicine,FED,unmatched,,대학·병원,,,
Uniter Onlus,OTHER,unmatched,,대학·병원,,,
Unity Health Toronto,OTHER,unmatched,,대학·병원,,,
Universal Skincare Institute,OTHER,unmatched,,대학·병원,,,
Universidad Autonoma de Baja California,OTHER,unmatched,,대학·병원,,,
Universidad Autonoma de Ciudad Juarez,OTHER,unmatched,,대학·병원,,,
Universidad Autonoma de Madrid,OTHER,unmatched,,대학·병원,,,
Universidad Autonoma de Nuevo Leon,OTHER,unmatched,,대학·병원,,,
Universidad Autonoma de Queretaro,OTHER,unmatched,,대학·병원,,,
Universidad Autonoma de San Luis Potosí,OTHER,unmatched,,대학·병원,,,
Universidad Autonoma del Estado de Mexico,OTHER,unmatched,,대학·병원,,,
Universidad Autónoma Benito Juárez de Oaxaca,OTHER,unmatched,,대학·병원,,,
Universidad Autónoma de Chile,OTHER,unmatched,,대학·병원,,,
Universidad Autónoma de Querétaro,OTHER,unmatched,,대학·병원,,,
Universidad Catolica Silva Henriquez,OTHER,unmatched,,대학·병원,,,
Universidad Catolica de Temuco,OTHER,unmatched,,대학·병원,,,
Universidad Católica San Antonio de Murcia,OTHER,unmatched,,대학·병원,,,
Universidad Católica del Maule,OTHER,unmatched,,대학·병원,,,
Universidad Francisco de Vitoria,OTHER,unmatched,,대학·병원,,,
"Universidad Iberoamericana A.C., Mexico",OTHER,unmatched,,대학·병원,,,
Universidad Icesi,OTHER,unmatched,,대학·병원,,,
Universidad Miguel Hernandez de Elche,OTHER,unmatched,,대학·병원,,,
Universidad Nacional Andres Bello,OTHER,unmatched,,대학·병원,,,
Universidad Nacional Autonoma de Mexico,OTHER,unmatched,,대학·병원,,,
Universidad Pablo de Olavide,OTHER,unmatched,,대학·병원,,,
Universidad Politecnica de Madrid,OTHER,unmatched,,대학·병원,,,
Universidad Pública de Navarra,OTHER,unmatched,,대학·병원,,,
Universidad Rey Juan Carlos,OTHER,unmatched,,대학·병원,,,
Universidad San Sebastián,OTHER,unmatched,,대학·병원,,,
Universidad Santo Tomas,OTHER,unmatched,,대학·병원,,,
Universidad Surcolombiana,OTHER,unmatched,,대학·병원,,,
Universidad Veracruzana,OTHER,unmatched,,대학·병원,,,
Universidad de Almeria,OTHER,unmatched,,대학·병원,,,
Universidad de Antioquia,OTHER,unmatched,,대학·병원,,,
Universidad de Burgos,OTHER,unmatched,,대학·병원,,,
Universidad de Caldas,OTHER,unmatched,,대학·병원,,,
Universidad de Colima,OTHER,unmatched,,대학·병원,,,
Universidad de Concepcion,OTHER,unmatched,,대학·병원,,,
Universidad de Cuenca,OTHER,unmatched,,대학·병원,,,
Universidad de Córdoba,OTHER,unmatched,,대학·병원,,,
Universidad de Extremadura,OTHER,unmatched,,대학·병원,,,
Universidad de Granada,OTHER,unmatched,,대학·병원,,,
Universidad de Guanajuato,OTHER,unmatched,,대학·병원,,,
Universidad de La Frontera,OTHER,unmatched,,대학·병원,,,
Universidad de Los Lagos,OTHER,unmatched,,대학·병원,,,
Universidad de Murcia,OTHER,unmatched,,대학·병원,,,
Universidad de Sonora,OTHER,unmatched,,대학·병원,,,
Universidad de Zaragoza,OTHER,unmatched,,대학·병원,,,
Universidad del Desarrollo,OTHER,unmatched,,대학·병원,,,
Universidade Cesumar (UNICESUMAR),OTHER,unmatched,,대학·병원,,,
Universidade Estadual de Londrina,OTHER,unmatched,,대학·병원,,,
Universidade Federal Fluminense,OTHER,unmatched,,대학·병원,,,
Universidade Federal de Goias,OTHER,unmatched,,대학·병원,,,
Universidade Federal de Pernambuco,OTHER,unmatched,,대학·병원,,,
Universidade Federal de Santa Catarina,OTHER,unmatched,,대학·병원,,,
Universidade Federal de Sao Carlos,OTHER,unmatched,,대학·병원,,,
Universidade Federal do Paraná,OTHER,unmatched,,대학·병원,,,
Universidade Federal do Rio Grande do Norte,OTHER,unmatched,,대학·병원,,,
Universidade Federal do Rio de Janeiro,OTHER,unmatched,,대학·병원,,,
Universidade Federal do vale do São Francisco,OTHER,unmatched,,대학·병원,,,
Universidade Gama Filho,OTHER,unmatched,,대학·병원,,,
Universidade Metodista de Piracicaba,OTHER,unmatched,,대학·병원,,,
Universidade Nova de Lisboa,OTHER,unmatched,,대학·병원,,,
Universidade Positivo,OTHER,unmatched,,대학·병원,,,
Universidade do Algarve,OTHER,unmatched,,대학·병원,,,
Universidade do Extremo Sul Catarinense - Unidade Academica de Ciecias da Saude,OTHER,unmatched,,대학·병원,,,
Universidade do Oeste de Santa Catarina,OTHER,unmatched,,대학·병원,,,
Universidade do Porto,OTHER,unmatched,,대학·병원,,,
Universita degli Studi di Genova,OTHER,unmatched,,대학·병원,,,
Universita di Verona,OTHER,unmatched,,대학·병원,,,
Universitair Ziekenhuis Brussel,OTHER,unmatched,,대학·병원,,,
Universitaire Ziekenhuizen KU Leuven,OTHER,unmatched,,대학·병원,,,
Universitas Airlangga,OTHER,unmatched,,대학·병원,,,
Universitas Diponegoro,OTHER,unmatched,,대학·병원,,,
Universitas Indonesia,OTHER,unmatched,,대학·병원,,,
Universitas Padjadjaran,OTHER,unmatched,,대학·병원,,,
Universitas Sriwijaya,OTHER,unmatched,,대학·병원,,,
Universitat Internacional de Catalunya,OTHER,unmatched,,대학·병원,,,
Universitat Jaume I,OTHER,unmatched,,대학·병원,,,
Universitat Politècnica de Catalunya,OTHER,unmatched,,대학·병원,,,
Universite du Littoral Cote d'Opale,OTHER,unmatched,,대학·병원,,,
Universite du Quebec en Outaouais,OTHER,unmatched,,대학·병원,,,
Universiteit Antwerpen,OTHER,unmatched,,대학·병원,,,
Universiteit Leiden,OTHER,unmatched,,대학·병원,,,
Universiti Brunei Darussalam,OTHER,unmatched,,대학·병원,,,
Universiti Kebangsaan Malaysia Medical Centre,OTHER,unmatched,,대학·병원,,,
Universiti Putra Malaysia,OTHER,unmatched,,대학·병원,,,
Universiti Sains Malaysia,OTHER,unmatched,,대학·병원,,,
Universiti Sultan Zainal Abidin,OTHER,unmatched,,대학·병원,,,
Universiti Teknologi Mara,OTHER,unmatched,,대학·병원,,,
Universiti Tunku Abdul Rahman,OTHER,unmatched,,대학·병원,,,
"University Clinical Centre, Gdansk",OTHER,unmatched,,대학·병원,,,
University College Absalon,OTHER,unmatched,,대학·병원,,,
University College Cork,OTHER,unmatched,,대학·병원,,,
University College Dublin,OTHER,unmatched,,대학·병원,,,
University College London Hospitals,OTHER,unmatched,,대학·병원,,,
University College of Antwerp,OTHER,unmatched,,대학·병원,,,
"University College, London",OTHER,unmatched,,대학·병원,,,
University Ghent,OTHER,unmatched,,대학·병원,,,
"University Health Network, Toronto",OTHER,unmatched,,대학·병원,,,
University Hospital Birmingham,OTHER,unmatched,,대학·병원,,,
University Hospital Birmingham NHS Foundation Trust,OTHER,unmatched,,대학·병원,,,
University Hospital Center of Martinique,OTHER,unmatched,,대학·병원,,,
University Hospital Dubrava,OTHER,unmatched,,대학·병원,,,
University Hospital Freiburg,OTHER,unmatched,,대학·병원,,,
University Hospital Muenster,OTHER,unmatched,,대학·병원,,,
University Hospital Ostrava,OTHER,unmatched,,대학·병원,,,
University Hospital Rijeka,OTHER,unmatched,,대학·병원,,,
University Hospital Schleswig-Holstein,OTHER,unmatched,,대학·병원,,,
University Hospital Sestre Milosrdnice,OTHER,unmatched,,대학·병원,,,
University Hospital Southampton NHS Foundation Trust,OTHER,unmatched,,대학·병원,,,
University Hospital Tuebingen,OTHER,unmatched,,대학·병원,,,
University Hospital in Krakow,OTHER,unmatched,,대학·병원,,,
University Hospital of North Norway,OTHER,unmatched,,대학·병원,,,
"University Hospital, Angers",OTHER_GOV,unmatched,,대학·병원,,,
"University Hospital, Antwerp",OTHER,unmatched,,대학·병원,,,
"University Hospital, Basel, Switzerland",OTHER,unmatched,,대학·병원,,,
"University Hospital, Bonn",OTHER,unmatched,,대학·병원,,,
"University Hospital, Bordeaux",OTHER,unmatched,,대학·병원,,,
"University Hospital, Brest",OTHER,unmatched,,대학·병원,,,
"University Hospital, Caen",OTHER,unmatched,,대학·병원,,,
"University Hospital, Clermont-Ferrand",OTHER,unmatched,,대학·병원,,,
"University Hospital, Gasthuisberg",OTHER,unmatched,,대학·병원,,,
"University Hospital, Geneva",OTHER,unmatched,,대학·병원,,,
"University Hospital, Gentofte, Copenhagen",OTHER,unmatched,,대학·병원,,,
"University Hospital, Ghent",OTHER,unmatched,,대학·병원,,,
"University Hospital, Grenoble",OTHER,unmatched,,대학·병원,,,
"University Hospital, Ioannina",OTHER,unmatched,,대학·병원,,,
"University Hospital, Lille",OTHER,unmatched,,대학·병원,,,
"University Hospital, Limoges",OTHER,unmatched,,대학·병원,,,
"University Hospital, Linkoeping",OTHER,unmatched,,대학·병원,,,
"University Hospital, Martin",OTHER,unmatched,,대학·병원,,,
"University Hospital, Montpellier",OTHER,unmatched,,대학·병원,,,
"University Hospital, Rouen",OTHER,unmatched,,대학·병원,,,
"University Hospital, Saarland",OTHER,unmatched,,대학·병원,,,
"University Hospital, Strasbourg, France",OTHER,unmatched,,대학·병원,,,
"University Hospital, Toulouse",OTHER,unmatched,,대학·병원,,,
"University Hospital, Tours",OTHER,unmatched,,대학·병원,,,
University Hospitals Cleveland Medical Center,OTHER,unmatched,,대학·병원,,,
University Hospitals Coventry and Warwickshire NHS Trust,OTHER,unmatched,,대학·병원,,,
"University Hospitals, Leicester",OTHER,unmatched,,대학·병원,,,
University Magna Graecia,OTHER,unmatched,,대학·병원,,,
University Malaysia Sarawak,OTHER,unmatched,,대학·병원,,,
University Medical Center Groningen,OTHER,unmatched,,대학·병원,,,
University Medical Center Ho Chi Minh City (UMC),OTHER,unmatched,,대학·병원,,,
"University Medical Center, Kazakhstan",OTHER,unmatched,,대학·병원,,,
University Medical Centre Ljubljana,OTHER,unmatched,,대학·병원,,,
University Medicine Greifswald,OTHER,unmatched,,대학·병원,,,
University Of Nigeria Teaching Hospital,NETWORK,unmatched,,대학·병원,,,
University Of Perugia,OTHER,unmatched,,대학·병원,,,
University Psychiatric Clinic Ljubljana,OTHER,unmatched,,대학·병원,,,
University Ramon Llull,OTHER,unmatched,,대학·병원,,,
University Rovira i Virgili,OTHER,unmatched,,대학·병원,,,
University Urological Associates Inc.,OTHER,unmatched,,대학·병원,,,
University at Albany,OTHER,unmatched,,대학·병원,,,
University at Buffalo,OTHER,unmatched,,대학·병원,,,
University of Aarhus,OTHER,unmatched,,대학·병원,,,
University of Aberdeen,OTHER,unmatched,,대학·병원,,,
University of Adelaide,OTHER,unmatched,,대학·병원,,,
University of Alabama at Birmingham,OTHER,unmatched,,대학·병원,,,
University of Alaska Fairbanks,OTHER,unmatched,,대학·병원,,,
University of Alberta,OTHER,unmatched,,대학·병원,,,
University of Alcala,OTHER,unmatched,,대학·병원,,,
University of Alicante,OTHER,unmatched,,대학·병원,,,
University of Americas,OTHER,unmatched,,대학·병원,,,
University of Arizona,OTHER,unmatched,,대학·병원,,,
University of Arkansas,OTHER,unmatched,,대학·병원,,,
"University of Arkansas, Fayetteville",OTHER,unmatched,,대학·병원,,,
University of Athens,OTHER,unmatched,,대학·병원,,,
"University of Auckland, New Zealand",OTHER,unmatched,,대학·병원,,,
University of Avignon,OTHER,unmatched,,대학·병원,,,
University of Baghdad,OTHER,unmatched,,대학·병원,,,
University of Banja Luka,OTHER,unmatched,,대학·병원,,,
University of Barcelona,OTHER,unmatched,,대학·병원,,,
University of Bari,OTHER,unmatched,,대학·병원,,,
University of Bari Aldo Moro,OTHER,unmatched,,대학·병원,,,
University of Basel,OTHER,unmatched,,대학·병원,,,
University of Bath,OTHER,unmatched,,대학·병원,,,
University of Bedfordshire,OTHER,unmatched,,대학·병원,,,
University of Beira Interior,OTHER,unmatched,,대학·병원,,,
University of Bergen,OTHER,unmatched,,대학·병원,,,
University of Bern,OTHER,unmatched,,대학·병원,,,
University of Bialystok,OTHER_GOV,unmatched,,대학·병원,,,
University of Birmingham,OTHER,unmatched,,대학·병원,,,
University of Bologna,OTHER,unmatched,,대학·병원,,,
University of Bonn,OTHER,unmatched,,대학·병원,,,
University of Brasilia,OTHER,unmatched,,대학·병원,,,
University of Brawijaya,OTHER,unmatched,,대학·병원,,,
University of Bristol,OTHER,unmatched,,대학·병원,,,
University of British Columbia,OTHER,unmatched,,대학·병원,,,
University of Burgundy,OTHER,unmatched,,대학·병원,,,
University of Cadiz,OTHER,unmatched,,대학·병원,,,
University of Cagliari,OTHER,unmatched,,대학·병원,,,
University of Calgary,OTHER,unmatched,,대학·병원,,,
"University of California, Berkeley",OTHER,unmatched,,대학·병원,,,
"University of California, Davis",OTHER,unmatched,,대학·병원,,,
"University of California, Irvine",OTHER,unmatched,,대학·병원,,,
"University of California, Los Angeles",OTHER,unmatched,,대학·병원,,,
"University of California, Merced",OTHER,unmatched,,대학·병원,,,
"University of California, Riverside",OTHER,unmatched,,대학·병원,,,
"University of California, San Diego",OTHER,unmatched,,대학·병원,,,
"University of California, San Francisco",OTHER,unmatched,,대학·병원,,,
University of Campania Luigi Vanvitelli,OTHER,unmatched,,대학·병원,,,
"University of Campinas, Brazil",OTHER,unmatched,,대학·병원,,,
University of Cape Town,OTHER,unmatched,,대학·병원,,,
University of Castilla-La Mancha,OTHER,unmatched,,대학·병원,,,
University of Central Florida,OTHER,unmatched,,대학·병원,,,
University of Chester,OTHER,unmatched,,대학·병원,,,
University of Chicago,OTHER,unmatched,,대학·병원,,,
University of Chile,OTHER,unmatched,,대학·병원,,,
University of Cincinnati,OTHER,unmatched,,대학·병원,,,
University of Coimbra,OTHER,unmatched,,대학·병원,,,
University of Cologne,OTHER,unmatched,,대학·병원,,,
University of Colombo,OTHER,unmatched,,대학·병원,,,
"University of Colorado, Boulder",OTHER,unmatched,,대학·병원,,,
"University of Colorado, Denver",OTHER,unmatched,,대학·병원,,,
University of Connecticut,OTHER,unmatched,,대학·병원,,,
University of Copenhagen,OTHER,unmatched,,대학·병원,,,
University of Crete,OTHER,unmatched,,대학·병원,,,
University of Cruz Alta,OTHER,unmatched,,대학·병원,,,
University of Cyprus,OTHER,unmatched,,대학·병원,,,
University of Delaware,OTHER,unmatched,,대학·병원,,,
University of Deusto,OTHER,unmatched,,대학·병원,,,
"University of Dublin, Trinity College",OTHER,unmatched,,대학·병원,,,
University of Dundee,OTHER,unmatched,,대학·병원,,,
University of Eastern Finland,OTHER,unmatched,,대학·병원,,,
University of Edinburgh,OTHER,unmatched,,대학·병원,,,
University of Erlangen-Nürnberg Medical School,OTHER,unmatched,,대학·병원,,,
University of Exeter,OTHER,unmatched,,대학·병원,,,
University of Florence,OTHER,unmatched,,대학·병원,,,
University of Florida,OTHER,unmatched,,대학·병원,,,
University of Foggia,OTHER,unmatched,,대학·병원,,,
University of Gaziantep,OTHER,unmatched,,대학·병원,,,
University of Georgia,OTHER,unmatched,,대학·병원,,,
University of Glasgow,OTHER,unmatched,,대학·병원,,,
University of Greenwich,OTHER,unmatched,,대학·병원,,,
University of Guadalajara,OTHER,unmatched,,대학·병원,,,
University of Guelph,OTHER,unmatched,,대학·병원,,,
University of Hail,OTHER,unmatched,,대학·병원,,,
University of Hawaii,OTHER,unmatched,,대학·병원,,,
University of Health Sciences Lahore,OTHER,unmatched,,대학·병원,,,
"University of Health Sciences, Algeria",OTHER,unmatched,,대학·병원,,,
University of Heidelberg Medical Center,OTHER,unmatched,,대학·병원,,,
University of Helsinki,OTHER,unmatched,,대학·병원,,,
University of Hohenheim,OTHER,unmatched,,대학·병원,,,
University of Houston,OTHER,unmatched,,대학·병원,,,
University of Hull,OTHER,unmatched,,대학·병원,,,
University of Iceland,OTHER,unmatched,,대학·병원,,,
University of Idaho,OTHER,unmatched,,대학·병원,,,
University of Illinois College of Medicine at Peoria,OTHER,unmatched,,대학·병원,,,
University of Illinois at Chicago,OTHER,unmatched,,대학·병원,,,
University of Illinois at Urbana-Champaign,OTHER,unmatched,,대학·병원,,,
University of Iowa,OTHER,unmatched,,대학·병원,,,
University of Jazan,OTHER_GOV,unmatched,,대학·병원,,,
University of Jaén,OTHER,unmatched,,대학·병원,,,
University of Jordan,OTHER,unmatched,,대학·병원,,,
University of Kansas,OTHER,unmatched,,대학·병원,,,
University of Kansas Medical Center,OTHER,unmatched,,대학·병원,,,
University of Kentucky,OTHER,unmatched,,대학·병원,,,
University of La Verne,OTHER,unmatched,,대학·병원,,,
University of Lahore Hospital (ULH),NETWORK,unmatched,,대학·병원,,,
University of Lausanne,OTHER,unmatched,,대학·병원,,,
University of Lausanne Hospitals,OTHER,unmatched,,대학·병원,,,
University of Leeds,OTHER,unmatched,,대학·병원,,,
University of Leicester,OTHER,unmatched,,대학·병원,,,
University of Leipzig,OTHER,unmatched,,대학·병원,,,
University of Liege,OTHER,unmatched,,대학·병원,,,
University of Limerick,OTHER,unmatched,,대학·병원,,,
University of Lisbon,OTHER,unmatched,,대학·병원,,,
University of Liverpool,OTHER,unmatched,,대학·병원,,,
University of Ljubljana,OTHER,unmatched,,대학·병원,,,
University of Lorraine,OTHER,unmatched,,대학·병원,,,
University of Louisville,OTHER,unmatched,,대학·병원,,,
University of Luebeck,OTHER,unmatched,,대학·병원,,,
University of Luxembourg,OTHER,unmatched,,대학·병원,,,
University of Macau,OTHER,unmatched,,대학·병원,,,
University of Magdeburg,OTHER,unmatched,,대학·병원,,,
University of Malaya,OTHER,unmatched,,대학·병원,,,
University of Manchester,OTHER,unmatched,,대학·병원,,,
University of Manitoba,OTHER,unmatched,,대학·병원,,,
"University of Maryland, Baltimore",OTHER,unmatched,,대학·병원,,,
"University of Massachusetts, Boston",OTHER,unmatched,,대학·병원,,,
"University of Massachusetts, Worcester",OTHER,unmatched,,대학·병원,,,
University of Medicine and Pharmacy Victor Babes Timisoara,OTHER,unmatched,,대학·병원,,,
University of Medicine and Pharmacy at Ho Chi Minh City,OTHER,unmatched,,대학·병원,,,
University of Melbourne,OTHER,unmatched,,대학·병원,,,
University of Memphis,OTHER,unmatched,,대학·병원,,,
University of Miami,OTHER,unmatched,,대학·병원,,,
University of Miami Sylvester Comprehensive Cancer Center,OTHER,unmatched,,대학·병원,,,
University of Michigan,OTHER,unmatched,,대학·병원,,,
University of Michigan Rogel Cancer Center,OTHER,unmatched,,대학·병원,,,
University of Milan,OTHER,unmatched,,대학·병원,,,
University of Minho,OTHER,unmatched,,대학·병원,,,
University of Minnesota,OTHER,unmatched,,대학·병원,,,
University of Mississippi Medical Center,OTHER,unmatched,,대학·병원,,,
"University of Mississippi, Oxford",OTHER,unmatched,,대학·병원,,,
"University of Missouri, Kansas City",OTHER,unmatched,,대학·병원,,,
University of Missouri-Columbia,OTHER,unmatched,,대학·병원,,,
University of Modena and Reggio Emilia,OTHER,unmatched,,대학·병원,,,
University of Muhammadiyah Jakarta,OTHER,unmatched,,대학·병원,,,
University of Nancy,OTHER,unmatched,,대학·병원,,,
University of Nebraska,OTHER,unmatched,,대학·병원,,,
University of Nebraska Lincoln,OTHER,unmatched,,대학·병원,,,
"University of Nevada, Las Vegas",OTHER,unmatched,,대학·병원,,,
University of New Brunswick,OTHER,unmatched,,대학·병원,,,
University of New England,OTHER,unmatched,,대학·병원,,,
University of New Hampshire,OTHER,unmatched,,대학·병원,,,
University of New Mexico,OTHER,unmatched,,대학·병원,,,
University of Nicosia,OTHER,unmatched,,대학·병원,,,
University of Nis,OTHER,unmatched,,대학·병원,,,
University of North Carolina,OTHER,unmatched,,대학·병원,,,
"University of North Carolina, Chapel Hill",OTHER,unmatched,,대학·병원,,,
"University of North Carolina, Greensboro",OTHER,unmatched,,대학·병원,,,
University of North Texas Health Science Center,OTHER,unmatched,,대학·병원,,,
University of Nottingham,OTHER,unmatched,,대학·병원,,,
University of Nove de Julho,OTHER,unmatched,,대학·병원,,,
"University of Novi Sad, Faculty of Sport and Physical Education",OTHER,unmatched,,대학·병원,,,
University of Oklahoma,OTHER,unmatched,,대학·병원,,,
University of Oregon,OTHER,unmatched,,대학·병원,,,
University of Oslo,OTHER,unmatched,,대학·병원,,,
University of Oslo School of Pharmacy,OTHER,unmatched,,대학·병원,,,
University of Ostrava,OTHER,unmatched,,대학·병원,,,
University of Otago,OTHER,unmatched,,대학·병원,,,
University of Ottawa,OTHER,unmatched,,대학·병원,,,
University of Oulu,OTHER,unmatched,,대학·병원,,,
University of Oviedo,OTHER,unmatched,,대학·병원,,,
University of Oxford,OTHER,unmatched,,대학·병원,,,
University of Padova,OTHER,unmatched,,대학·병원,,,
University of Palermo,OTHER,unmatched,,대학·병원,,,
University of Paris 5 - Rene Descartes,OTHER,unmatched,,대학·병원,,,
University of Parma,OTHER,unmatched,,대학·병원,,,
University of Patras,OTHER,unmatched,,대학·병원,,,
University of Pavia,OTHER,unmatched,,대학·병원,,,
University of Pecs,OTHER,unmatched,,대학·병원,,,
University of Peloponnese,OTHER,unmatched,,대학·병원,,,
University of Pennsylvania,OTHER,unmatched,,대학·병원,,,
University of Pernambuco,OTHER,unmatched,,대학·병원,,,
University of Peshawar,OTHER,unmatched,,대학·병원,,,
University of Pikeville,OTHER,unmatched,,대학·병원,,,
University of Pisa,OTHER,unmatched,,대학·병원,,,
University of Pittsburgh,OTHER,unmatched,,대학·병원,,,
University of Plymouth,OTHER,unmatched,,대학·병원,,,
University of Primorska,OTHER,unmatched,,대학·병원,,,
University of Prince Edward Island,OTHER,unmatched,,대학·병원,,,
University of Puerto Rico,OTHER,unmatched,,대학·병원,,,
University of Reading,OTHER,unmatched,,대학·병원,,,
University of Regina,OTHER,unmatched,,대학·병원,,,
University of Rijeka,OTHER,unmatched,,대학·병원,,,
University of Rochester,OTHER,unmatched,,대학·병원,,,
University of Roehampton,OTHER,unmatched,,대학·병원,,,
University of Roma La Sapienza,OTHER,unmatched,,대학·병원,,,
University of Rome Tor Vergata,OTHER,unmatched,,대학·병원,,,
University of Salamanca,OTHER,unmatched,,대학·병원,,,
University of Salerno,OTHER,unmatched,,대학·병원,,,
University of Santa Cruz do Sul,OTHER,unmatched,,대학·병원,,,
University of Santo Tomas,OTHER,unmatched,,대학·병원,,,
University of Sao Paulo,OTHER,unmatched,,대학·병원,,,
University of Sao Paulo General Hospital,OTHER,unmatched,,대학·병원,,,
University of Saskatchewan,OTHER,unmatched,,대학·병원,,,
University of Seville,OTHER,unmatched,,대학·병원,,,
University of Sfax,OTHER,unmatched,,대학·병원,,,
University of Sharjah,OTHER,unmatched,,대학·병원,,,
University of Sheffield,OTHER,unmatched,,대학·병원,,,
University of Sistan and Baluchestan,OTHER,unmatched,,대학·병원,,,
University of Skövde,OTHER,unmatched,,대학·병원,,,
"University of Social Sciences and Humanities, Warsaw",OTHER,unmatched,,대학·병원,,,
University of South Alabama,OTHER,unmatched,,대학·병원,,,
University of South Carolina,OTHER,unmatched,,대학·병원,,,
University of South Florida,OTHER,unmatched,,대학·병원,,,
University of Southampton,OTHER,unmatched,,대학·병원,,,
University of Southern California,OTHER,unmatched,,대학·병원,,,
University of Southern Denmark,OTHER,unmatched,,대학·병원,,,
University of Southern Mississippi,OTHER,unmatched,,대학·병원,,,
"University of Split, School of Medicine",OTHER,unmatched,,대학·병원,,,
University of Stirling,OTHER,unmatched,,대학·병원,,,
University of Sunderland,OTHER,unmatched,,대학·병원,,,
University of Surrey,OTHER,unmatched,,대학·병원,,,
University of Sydney,OTHER,unmatched,,대학·병원,,,
University of Taipei,OTHER,unmatched,,대학·병원,,,
University of Tartu,OTHER,unmatched,,대학·병원,,,
University of Taubate,OTHER,unmatched,,대학·병원,,,
University of Tehran,OTHER,unmatched,,대학·병원,,,
University of Tennessee,OTHER,unmatched,,대학·병원,,,
University of Tennessee Graduate School of Medicine,OTHER,unmatched,,대학·병원,,,
University of Teramo,OTHER,unmatched,,대학·병원,,,
University of Texas Rio Grande Valley,OTHER,unmatched,,대학·병원,,,
University of Texas Southwestern Medical Center,OTHER,unmatched,,대학·병원,,,
University of Texas at Austin,OTHER,unmatched,,대학·병원,,,
"University of Texas, El Paso",OTHER,unmatched,,대학·병원,,,
University of Thessaly,OTHER,unmatched,,대학·병원,,,
University of Toronto,OTHER,unmatched,,대학·병원,,,
University of Trieste,OTHER,unmatched,,대학·병원,,,
University of Tromso,OTHER,unmatched,,대학·병원,,,
University of Trás-os-Montes and Alto Douro,OTHER,unmatched,,대학·병원,,,
"University of Turin, Italy",OTHER,unmatched,,대학·병원,,,
University of Turku,OTHER,unmatched,,대학·병원,,,
University of Ulm,OTHER,unmatched,,대학·병원,,,
University of Ulster,OTHER,unmatched,,대학·병원,,,
University of Utah,OTHER,unmatched,,대학·병원,,,
University of Valencia,OTHER,unmatched,,대학·병원,,,
University of Vermont,OTHER,unmatched,,대학·병원,,,
University of Vermont Medical Center,OTHER,unmatched,,대학·병원,,,
"University of Veterinary and Animal Sciences, Lahore - Pakistan",OTHER,unmatched,,대학·병원,,,
University of Victoria,OTHER,unmatched,,대학·병원,,,
University of Vienna,OTHER,unmatched,,대학·병원,,,
University of Vigo,OTHER,unmatched,,대학·병원,,,
University of Virginia,OTHER,unmatched,,대학·병원,,,
University of Warmia and Mazury in Olsztyn,OTHER,unmatched,,대학·병원,,,
University of Warwick,OTHER,unmatched,,대학·병원,,,
University of Washington,OTHER,unmatched,,대학·병원,,,
University of Waterloo,OTHER,unmatched,,대학·병원,,,
"University of Western Ontario, Canada",OTHER,unmatched,,대학·병원,,,
University of Western Sydney,OTHER,unmatched,,대학·병원,,,
University of Westminster,OTHER,unmatched,,대학·병원,,,
"University of Wisconsin, Madison",OTHER,unmatched,,대학·병원,,,
"University of Wisconsin, River Falls",OTHER,unmatched,,대학·병원,,,
University of Witten/Herdecke,OTHER,unmatched,,대학·병원,,,
"University of Witwatersrand, South Africa",OTHER,unmatched,,대학·병원,,,
University of Wollongong,OTHER,unmatched,,대학·병원,,,
University of Wolverhampton,OTHER,unmatched,,대학·병원,,,
University of Wuerzburg,OTHER,unmatched,,대학·병원,,,
University of Wyoming,OTHER,unmatched,,대학·병원,,,
University of Yalova,OTHER,unmatched,,대학·병원,,,
University of Yaounde 1,OTHER,unmatched,,대학·병원,,,
University of Zadar,OTHER,unmatched,,대학·병원,,,
University of Zagreb,OTHER,unmatched,,대학·병원,,,
University of Zurich,OTHER,unmatched,,대학·병원,,,
University of the Balearic Islands,OTHER,unmatched,,대학·병원,,,
University of the Basque Country (UPV/EHU),OTHER,unmatched,,대학·병원,,,
University of the Sciences in Philadelphia,OTHER,unmatched,,대학·병원,,,
University of the State of Santa Catarina,OTHER,unmatched,,대학·병원,,,
University of Évora,OTHER,unmatched,,대학·병원,,,
University-Town Hospital of Chongqing Medical University,OTHER,unmatched,,대학·병원,,,
Università degli Studi 'G. d'Annunzio' Chieti e Pescara,OTHER,unmatched,,대학·병원,,,
Università degli Studi di Brescia,OTHER,unmatched,,대학·병원,,,
Università degli Studi di Ferrara,OTHER,unmatched,,대학·병원,,,
Universität Duisburg-Essen,OTHER,unmatched,,대학·병원,,,
Universität des Saarlandes,OTHER,unmatched,,대학·병원,,,
Universitätsklinikum Hamburg-Eppendorf,OTHER,unmatched,,대학·병원,,,
Universitätsmedizin Mannheim,OTHER,unmatched,,대학·병원,,,
"Université Blaise Pascal, Clermont-Ferrand",OTHER,unmatched,,대학·병원,,,
Université Catholique de Louvain,OTHER,unmatched,,대학·병원,,,
Université Joseph Fourier,OTHER,unmatched,,대학·병원,,,
Université Libre de Bruxelles,OTHER,unmatched,,대학·병원,,,
Université de Montréal,OTHER,unmatched,,대학·병원,,,
Université de Sherbrooke,OTHER,unmatched,,대학·병원,,,
Université du Québec a Montréal,OTHER,unmatched,,대학·병원,,,
Uniwersytet Radomski im. Kazimierza Pułaskiego,OTHER,unmatched,,대학·병원,,,
Uppsala University,OTHER,unmatched,,대학·병원,,,
Urmia University of Medical Sciences,OTHER,unmatched,,대학·병원,,,
Urologic Consultants of Southeastern PA,OTHER,unmatched,,대학·병원,,,
Urology of Virginia,OTHER,unmatched,,대학·병원,,,
Uskudar University,OTHER,unmatched,,대학·병원,,,
Uta Lichter-Konecki,OTHER,unmatched,,대학·병원,,,
Utah State University,OTHER,unmatched,,대학·병원,,,
Uşak University,OTHER,unmatched,,대학·병원,,,
VA Nebraska Western Iowa Health Care System,FED,unmatched,,대학·병원,,,
VA Office of Research and Development,FED,unmatched,,대학·병원,,,
VA Puget Sound Health Care System,FED,unmatched,,대학·병원,,,
VASCage GmbH,OTHER,unmatched,,대학·병원,,,
VID Specialized University,OTHER,unmatched,,대학·병원,,,
VIST - Faculty of Applied Sciences,OTHER,unmatched,,대학·병원,,,
"Vadim Sherman, MD",OTHER,unmatched,,대학·병원,,,
Vakif Gureba Training and Research Hospital,OTHER,unmatched,,대학·병원,,,
Valleywise Health,OTHER,unmatched,,대학·병원,,,
Van Training and Research Hospital,OTHER_GOV,unmatched,,대학·병원,,,
Vancouver General Hospital,OTHER,unmatched,,대학·병원,,,
Vanderbilt University,OTHER,unmatched,,대학·병원,,,
Vanderbilt University Medical Center,OTHER,unmatched,,대학·병원,,,
Vanderbilt-Ingram Cancer Center,OTHER,unmatched,,대학·병원,,,
"Vanessa Stadlbauer-Koellner, MD",OTHER,unmatched,,대학·병원,,,
Vardalinstitutet The Swedish Institute for Health Sciences,OTHER,unmatched,,대학·병원,,,
Vastra Gotaland Region,OTHER_GOV,unmatched,,대학·병원,,,
Venus Research Center,OTHER,unmatched,,대학·병원,,,
Versailles Hospital,OTHER,unmatched,,대학·병원,,,
Vestre Viken Hospital Trust,OTHER,unmatched,,대학·병원,,,
Veterans Medical Research Foundation,OTHER,unmatched,,대학·병원,,,
Victor Chang Cardiac Research Institute,OTHER_GOV,unmatched,,대학·병원,,,
Victor Dib Institute,OTHER,unmatched,,대학·병원,,,
Villanova University,OTHER,unmatched,,대학·병원,,,
Viral N. Shah,OTHER,unmatched,,대학·병원,,,
Virginia Commonwealth University,OTHER,unmatched,,대학·병원,,,
Virginia Polytechnic Institute and State University,OTHER,unmatched,,대학·병원,,,
Viterbo University,OTHER,unmatched,,대학·병원,,,
Vladimír Džavík,OTHER,unmatched,,대학·병원,,,
Voronezh N.N. Burdenko State Medical Academy,OTHER,unmatched,,대학·병원,,,
Vrije Universiteit Brussel,OTHER,unmatched,,대학·병원,,,
"Värmland County Council, Sweden",OTHER_GOV,unmatched,,대학·병원,,,
W.J. Pasman,OTHER,unmatched,,대학·병원,,,
"Wael Saasouh, MD",OTHER,unmatched,,대학·병원,,,
Wafaa Mahmoud Amin,OTHER_GOV,unmatched,,대학·병원,,,
Wageningen University,OTHER,unmatched,,대학·병원,,,
Wageningen University and Research,OTHER,unmatched,,대학·병원,,,
Waianae Coast Comprehensive Health Center,OTHER,unmatched,,대학·병원,,,
Wake Forest University,OTHER,unmatched,,대학·병원,,,
Wake Forest University Health Sciences,OTHER,unmatched,,대학·병원,,,
"Walden, Jennifer L., M.D.,P.L.L.C.",INDIV,unmatched,,대학·병원,,,
Walter Reed National Military Medical Center,FED,unmatched,,대학·병원,,,
Wang Jingjing,OTHER,unmatched,,대학·병원,,,
Warsaw University of Life Sciences,OTHER,unmatched,,대학·병원,,,
Washington State University,OTHER,unmatched,,대학·병원,,,
Washington University School of Medicine,OTHER,unmatched,,대학·병원,,,
Wayne State University,OTHER,unmatched,,대학·병원,,,
Wei Hu,OTHER,unmatched,,대학·병원,,,
Weidong Tong,OTHER,unmatched,,대학·병원,,,
Weifang Medical University,OTHER,unmatched,,대학·병원,,,
Weight to Go Ltd,OTHER,unmatched,,대학·병원,,,
Weill Cornell Medical College in Qatar,OTHER,unmatched,,대학·병원,,,
Weill Medical College of Cornell University,OTHER,unmatched,,대학·병원,,,
Weiwei Ma,OTHER,unmatched,,대학·병원,,,
Weizmann Institute of Science,OTHER,unmatched,,대학·병원,,,
West China Hospital,OTHER,unmatched,,대학·병원,,,
West German Center of Diabetes and Health,OTHER,unmatched,,대학·병원,,,
West Park Healthcare Centre,OTHER,unmatched,,대학·병원,,,
West Penn Allegheny Health System,OTHER,unmatched,,대학·병원,,,
West Virginia School of Osteopathic Medicine,OTHER,unmatched,,대학·병원,,,
West Virginia University,OTHER,unmatched,,대학·병원,,,
Western Galilee Hospital-Nahariya,OTHER_GOV,unmatched,,대학·병원,,,
Western Kentucky University,OTHER,unmatched,,대학·병원,,,
Western Michigan University,OTHER,unmatched,,대학·병원,,,
Western Sussex Hospitals NHS Trust,OTHER,unmatched,,대학·병원,,,
Western University,OTHER,unmatched,,대학·병원,,,
"Western University, Canada",OTHER,unmatched,,대학·병원,,,
Westlake University,OTHER,unmatched,,대학·병원,,,
Wiebke Kristin Fenske,OTHER,unmatched,,대학·병원,,,
Willeke Boonstra,OTHER,unmatched,,대학·병원,,,
William Beaumont Army Medical Center,FED,unmatched,,대학·병원,,,
William Carey University,OTHER,unmatched,,대학·병원,,,
William Marsh Rice University,OTHER,unmatched,,대학·병원,,,
William Paterson University of New Jersey,OTHER,unmatched,,대학·병원,,,
Williams College,OTHER,unmatched,,대학·병원,,,
Willows Health,OTHER,unmatched,,대학·병원,,,
Windber Research Institute,OTHER,unmatched,,대학·병원,,,
Winnie Chee Siew Swee,OTHER,unmatched,,대학·병원,,,
Winston Salem State University,OTHER,unmatched,,대학·병원,,,
Winthrop University Hospital,OTHER,unmatched,,대학·병원,,,
Wissal Abassi,OTHER,unmatched,,대학·병원,,,
Wissenschaftliches Institut Bethanien e.V,OTHER,unmatched,,대학·병원,,,
Wolfson Medical Center,OTHER_GOV,unmatched,,대학·병원,,,
Woman's,OTHER,unmatched,,대학·병원,,,
Women and Infants Hospital of Rhode Island,OTHER,unmatched,,대학·병원,,,
"Women's and Children's Hospital, Australia",OTHER_GOV,unmatched,,대학·병원,,,
Wonju Severance Christian Hospital,OTHER,unmatched,,대학·병원,,,
Wonkwang University,OTHER,unmatched,,대학·병원,,,
Wonkwang University Hospital,OTHER,unmatched,,대학·병원,,,
World Institute of Kimchi,OTHER_GOV,unmatched,,대학·병원,,,
Wright State University,OTHER,unmatched,,대학·병원,,,
Wroclaw Medical University,OTHER,unmatched,,대학·병원,,,
Wroclaw University of Health and Sport Sciences,OTHER,unmatched,,대학·병원,,,
Wu Wenjun-1,OTHER,unmatched,,대학·병원,,,
Wuerzburg University Hospital,OTHER,unmatched,,대학·병원,,,
Xiaguang Duan,OTHER,unmatched,,대학·병원,,,
Xiang Guang-da,OTHER,unmatched,,대학·병원,,,
Xiangya Hospital of Central South University,OTHER,unmatched,,대학·병원,,,
Xianjie Zheng,OTHER,unmatched,,대학·병원,,,
XiaoLiang Wang,OTHER,unmatched,,대학·병원,,,
XiaoYong Liu,OTHER,unmatched,,대학·병원,,,
Xiaojun Chen,OTHER,unmatched,,대학·병원,,,
Xiaoyan Shi,OTHER,unmatched,,대학·병원,,,
Xiaoyan Wu,OTHER,unmatched,,대학·병원,,,
Xijing Hospital,OTHER,unmatched,,대학·병원,,,
"Xinhua Hospital, Shanghai Jiao Tong University School of Medicine",OTHER,unmatched,,대학·병원,,,
Xinqiao Hospital of Chongqing,OTHER,unmatched,,대학·병원,,,
"Xuanwu Hospital, Beijing",OTHER,unmatched,,대학·병원,,,
XueMei Guo,OTHER,unmatched,,대학·병원,,,
Xuzhou Medical University,OTHER,unmatched,,대학·병원,,,
Yale University,OTHER,unmatched,,대학·병원,,,
Yale-NUS College,OTHER,unmatched,,대학·병원,,,
Yamaguchi University Hospital,OTHER,unmatched,,대학·병원,,,
Yankton Clinical Research Alliance,OTHER,unmatched,,대학·병원,,,
Yaounde Central Hospital,OTHER_GOV,unmatched,,대학·병원,,,
Yazd Research & Clinical Center for Infertility,OTHER,unmatched,,대학·병원,,,
"Yaşar Bayındır, MD",OTHER,unmatched,,대학·병원,,,
Yeditepe University,OTHER,unmatched,,대학·병원,,,
Yeditepe University Hospital,OTHER,unmatched,,대학·병원,,,
Yeouido St. Mary's Hospital,OTHER,unmatched,,대학·병원,,,
Yigit DUZKOYLU,OTHER_GOV,unmatched,,대학·병원,,,
YingHsuanTai,OTHER,unmatched,,대학·병원,,,
Yokohama City University,OTHER,unmatched,,대학·병원,,,
Yongtao Sun,OTHER,unmatched,,대학·병원,,,
Yonsei University,OTHER,unmatched,,대학·병원,,,
York University,OTHER,unmatched,,대학·병원,,,
Yu xiaowei,OTHER,unmatched,,대학·병원,,,
Yu-fan Li,OTHER,unmatched,,대학·병원,,,
Yuan He,OTHER,unmatched,,대학·병원,,,
Yuksek Ihtisas University,OTHER,unmatched,,대학·병원,,,
Yunlong Wang,OTHER,unmatched,,대학·병원,,,
Yunus Emre Tutuneken,OTHER,unmatched,,대학·병원,,,
Yuvell,OTHER,unmatched,,대학·병원,,,
Yves Boirie,OTHER,unmatched,,대학·병원,,,
Zagazig University,OTHER_GOV,unmatched,,대학·병원,,,
Zayed University,OTHER,unmatched,,대학·병원,,,
Zealand University Hospital,OTHER,unmatched,,대학·병원,,,
Zekai Tahir Burak Women's Health Research and Education Hospital,OTHER,unmatched,,대학·병원,,,
Zel Skin and Laser Specialists,OTHER,unmatched,,대학·병원,,,
Zeliha Alicikus,OTHER_GOV,unmatched,,대학·병원,,,
Zhang Han,OTHER,unmatched,,대학·병원,,,
Zhang Manna,OTHER,unmatched,,대학·병원,,,
Zhangzhou Municipal Hospital,OTHER,unmatched,,대학·병원,,,
Zhao bo,OTHER,unmatched,,대학·병원,,,
Zhejiang Provincial People's Hospital,OTHER,unmatched,,대학·병원,,,
Zhejiang Provincial Tongde Hospital,OTHER,unmatched,,대학·병원,,,
Zhejiang University,OTHER,unmatched,,대학·병원,,,
"Zhi-Hong Liu, M.D.",OTHER,unmatched,,대학·병원,,,
Zhiming Zhu,OTHER,unmatched,,대학·병원,,,
Zhongda Hospital,OTHER,unmatched,,대학·병원,,,
Zhujiang Hospital,OTHER,unmatched,,대학·병원,,,
Ziauddin University,OTHER,unmatched,,대학·병원,,,
Ziekenhuis Oost-Limburg,OTHER,unmatched,,대학·병원,,,
Ziv Hospital,OTHER_GOV,unmatched,,대학·병원,,,
Zoe Global Limited,OTHER,unmatched,,대학·병원,,,
Zoltan Pataky,OTHER,unmatched,,대학·병원,,,
Zonguldak Bulent Ecevit University,OTHER,unmatched,,대학·병원,,,
Zuyd University of Applied Sciences,OTHER,unmatched,,대학·병원,,,
Zuyderland Medisch Centrum,OTHER,unmatched,,대학·병원,,,
donald whiting,OTHER,unmatched,,대학·병원,,,
eSwiss Medical & Surgical Center,OTHER,unmatched,,대학·병원,,,
piero portincasa,OTHER,unmatched,,대학·병원,,,
roberta cazzola,OTHER,unmatched,,대학·병원,,,
xjpfW,OTHER,unmatched,,대학·병원,,,
yifang zhu,OTHER,unmatched,,대학·병원,,,
yu li，MD,OTHER,unmatched,,대학·병원,,,
Çağlar Akçalı,OTHER,unmatched,,대학·병원,,,
Örebro County Council,OTHER_GOV,unmatched,,대학·병원,,,
"Örebro University, Sweden",OTHER,unmatched,,대학·병원,,,
Özlem ÖZPAK AKKUŞ,OTHER,unmatched,,대학·병원,,,
20Lighter,INDUSTRY,unmatched,,비상장,,,
"23andMe, Inc.",INDUSTRY,unmatched,,비상장,,,
35Pharma Inc,INDUSTRY,unmatched,,비상장,,,
"89bio, Inc.",INDUSTRY,unmatched,,비상장,,,
ARKAY Therapeutics,INDUSTRY,unmatched,,비상장,,,
"Aconcagua Bio, Inc. a wholly owned subsidiary of Structure Therapeutics",INDUSTRY,unmatched,,비상장,,,
Acorn Biolabs Inc.,INDUSTRY,unmatched,,비상장,,,
Actavis Inc.,INDUSTRY,unmatched,,비상장,,,
Actimed Therapeutics Ltd,INDUSTRY,unmatched,,비상장,,,
Activ Surgical,INDUSTRY,unmatched,,비상장,,,
"Active Genomes Expressed Diagnostics, Corp",INDUSTRY,unmatched,,비상장,,,
Addpharma Inc.,INDUSTRY,unmatched,,비상장,,,
"Adhera Health, Inc.",INDUSTRY,unmatched,,비상장,,,
Advanced Bariatric Technology,INDUSTRY,unmatched,,비상장,,,
AgelessRx,INDUSTRY,unmatched,,비상장,,,
"Ajinomoto USA, INC.",INDUSTRY,unmatched,,비상장,,,
"Akero Therapeutics, Inc",INDUSTRY,unmatched,,비상장,,,
Albireo,INDUSTRY,unmatched,,비상장,,,
Aleris Obesity,INDUSTRY,unmatched,,비상장,,,
Alimetry,INDUSTRY,unmatched,,비상장,,,
Alizyme,INDUSTRY,unmatched,,비상장,,,
Allergan,INDUSTRY,unmatched,,비상장,,,
Allergan Medical,INDUSTRY,unmatched,,비상장,,,
Allysta Pharmaceutical,INDUSTRY,unmatched,,비상장,,,
Alma Lasers,INDUSTRY,unmatched,,비상장,,,
Alma Lasers Inc.,INDUSTRY,unmatched,,비상장,,,
Alpine Biotech LLC,INDUSTRY,unmatched,,비상장,,,
"Alveus Therapeutics, Inc.",INDUSTRY,unmatched,,비상장,,,
Alvogen Korea,INDUSTRY,unmatched,,비상장,,,
Amway (China) R&D Center,INDUSTRY,unmatched,,비상장,,,
"Aneira Pharma, Inc.",INDUSTRY,unmatched,,비상장,,,
"AngioLab, Inc.",INDUSTRY,unmatched,,비상장,,,
Antag Therapeutics,INDUSTRY,unmatched,,비상장,,,
Antaros Medical,INDUSTRY,unmatched,,비상장,,,
ApexCPG LLC,INDUSTRY,unmatched,,비상장,,,
Aphaia Pharma US LLC,INDUSTRY,unmatched,,비상장,,,
"Apira Science, Inc.",INDUSTRY,unmatched,,비상장,,,
"Apollo Endosurgery, Inc.",INDUSTRY,unmatched,,비상장,,,
Apothekary,INDUSTRY,unmatched,,비상장,,,
"Applied Biology, Inc.",INDUSTRY,unmatched,,비상장,,,
Arbor Life Labs,INDUSTRY,unmatched,,비상장,,,
"Archimage, Inc.",INDUSTRY,unmatched,,비상장,,,
Arisaph Pharmaceuticals Inc,INDUSTRY,unmatched,,비상장,,,
Arrae,INDUSTRY,unmatched,,비상장,,,
Ascendance Biomedical,INDUSTRY,unmatched,,비상장,,,
"Ascletis Pharma (China) Co., Limited",INDUSTRY,unmatched,,비상장,,,
"Aspire Bariatrics, Inc.",INDUSTRY,unmatched,,비상장,,,
Astellas Pharma Inc,INDUSTRY,unmatched,,비상장,,,
Astrolab bio,INDUSTRY,unmatched,,비상장,,,
"Auris Health, Inc.",INDUSTRY,unmatched,,비상장,,,
"Aventyn, Inc.",INDUSTRY,unmatched,,비상장,,,
"Axcella Health, Inc",INDUSTRY,unmatched,,비상장,,,
BASF AS,INDUSTRY,unmatched,,비상장,,,
BATHYSMED,INDUSTRY,unmatched,,비상장,,,
BSP Biological Signal Processing Ltd.,INDUSTRY,unmatched,,비상장,,,
BTL Industries Ltd.,INDUSTRY,unmatched,,비상장,,,
BariaTek Medical,INDUSTRY,unmatched,,비상장,,,
"BaroNova, Inc.",INDUSTRY,unmatched,,비상장,,,
BaroSense Inc.,INDUSTRY,unmatched,,비상장,,,
Basilea Pharmaceutica,INDUSTRY,unmatched,,비상장,,,
Bayer,INDUSTRY,unmatched,,비상장,,,
Beck Medical Ltd.,INDUSTRY,unmatched,,비상장,,,
Beekeeper's Naturals Inc,INDUSTRY,unmatched,,비상장,,,
Bend Beauty Inc.,INDUSTRY,unmatched,,비상장,,,
"Berkeley Analytics, Inc.",INDUSTRY,unmatched,,비상장,,,
Beta-Stim Ltd.,INDUSTRY,unmatched,,비상장,,,
Better Therapeutics,INDUSTRY,unmatched,,비상장,,,
BetterMe Limited,INDUSTRY,unmatched,,비상장,,,
Biocol Labs,INDUSTRY,unmatched,,비상장,,,
Biohaven Therapeutics Ltd.,INDUSTRY,unmatched,,비상장,,,
Bioiberica,INDUSTRY,unmatched,,비상장,,,
Biointelligent Technology Systems SL,INDUSTRY,unmatched,,비상장,,,
Bioithas SL,INDUSTRY,unmatched,,비상장,,,
Biolingus,INDUSTRY,unmatched,,비상장,,,
"Biomed Industries, Inc.",INDUSTRY,unmatched,,비상장,,,
Bionos Biotech S.L.,INDUSTRY,unmatched,,비상장,,,
Biophytis,INDUSTRY,unmatched,,비상장,,,
Biopolis S.L.,INDUSTRY,unmatched,,비상장,,,
"Biosplice Therapeutics, Inc.",INDUSTRY,unmatched,,비상장,,,
"Black Tie Medical, Inc.",INDUSTRY,unmatched,,비상장,,,
Blade Therapeutics,INDUSTRY,unmatched,,비상장,,,
Boehringer Ingelheim,INDUSTRY,unmatched,,비상장,,,
"Bonn Education Association for Dietetics r.A., Cologne, Germany",INDUSTRY,unmatched,,비상장,,,
BrandiZone,INDUSTRY,unmatched,,비상장,,,
"Breas Medical, Inc.",INDUSTRY,unmatched,,비상장,,,
Bridor,INDUSTRY,unmatched,,비상장,,,
Brightseed,INDUSTRY,unmatched,,비상장,,,
"Bristlecone Behavioral Health, Inc.",INDUSTRY,unmatched,,비상장,,,
C. R. Bard,INDUSTRY,unmatched,,비상장,,,
"CAPENERGY MEDICAL, SL",INDUSTRY,unmatched,,비상장,,,
CERM INC.,INDUSTRY,unmatched,,비상장,,,
CLASSYS Inc.,INDUSTRY,unmatched,,비상장,,,
"Capillus, LLC",INDUSTRY,unmatched,,비상장,,,
"Carmot Therapeutics, Inc.",INDUSTRY,unmatched,,비상장,,,
Carnot Laboratories,INDUSTRY,unmatched,,비상장,,,
Catalysis SL,INDUSTRY,unmatched,,비상장,,,
"Cavu Medical, Inc.",INDUSTRY,unmatched,,비상장,,,
Celgene,INDUSTRY,unmatched,,비상장,,,
"Chang Hee, Lee",INDUSTRY,unmatched,,비상장,,,
ChemomAb Ltd.,INDUSTRY,unmatched,,비상장,,,
ChinaNorm,INDUSTRY,unmatched,,비상장,,,
"Chipscreen Biosciences, Ltd.",INDUSTRY,unmatched,,비상장,,,
Chong Kun Dang Pharmaceutical,INDUSTRY,unmatched,,비상장,,,
Chugai Pharmaceutical,INDUSTRY,unmatched,,비상장,,,
Cinnagen,INDUSTRY,unmatched,,비상장,,,
"Cirius Therapeutics, Inc.",INDUSTRY,unmatched,,비상장,,,
Closed Loop Medicine,INDUSTRY,unmatched,,비상장,,,
ClostraBio Inc.,INDUSTRY,unmatched,,비상장,,,
"Cohen Global, Ltd.",INDUSTRY,unmatched,,비상장,,,
"ConBio, a Cynosure Company",INDUSTRY,unmatched,,비상장,,,
Conatus Pharmaceuticals Inc.,INDUSTRY,unmatched,,비상장,,,
ConjuChem,INDUSTRY,unmatched,,비상장,,,
Consumer Wellness Solutions,INDUSTRY,unmatched,,비상장,,,
Contour Research,INDUSTRY,unmatched,,비상장,,,
Corxel Pharmaceuticals,INDUSTRY,unmatched,,비상장,,,
Crospon,INDUSTRY,unmatched,,비상장,,,
Currax Pharmaceuticals,INDUSTRY,unmatched,,비상장,,,
Cutera Inc.,INDUSTRY,unmatched,,비상장,,,
"Cynosure, Inc.",INDUSTRY,unmatched,,비상장,,,
CynosureLutronic,INDUSTRY,unmatched,,비상장,,,
Cytoki Pharma,INDUSTRY,unmatched,,비상장,,,
"Cytrellis Biosystems, Inc.",INDUSTRY,unmatched,,비상장,,,
DKSH Management (Thailand) Limited,INDUSTRY,unmatched,,비상장,,,
DMG Dental Material Gesellschaft mbH,INDUSTRY,unmatched,,비상장,,,
DR Healthcare - biotexia,INDUSTRY,unmatched,,비상장,,,
Daily Nouri,INDUSTRY,unmatched,,비상장,,,
Danisco,INDUSTRY,unmatched,,비상장,,,
Danone Global Research & Innovation Center,INDUSTRY,unmatched,,비상장,,,
"Dermaliq Therapeutics, Inc.",INDUSTRY,unmatched,,비상장,,,
Diafir,INDUSTRY,unmatched,,비상장,,,
"Dominion Aesthetic Technologies, Inc.",INDUSTRY,unmatched,,비상장,,,
Dr. Md. Alimur Reza,INDUSTRY,unmatched,,비상장,,,
Dr. Muhammad Abdulghani,INDUSTRY,unmatched,,비상장,,,
Dr. Peter C. Friedman,INDUSTRY,unmatched,,비상장,,,
Dr. Reddy's Laboratories Limited,INDUSTRY,unmatched,,비상장,,,
Dream Plus,INDUSTRY,unmatched,,비상장,,,
DuPont Nutrition and Health,INDUSTRY,unmatched,,비상장,,,
Duomed,INDUSTRY,unmatched,,비상장,,,
E-Scopics,INDUSTRY,unmatched,,비상장,,,
EMS,INDUSTRY,unmatched,,비상장,,,
ERX Pharmaceuticals,INDUSTRY,unmatched,,비상장,,,
Eccogene,INDUSTRY,unmatched,,비상장,,,
Echosens,INDUSTRY,unmatched,,비상장,,,
"Efforia, Inc",INDUSTRY,unmatched,,비상장,,,
Eisai Inc.,INDUSTRY,unmatched,,비상장,,,
Eisai Limited,INDUSTRY,unmatched,,비상장,,,
Elenzia,INDUSTRY,unmatched,,비상장,,,
"Elira Therapeutics, Inc.",INDUSTRY,unmatched,,비상장,,,
"Elira, Inc.",INDUSTRY,unmatched,,비상장,,,
"Elorac, Inc.",INDUSTRY,unmatched,,비상장,,,
Elpen Pharmaceutical Co. Inc.,INDUSTRY,unmatched,,비상장,,,
EndoGastric Solutions,INDUSTRY,unmatched,,비상장,,,
Endobar Solutions LLC,INDUSTRY,unmatched,,비상장,,,
"Endolumik, Inc",INDUSTRY,unmatched,,비상장,,,
Endra Lifesciences,INDUSTRY,unmatched,,비상장,,,
Enyo Pharma,INDUSTRY,unmatched,,비상장,,,
Epibiotech,INDUSTRY,unmatched,,비상장,,,
Epitomee medical,INDUSTRY,unmatched,,비상장,,,
Erchonia Corporation,INDUSTRY,unmatched,,비상장,,,
Espad Pharmed,INDUSTRY,unmatched,,비상장,,,
Eurodiet Scandinavia AS,INDUSTRY,unmatched,,비상장,,,
Everly Health,INDUSTRY,unmatched,,비상장,,,
Exerkine Corporation,INDUSTRY,unmatched,,비상장,,,
"Express Rx, Inc",INDUSTRY,unmatched,,비상장,,,
FH Joanneum Gesellschaft mbH,INDUSTRY,unmatched,,비상장,,,
Family Marketing,INDUSTRY,unmatched,,비상장,,,
Fauqué,INDUSTRY,unmatched,,비상장,,,
Feelwell Compression,INDUSTRY,unmatched,,비상장,,,
Fisher and Paykel Healthcare,INDUSTRY,unmatched,,비상장,,,
"Focus Medical, LLC",INDUSTRY,unmatched,,비상장,,,
Follicle Pharma Ltd,INDUSTRY,unmatched,,비상장,,,
"Forma Therapeutics, Inc.",INDUSTRY,unmatched,,비상장,,,
"Freedom Laser Therapy, Inc.",INDUSTRY,unmatched,,비상장,,,
Future Medicine,INDUSTRY,unmatched,,비상장,,,
Fuzzle Operating Co.,INDUSTRY,unmatched,,비상장,,,
Fytexia,INDUSTRY,unmatched,,비상장,,,
GE Healthcare,INDUSTRY,unmatched,,비상장,,,
"GI Windows, Inc.",INDUSTRY,unmatched,,비상장,,,
"GID BIO, Inc.",INDUSTRY,unmatched,,비상장,,,
GNT Pharma,INDUSTRY,unmatched,,비상장,,,
"GT Metabolic Solutions, Inc.",INDUSTRY,unmatched,,비상장,,,
Galderma R&D,INDUSTRY,unmatched,,비상장,,,
Galmed Medical Reserch,INDUSTRY,unmatched,,비상장,,,
"Galmed Research and Development, Ltd.",INDUSTRY,unmatched,,비상장,,,
Gan & Lee Pharmaceuticals.,INDUSTRY,unmatched,,비상장,,,
"Gan and Lee Pharmaceuticals, USA",INDUSTRY,unmatched,,비상장,,,
"Gasherbrum Bio, Inc., a wholly owned subsidiary of Structure Therapeutics",INDUSTRY,unmatched,,비상장,,,
Gateway Health Alliance,INDUSTRY,unmatched,,비상장,,,
"Gelesis, Inc.",INDUSTRY,unmatched,,비상장,,,
Genaera Corporation,INDUSTRY,unmatched,,비상장,,,
Gene PreDiT,INDUSTRY,unmatched,,비상장,,,
Genfit,INDUSTRY,unmatched,,비상장,,,
GenieBiome Limited,INDUSTRY,unmatched,,비상장,,,
Getz Pharma,INDUSTRY,unmatched,,비상장,,,
"Gila Therapeutics, Inc.",INDUSTRY,unmatched,,비상장,,,
Glaceum,INDUSTRY,unmatched,,비상장,,,
"Glyscend, Inc.",INDUSTRY,unmatched,,비상장,,,
Golo,INDUSTRY,unmatched,,비상장,,,
Great China Fatty Liver Consortium Limited,INDUSTRY,unmatched,,비상장,,,
Groupe Éthique et Santé,INDUSTRY,unmatched,,비상장,,,
HBI Solutions Inc.,INDUSTRY,unmatched,,비상장,,,
HK inno.N Corporation,INDUSTRY,unmatched,,비상장,,,
HRI-MAIL-NIT,INDUSTRY,unmatched,,비상장,,,
"HairDx, LLC",INDUSTRY,unmatched,,비상장,,,
Hairstetics,INDUSTRY,unmatched,,비상장,,,
"Halia Therapeutics, Inc.",INDUSTRY,unmatched,,비상장,,,
Hamad Medical Corporation,INDUSTRY,unmatched,,비상장,,,
Hanmi Pharmaceutical Company Limited,INDUSTRY,unmatched,,비상장,,,
Healeon Medical Inc,INDUSTRY,unmatched,,비상장,,,
"Health Diagnostic Laboratory, Inc.",INDUSTRY,unmatched,,비상장,,,
Health Parametrics Inc.,INDUSTRY,unmatched,,비상장,,,
"Helicore Biopharma, Inc.",INDUSTRY,unmatched,,비상장,,,
"HepQuant, LLC",INDUSTRY,unmatched,,비상장,,,
Hepanova Inc.,INDUSTRY,unmatched,,비상장,,,
"High Point Pharmaceuticals, LLC.",INDUSTRY,unmatched,,비상장,,,
HighTide Therapeutics (Hong Kong) Limited,INDUSTRY,unmatched,,비상장,,,
Hinova Pharmaceuticals Inc.,INDUSTRY,unmatched,,비상장,,,
Histogen,INDUSTRY,unmatched,,비상장,,,
Hoffmann-La Roche,INDUSTRY,unmatched,,비상장,,,
Hofseth Biocare ASA,INDUSTRY,unmatched,,비상장,,,
"HongKong Curegene Innovation Co., Limited",INDUSTRY,unmatched,,비상장,,,
Hudson Biotech,INDUSTRY,unmatched,,비상장,,,
Human Optimization Project,INDUSTRY,unmatched,,비상장,,,
IDI Skincare Limited,INDUSTRY,unmatched,,비상장,,,
INQUIS Clinical Research,INDUSTRY,unmatched,,비상장,,,
"IQVIA RDS Spain, SL",INDUSTRY,unmatched,,비상장,,,
"IR Technology, LLC",INDUSTRY,unmatched,,비상장,,,
IST cardiology,INDUSTRY,unmatched,,비상장,,,
Iluminage Ltd.,INDUSTRY,unmatched,,비상장,,,
"Imbria Pharmaceuticals, Inc.",INDUSTRY,unmatched,,비상장,,,
"Immunis, Inc.",INDUSTRY,unmatched,,비상장,,,
Immunitor LLC,INDUSTRY,unmatched,,비상장,,,
"Immunwork, Inc.",INDUSTRY,unmatched,,비상장,,,
Impeto Medical,INDUSTRY,unmatched,,비상장,,,
InMode MD Ltd.,INDUSTRY,unmatched,,비상장,,,
Indústria Brasileira Equipamentos Médicos - IBRAMED,INDUSTRY,unmatched,,비상장,,,
Inmagene LLC,INDUSTRY,unmatched,,비상장,,,
Innovent Biologics Technology Limited (Shanghai R&D Center),INDUSTRY,unmatched,,비상장,,,
InovoBiologic Inc.,INDUSTRY,unmatched,,비상장,,,
Intarcia Therapeutics,INDUSTRY,unmatched,,비상장,,,
Integrative Phenomics,INDUSTRY,unmatched,,비상장,,,
Integrative Skin Science and Research,INDUSTRY,unmatched,,비상장,,,
Intercept Pharmaceuticals,INDUSTRY,unmatched,,비상장,,,
"Interleukin Genetics, Inc.",INDUSTRY,unmatched,,비상장,,,
"IntraPace, Inc",INDUSTRY,unmatched,,비상장,,,
"Intrepid Therapeutics, Inc.",INDUSTRY,unmatched,,비상장,,,
"Inventage Lab., Inc.",INDUSTRY,unmatched,,비상장,,,
Inventiva Pharma,INDUSTRY,unmatched,,비상장,,,
Inversago Pharma Inc.,INDUSTRY,unmatched,,비상장,,,
J. Uriach and Company,INDUSTRY,unmatched,,비상장,,,
J2H Biotech,INDUSTRY,unmatched,,비상장,,,
"Jenny Craig, Inc.",INDUSTRY,unmatched,,비상장,,,
Julius Clinical,INDUSTRY,unmatched,,비상장,,,
KGK Science Inc.,INDUSTRY,unmatched,,비상장,,,
Kailera,INDUSTRY,unmatched,,비상장,,,
Kallyope Inc.,INDUSTRY,unmatched,,비상장,,,
Kate Farms Inc,INDUSTRY,unmatched,,비상장,,,
Kensey Nash Corporation,INDUSTRY,unmatched,,비상장,,,
"Kerastem Technologies, LLC",INDUSTRY,unmatched,,비상장,,,
Kimberly Meathrel,INDUSTRY,unmatched,,비상장,,,
Kitozyme,INDUSTRY,unmatched,,비상장,,,
"Klein Buendel, Inc.",INDUSTRY,unmatched,,비상장,,,
"Kowa Company, Ltd.",INDUSTRY,unmatched,,비상장,,,
"Kriya Therapeutics, Inc.",INDUSTRY,unmatched,,비상장,,,
Ksana Health,INDUSTRY,unmatched,,비상장,,,
L'Oreal,INDUSTRY,unmatched,,비상장,,,
LABORATORIOS INDUFAR,INDUSTRY,unmatched,,비상장,,,
LG Chem,INDUSTRY,unmatched,,비상장,,,
Laboratoires FILLMED,INDUSTRY,unmatched,,비상장,,,
Laboratoires Pharmaceutiques Trenker,INDUSTRY,unmatched,,비상장,,,
Laekna Limited,INDUSTRY,unmatched,,비상장,,,
Lallemand Health Solutions,INDUSTRY,unmatched,,비상장,,,
Lantheus Biosciences Ltd.,INDUSTRY,unmatched,,비상장,,,
Lawry Han,INDUSTRY,unmatched,,비상장,,,
Lexington Medical Inc.,INDUSTRY,unmatched,,비상장,,,
Liminal BioSciences Ltd.,INDUSTRY,unmatched,,비상장,,,
"Longevity Metrics, Inc.",INDUSTRY,unmatched,,비상장,,,
Love Wellness,INDUSTRY,unmatched,,비상장,,,
Lumenis Be Ltd.,INDUSTRY,unmatched,,비상장,,,
Lumos Pharma,INDUSTRY,unmatched,,비상장,,,
Machine and Human Interaction,INDUSTRY,unmatched,,비상장,,,
"Maja Kovacevic, MD",INDUSTRY,unmatched,,비상장,,,
Manamed Inc.,INDUSTRY,unmatched,,비상장,,,
Manhattan Pharmaceuticals,INDUSTRY,unmatched,,비상장,,,
Mankind Pharma Limited,INDUSTRY,unmatched,,비상장,,,
Mapi Pharma Ltd.,INDUSTRY,unmatched,,비상장,,,
Masimo Corporation,INDUSTRY,unmatched,,비상장,,,
Materia Medica Holding,INDUSTRY,unmatched,,비상장,,,
Medality Medical,INDUSTRY,unmatched,,비상장,,,
Medialis Ltd.,INDUSTRY,unmatched,,비상장,,,
Medtronic - MITG,INDUSTRY,unmatched,,비상장,,,
MedtronicNeuro,INDUSTRY,unmatched,,비상장,,,
Melcap Systems Ltd.,INDUSTRY,unmatched,,비상장,,,
"Melinta Therapeutics, Inc.",INDUSTRY,unmatched,,비상장,,,
Menwell Limited,INDUSTRY,unmatched,,비상장,,,
"Meridian Bioscience, Inc.",INDUSTRY,unmatched,,비상장,,,
"Merz North America, Inc.",INDUSTRY,unmatched,,비상장,,,
"MetaCure (USA), Inc.",INDUSTRY,unmatched,,비상장,,,
MetaCure Limited,INDUSTRY,unmatched,,비상장,,,
MetaProteomics LLC,INDUSTRY,unmatched,,비상장,,,
Metabolic Research Unit,INDUSTRY,unmatched,,비상장,,,
Metabolic Technologies Inc.,INDUSTRY,unmatched,,비상장,,,
Metabolics Pharma,INDUSTRY,unmatched,,비상장,,,
"Metacrine, Inc.",INDUSTRY,unmatched,,비상장,,,
"Metagenics, Inc.",INDUSTRY,unmatched,,비상장,,,
"Metsera, a wholly owned subsidiary of Pfizer",INDUSTRY,unmatched,,비상장,,,
"Michelle Cardel, PhD, MS, RD",INDUSTRY,unmatched,,비상장,,,
Microlife,INDUSTRY,unmatched,,비상장,,,
Microphyt,INDUSTRY,unmatched,,비상장,,,
Microsoft Research,INDUSTRY,unmatched,,비상장,,,
"Mikromic Medical, S. L",INDUSTRY,unmatched,,비상장,,,
"Million Marker Wellness, Inc.",INDUSTRY,unmatched,,비상장,,,
"Mimio Health, Inc.",INDUSTRY,unmatched,,비상장,,,
MindRank AI Ltd,INDUSTRY,unmatched,,비상장,,,
Miramar Labs,INDUSTRY,unmatched,,비상장,,,
Mitos Pharmaceuticals,INDUSTRY,unmatched,,비상장,,,
Mlinotest Zivilska Industrija d.d.,INDUSTRY,unmatched,,비상장,,,
"Mochida Pharmaceutical Company, Ltd.",INDUSTRY,unmatched,,비상장,,,
Moenie van der Kleyn,INDUSTRY,unmatched,,비상장,,,
Morphic Medical Inc.,INDUSTRY,unmatched,,비상장,,,
MuseCell Innovations Pte LTD,INDUSTRY,unmatched,,비상장,,,
Mylan Pharmaceuticals Inc,INDUSTRY,unmatched,,비상장,,,
"NGM Biopharmaceuticals, Inc",INDUSTRY,unmatched,,비상장,,,
Nanjing Chia-tai Tianqing Pharmaceutical,INDUSTRY,unmatched,,비상장,,,
"Nastech Pharmaceutical Company, Inc.",INDUSTRY,unmatched,,비상장,,,
Natural Wellness Egypt,INDUSTRY,unmatched,,비상장,,,
"Nature's Sunshine Products, Inc.",INDUSTRY,unmatched,,비상장,,,
Navidea Biopharmaceuticals,INDUSTRY,unmatched,,비상장,,,
"Neosil, Inc.",INDUSTRY,unmatched,,비상장,,,
"Neuraly, Inc.",INDUSTRY,unmatched,,비상장,,,
NeuroBo Pharmaceuticals Inc.,INDUSTRY,unmatched,,비상장,,,
"Neurogastrx, Inc.",INDUSTRY,unmatched,,비상장,,,
"Neurotronic, Inc.",INDUSTRY,unmatched,,비상장,,,
Neurovalens Ltd.,INDUSTRY,unmatched,,비상장,,,
Nitinotes Surgical Ltd.,INDUSTRY,unmatched,,비상장,,,
"Niveus Medical, Inc.",INDUSTRY,unmatched,,비상장,,,
Noom Inc.,INDUSTRY,unmatched,,비상장,,,
"Nootrobox, Inc.",INDUSTRY,unmatched,,비상장,,,
Norgine,INDUSTRY,unmatched,,비상장,,,
Northgate Technologies,INDUSTRY,unmatched,,비상장,,,
Novoxel Ltd.,INDUSTRY,unmatched,,비상장,,,
NuSirt Biopharma,INDUSTRY,unmatched,,비상장,,,
"Nucleo Research, Inc.",INDUSTRY,unmatched,,비상장,,,
Nuritas Ltd,INDUSTRY,unmatched,,비상장,,,
Nutraceutical Innovations LLC,INDUSTRY,unmatched,,비상장,,,
Nutravalia,INDUSTRY,unmatched,,비상장,,,
Nutris We Care About You S.L.,INDUSTRY,unmatched,,비상장,,,
"Nutrisystem, Inc.",INDUSTRY,unmatched,,비상장,,,
Nymox Corporation,INDUSTRY,unmatched,,비상장,,,
OBEcure Ltd.,INDUSTRY,unmatched,,비상장,,,
ORIXHA,INDUSTRY,unmatched,,비상장,,,
"Oasis Pharmaceuticals, LLC",INDUSTRY,unmatched,,비상장,,,
"Obalon Therapeutics, Inc.",INDUSTRY,unmatched,,비상장,,,
"Ocean Spray Cranberries, Inc.",INDUSTRY,unmatched,,비상장,,,
"Olfactive Biosolutions, Inc.",INDUSTRY,unmatched,,비상장,,,
"Olipop, PBC",INDUSTRY,unmatched,,비상장,,,
Olistic Research Labs S.L.,INDUSTRY,unmatched,,비상장,,,
"Olix Pharmaceuticals, Inc.",INDUSTRY,unmatched,,비상장,,,
Olympus Corporation of the Americas,INDUSTRY,unmatched,,비상장,,,
OmniSolutions Laboratory Holdings Limited,INDUSTRY,unmatched,,비상장,,,
One Bio Inc.,INDUSTRY,unmatched,,비상장,,,
"Oramed, Ltd.",INDUSTRY,unmatched,,비상장,,,
"Oregon Research Behavioral Intervention Strategies, Inc.",INDUSTRY,unmatched,,비상장,,,
"Orexigen Therapeutics, Inc",INDUSTRY,unmatched,,비상장,,,
"OrsoBio, Inc",INDUSTRY,unmatched,,비상장,,,
Osheru Inc.,INDUSTRY,unmatched,,비상장,,,
"Otsuka Pharmaceutical Factory, Inc.",INDUSTRY,unmatched,,비상장,,,
"Oui Therapeutics, Inc.",INDUSTRY,unmatched,,비상장,,,
Owlstone Ltd,INDUSTRY,unmatched,,비상장,,,
PDFE Pharma Innovations FZCO,INDUSTRY,unmatched,,비상장,,,
PINER Pastor Manfredi Winery,INDUSTRY,unmatched,,비상장,,,
PT. Prodia Stem Cell Indonesia,INDUSTRY,unmatched,,비상장,,,
"Pacagen, Inc.",INDUSTRY,unmatched,,비상장,,,
"Pacira Pharmaceuticals, Inc",INDUSTRY,unmatched,,비상장,,,
"Pelage Pharmaceuticals, Inc.",INDUSTRY,unmatched,,비상장,,,
"Pellficure Pharmaceuticals, Inc",INDUSTRY,unmatched,,비상장,,,
Perrigo CSCI,INDUSTRY,unmatched,,비상장,,,
Perspectum,INDUSTRY,unmatched,,비상장,,,
Pfizer's Upjohn has merged with Mylan to form Viatris Inc.,INDUSTRY,unmatched,,비상장,,,
Pharmanex,INDUSTRY,unmatched,,비상장,,,
Phenomix Sciences,INDUSTRY,unmatched,,비상장,,,
Philips Respironics,INDUSTRY,unmatched,,비상장,,,
"PhotonMD, Inc",INDUSTRY,unmatched,,비상장,,,
Pierre Fabre Dermo Cosmetique,INDUSTRY,unmatched,,비상장,,,
Plexus Worldwide,INDUSTRY,unmatched,,비상장,,,
"Ponsky Facial Aesthetics And Plastic Surgery, Llc",INDUSTRY,unmatched,,비상장,,,
"Precision Analytical, Inc.",INDUSTRY,unmatched,,비상장,,,
Procter and Gamble,INDUSTRY,unmatched,,비상장,,,
ProofPilot,INDUSTRY,unmatched,,비상장,,,
"Prostasis, LLC, dba Tonum Health",INDUSTRY,unmatched,,비상장,,,
Proteimax Biotechnology Israel LTD,INDUSTRY,unmatched,,비상장,,,
QuantalX Neuroscience,INDUSTRY,unmatched,,비상장,,,
QuickSilver Scientific,INDUSTRY,unmatched,,비상장,,,
Radicle Science,INDUSTRY,unmatched,,비상장,,,
Raziel Therapeutics Ltd.,INDUSTRY,unmatched,,비상장,,,
"ReAlta Life Sciences, Inc.",INDUSTRY,unmatched,,비상장,,,
ReShape Lifesciences,INDUSTRY,unmatched,,비상장,,,
Refill France,INDUSTRY,unmatched,,비상장,,,
Regor Pharmaceuticals Inc.,INDUSTRY,unmatched,,비상장,,,
Repros Therapeutics Inc.,INDUSTRY,unmatched,,비상장,,,
"ResBiotic Nutrition, Inc.",INDUSTRY,unmatched,,비상장,,,
Response Pharmaceuticals,INDUSTRY,unmatched,,비상장,,,
"Restoration Robotics, Inc.",INDUSTRY,unmatched,,비상장,,,
"Restore Biologics Holdings, Inc. dba Xtressé",INDUSTRY,unmatched,,비상장,,,
Restorear Devices LLC,INDUSTRY,unmatched,,비상장,,,
Revision Skincare,INDUSTRY,unmatched,,비상장,,,
Rezera (formerly NodThera Limited),INDUSTRY,unmatched,,비상장,,,
"Rivus Pharmaceuticals, Inc.",INDUSTRY,unmatched,,비상장,,,
Roman Health Ventures Inc.,INDUSTRY,unmatched,,비상장,,,
Rose Pharma Inc,INDUSTRY,unmatched,,비상장,,,
Rousselot BVBA,INDUSTRY,unmatched,,비상장,,,
"S1 Biopharma, Inc.",INDUSTRY,unmatched,,비상장,,,
SAMEY,INDUSTRY,unmatched,,비상장,,,
SCBIO Inc.,INDUSTRY,unmatched,,비상장,,,
"SK Telecom Americas, Inc.",INDUSTRY,unmatched,,비상장,,,
SOS Oxygene Mediterranee,INDUSTRY,unmatched,,비상장,,,
SP Nutraceuticals Inc.,INDUSTRY,unmatched,,비상장,,,
Sajjad Rahman,INDUSTRY,unmatched,,비상장,,,
Saniona,INDUSTRY,unmatched,,비상장,,,
Sanni Raju,INDUSTRY,unmatched,,비상장,,,
Santiste Medical Inc.,INDUSTRY,unmatched,,비상장,,,
Sarah Wragge Wellness,INDUSTRY,unmatched,,비상장,,,
"Satiety, Inc.",INDUSTRY,unmatched,,비상장,,,
Scale Media Inc,INDUSTRY,unmatched,,비상장,,,
"Scholar Rock, Inc.",INDUSTRY,unmatched,,비상장,,,
Scientific Intake Limited Co.,INDUSTRY,unmatched,,비상장,,,
Second Genome,INDUSTRY,unmatched,,비상장,,,
Seger Surgical Solutions,INDUSTRY,unmatched,,비상장,,,
Semikal Technology,INDUSTRY,unmatched,,비상장,,,
Sensate LLC,INDUSTRY,unmatched,,비상장,,,
Seppic,INDUSTRY,unmatched,,비상장,,,
Shaklee Corporation,INDUSTRY,unmatched,,비상장,,,
Shanghai JMT-Bio Inc.,INDUSTRY,unmatched,,비상장,,,
Shmuel Gonen Technologies Ltd.,INDUSTRY,unmatched,,비상장,,,
Signos Inc,INDUSTRY,unmatched,,비상장,,,
Sinew Pharma Inc.,INDUSTRY,unmatched,,비상장,,,
Sirnaomics,INDUSTRY,unmatched,,비상장,,,
Slimbiotics,UNKNOWN,unmatched,,비상장,,,
Société des Produits Nestlé (SPN),INDUSTRY,unmatched,,비상장,,,
Sofwave Medical LTD,INDUSTRY,unmatched,,비상장,,,
"Soleno Therapeutics, Inc.",INDUSTRY,unmatched,,비상장,,,
Solvay Pharmaceuticals,INDUSTRY,unmatched,,비상장,,,
Sonic Incytes,INDUSTRY,unmatched,,비상장,,,
Sparrow Pharmaceuticals,INDUSTRY,unmatched,,비상장,,,
"Spencer Forrest, Inc.",INDUSTRY,unmatched,,비상장,,,
Standard Process Inc.,INDUSTRY,unmatched,,비상장,,,
StimuSIL,INDUSTRY,unmatched,,비상장,,,
"Supplement Formulators, Inc.",INDUSTRY,unmatched,,비상장,,,
"Suzhou Kintor Pharmaceutical Inc,",INDUSTRY,unmatched,,비상장,,,
"Suzhou Koshine Biomedica, Inc.",INDUSTRY,unmatched,,비상장,,,
Suzhou Sanegene Bio Inc.,INDUSTRY,unmatched,,비상장,,,
Synbiotic Health,INDUSTRY,unmatched,,비상장,,,
Syneron Medical,INDUSTRY,unmatched,,비상장,,,
Syntis Bio,INDUSTRY,unmatched,,비상장,,,
"TIXiMED, Inc.",INDUSTRY,unmatched,,비상장,,,
Tanabe Pharma Corporation,INDUSTRY,unmatched,,비상장,,,
Tangram Therapeutics Plc,INDUSTRY,unmatched,,비상장,,,
"Target PharmaSolutions, Inc.",INDUSTRY,unmatched,,비상장,,,
"Teatis, Inc",INDUSTRY,unmatched,,비상장,,,
Technoderma Medicines Inc.,INDUSTRY,unmatched,,비상장,,,
"Terns, Inc., a subsidiary of Merck & Co., Inc. (Rahway, New Jersey USA)",INDUSTRY,unmatched,,비상장,,,
"Terrestrial Bio, Inc.",INDUSTRY,unmatched,,비상장,,,
The Archer-Daniels-Midland Company,INDUSTRY,unmatched,,비상장,,,
"The Center for Applied Health Sciences, LLC",INDUSTRY,unmatched,,비상장,,,
The Coca-Cola Company,INDUSTRY,unmatched,,비상장,,,
Theracos,INDUSTRY,unmatched,,비상장,,,
"Theradome, Inc.",INDUSTRY,unmatched,,비상장,,,
Therasid Bioscience,INDUSTRY,unmatched,,비상장,,,
Theratechnologies,INDUSTRY,unmatched,,비상장,,,
"Thorne HealthTech, Inc",INDUSTRY,unmatched,,비상장,,,
"Tobira Therapeutics, Inc.",INDUSTRY,unmatched,,비상장,,,
Torax Medical Incorporated,INDUSTRY,unmatched,,비상장,,,
Trears,INDUSTRY,unmatched,,비상장,,,
"TrichoScience Innovations, Inc.",INDUSTRY,unmatched,,비상장,,,
Triple Hair Inc,INDUSTRY,unmatched,,비상장,,,
TruDiagnostic,INDUSTRY,unmatched,,비상장,,,
"Truway Health, Inc.",INDUSTRY,unmatched,,비상장,,,
Tulip Medical Ltd.,INDUSTRY,unmatched,,비상장,,,
"US CosmeceuTechs, LLC",INDUSTRY,unmatched,,비상장,,,
USGI Medical,INDUSTRY,unmatched,,비상장,,,
USMARI Research & Innovation Centre,INDUSTRY,unmatched,,비상장,,,
Unilever R&D,INDUSTRY,unmatched,,비상장,,,
Uplifting Results Labs Inc.,INDUSTRY,unmatched,,비상장,,,
VIVUS LLC,INDUSTRY,unmatched,,비상장,,,
Valbiotis,INDUSTRY,unmatched,,비상장,,,
"ValenTx, Inc.",INDUSTRY,unmatched,,비상장,,,
Varol TUNALI,INDUSTRY,unmatched,,비상장,,,
Verdiva Bio Dev Limited,INDUSTRY,unmatched,,비상장,,,
Verifomics LLC,INDUSTRY,unmatched,,비상장,,,
Vernalis (R&D) Ltd,INDUSTRY,unmatched,,비상장,,,
"Versanis Bio, Inc.",INDUSTRY,unmatched,,비상장,,,
"Vevazz, LLC",INDUSTRY,unmatched,,비상장,,,
Viome,INDUSTRY,unmatched,,비상장,,,
Visirna Therapeutics HK Limited,INDUSTRY,unmatched,,비상장,,,
Vita Green Pharmaceutical (H.K.) Ltd.,INDUSTRY,unmatched,,비상장,,,
Vitadio s.r.o.,INDUSTRY,unmatched,,비상장,,,
Ward Photonics LLC,INDUSTRY,unmatched,,비상장,,,
"Wave Life Sciences USA, Inc.",INDUSTRY,unmatched,,비상장,,,
Wyeth is now a wholly owned subsidiary of Pfizer,INDUSTRY,unmatched,,비상장,,,
Xeno Biosciences,INDUSTRY,unmatched,,비상장,,,
YSOPIA Bioscience,INDUSTRY,unmatched,,비상장,,,
Yaqrit Ltd,INDUSTRY,unmatched,,비상장,,,
"Yuyu Pharma, Inc.",INDUSTRY,unmatched,,비상장,,,
"ZOLL Circulation, Inc., USA",INDUSTRY,unmatched,,비상장,,,
"Zafgen, Inc.",INDUSTRY,unmatched,,비상장,,,
Zealand Pharma,INDUSTRY,unmatched,,비상장,,,
Zipongo,INDUSTRY,unmatched,,비상장,,,
Zomagen Biosciences Ltd.,INDUSTRY,unmatched,,비상장,,,
Zydus Lifesciences Limited,INDUSTRY,unmatched,,비상장,,,
Zydus Therapeutics Inc.,INDUSTRY,unmatched,,비상장,,,
i+Med S.Coop.,INDUSTRY,unmatched,,비상장,,,
"1Globe Biomedical Co., Ltd.",INDUSTRY,unmatched,,해외,,,
7TM Pharma A/S,INDUSTRY,unmatched,,해외,,,
A-Mansia Biotech S.A.,INDUSTRY,unmatched,,해외,,,
Aboca Spa Societa' Agricola,INDUSTRY,unmatched,,해외,,,
Absci Pty Ltd.,INDUSTRY,unmatched,,해외,,,
Ache Laboratorios Farmaceuticos S.A.,INDUSTRY,unmatched,,해외,,,
Aesculap AG,INDUSTRY,unmatched,,해외,,,
Allurion Technologies,INDUSTRY,unmatched,,해외,,ALUR,
Amazentis SA,INDUSTRY,unmatched,,해외,,,
AnHorn Medicines Co. Ltd.,INDUSTRY,unmatched,,해외,,,
Apsen Farmaceutica S.A.,INDUSTRY,unmatched,,해외,,,
Atridia Pty Ltd.,INDUSTRY,unmatched,,해외,,,
"Beijing Dayspring Pharmaceutical Technology Co., Ltd",INDUSTRY,unmatched,,해외,,,
"Beijing Dongfang Biotech Co., Ltd.",INDUSTRY,unmatched,,해외,,,
"Beijing Pins Medical Co., Ltd",INDUSTRY,unmatched,,해외,,,
"Beijing QL Biopharmaceutical Co.,Ltd",INDUSTRY,unmatched,,해외,,,
"Beijing Suncadia Pharmaceuticals Co., Ltd",INDUSTRY,unmatched,,해외,,,
"Beijing Wehand-Bio Pharmaceutical Co., Ltd",INDUSTRY,unmatched,,해외,,,
"Bio-innova Co., Ltd",INDUSTRY,unmatched,,해외,,,
Bioagile Therapeutics Pvt. Ltd.,INDUSTRY,unmatched,,해외,,,
Biotronik SE & Co. KG,INDUSTRY,unmatched,,해외,,,
BlueBird Age Reversal SA,INDUSTRY,unmatched,,해외,,,
"Bostal Drug Delivery Co., Ltd",INDUSTRY,unmatched,,해외,,,
Breas Medical S.A.R.L.,INDUSTRY,unmatched,,해외,,,
"BrightGene Bio-Medical Technology Co., Ltd.",INDUSTRY,unmatched,,해외,,,
BrightGene New Bio-Medical Technology(Wuxi) Co.Ltd.,INDUSTRY,unmatched,,해외,,,
"Burgeon Therapeutics Co., Ltd.",INDUSTRY,unmatched,,해외,,,
"CSPC Baike (Shandong) Biopharmaceutical Co., Ltd.",INDUSTRY,unmatched,,해외,,,
"CSPC Megalith Biopharmaceutical Co.,Ltd.",INDUSTRY,unmatched,,해외,,,
"CSPC Ouyi Pharmaceutical Co., Ltd.",INDUSTRY,unmatched,,해외,,,
"CSPC ZhongQi Pharmaceutical Technology Co., Ltd.",INDUSTRY,unmatched,,해외,,,
Carmot Australia First Pty Ltd,INDUSTRY,unmatched,,해외,,,
Cassiopea SpA,INDUSTRY,unmatched,,해외,,,
"CellMed AG, a subsidiary of BTG plc.",INDUSTRY,unmatched,,해외,,,
Cellaion SA,INDUSTRY,unmatched,,해외,,,
Ceprodi S.A. Kot,INDUSTRY,unmatched,,해외,,,
Changchun Intellicrown Pharmaceutical Co. LTD,INDUSTRY,unmatched,,해외,,,
"Chengdu Brilliant Pharmaceutical Co., Ltd.",INDUSTRY,unmatched,,해외,,,
"Cutia Therapeutics（Wuxi）Co.,Ltd",INDUSTRY,unmatched,,해외,,,
"CytoDyn, Inc.",INDUSTRY,unmatched,,해외,,CYDY,
Daewoong Pharmaceutical Co. LTD.,INDUSTRY,unmatched,,해외,,,
Danisco France SAS,INDUSTRY,unmatched,,해외,,,
"Dong-A ST Co., Ltd.",INDUSTRY,unmatched,,해외,,,
"Dongguan HEC Biopharmaceutical R&D Co., Ltd.",INDUSTRY,unmatched,,해외,,,
"Dongkook Pharmaceutical Co., Ltd.",INDUSTRY,unmatched,,해외,,,
Dr. Falk Pharma GmbH,INDUSTRY,unmatched,,해외,,,
Eatit AB,INDUSTRY,unmatched,,해외,,,
"Eisai Co., Ltd.",INDUSTRY,unmatched,,해외,,,
Empros Pharma AB,INDUSTRY,unmatched,,해외,,,
Endo Tools Therapeutics S.A.,INDUSTRY,unmatched,,해외,,,
"Energenesis Biomedical Co., Ltd.",INDUSTRY,unmatched,,해외,,,
Erbe Elektromedizin GmbH,INDUSTRY,unmatched,,해외,,,
Ethicon Endo-Surgery (Europe) GmbH,INDUSTRY,unmatched,,해외,,,
Eurofarma Laboratorios S.A.,INDUSTRY,unmatched,,해외,,,
Farmoquimica S.A.,INDUSTRY,unmatched,,해외,,,
Follicum AB,INDUSTRY,unmatched,,해외,,,
"Fujian Shengdi Pharmaceutical Co., Ltd.",INDUSTRY,unmatched,,해외,,,
Galecto Biotech AB,INDUSTRY,unmatched,,해외,,,
"Gannex Pharma Co., Ltd.",INDUSTRY,unmatched,,해외,,,
Glycom A/S,INDUSTRY,unmatched,,해외,,,
Gmax Biopharm Australia Pty Ltd.,INDUSTRY,unmatched,,해외,,,
"Guangdong Hengrui Pharmaceutical Co., Ltd",INDUSTRY,unmatched,,해외,,,
"Guangdong HuaPeptides Biotechnology Co., Ltd.",INDUSTRY,unmatched,,해외,,,
"Guangdong Raynovent Biotech Co., Ltd",INDUSTRY,unmatched,,해외,,,
"Guangdong Zhongsheng Pharmaceutical Co., Ltd.",INDUSTRY,unmatched,,해외,,,
"Guangzhou Bio-gene Technology Co., Ltd",INDUSTRY,unmatched,,해외,,,
"Guangzhou Chia Tai Innovative Pharmaceutical Co., Ltd.",INDUSTRY,unmatched,,해외,,,
Gubra A/S,INDUSTRY,unmatched,,해외,,,
Hamilton Medical AG,INDUSTRY,unmatched,,해외,,,
"Hangzhou Jiuyuan Gene Engineering Co. Ltd.,",INDUSTRY,unmatched,,해외,,,
"Hangzhou Sciwind Biosciences Co., Ltd.",INDUSTRY,unmatched,,해외,,,
"Hangzhou Zhongmei Huadong Pharmaceutical Co., Ltd.",INDUSTRY,unmatched,,해외,,,
Healios K.K.,INDUSTRY,unmatched,,해외,,,
Heilpflanzenwohl AG,INDUSTRY,unmatched,,해외,,,
"Hepagene (Shanghai) Co., Ltd.",INDUSTRY,unmatched,,해외,,,
"Hepion Pharmaceuticals, Inc.",INDUSTRY,unmatched,,해외,,HEPA,
"Hope Medicine (Nanjing) Co., Ltd",INDUSTRY,unmatched,,해외,,,
"Huons Co., Ltd.",INDUSTRY,unmatched,,해외,,,
"IMEIK Technology Development Co., Ltd.",INDUSTRY,unmatched,,해외,,,
Ikaria Bioscience Pty Ltd,INDUSTRY,unmatched,,해외,,,
"Il-Yang Pharm. Co., Ltd.",INDUSTRY,unmatched,,해외,,,
Immungenetics AG,INDUSTRY,unmatched,,해외,,,
"Industrial Farmacéutica Cantabria, S.A.",INDUSTRY,unmatched,,해외,,,
Inipharm Australia Pty Ltd,INDUSTRY,unmatched,,해외,,,
Innovent Biologics (Suzhou) Co. Ltd.,INDUSTRY,unmatched,,해외,,,
Ivoclar Vivadent AG,INDUSTRY,unmatched,,해외,,,
"Jiangsu Hansoh Pharmaceutical Co., Ltd.",INDUSTRY,unmatched,,해외,,,
"Jiangsu HengRui Medicine Co., Ltd.",INDUSTRY,unmatched,,해외,,,
"Kanion & Huawe Medicine Co.,Ltd",INDUSTRY,unmatched,,해외,,,
Kasiak Research Pvt. Ltd.,INDUSTRY,unmatched,,해외,,,
KeyBioscience AG,INDUSTRY,unmatched,,해외,,,
"Kwang Dong Pharmaceutical co., ltd.",INDUSTRY,unmatched,,해외,,,
"Kylonova (Xiamen) Biopharma co., LTD.",INDUSTRY,unmatched,,해외,,,
Laboratorios Silanes S.A. de C.V.,INDUSTRY,unmatched,,해외,,,
Lacer S.A.,INDUSTRY,unmatched,,해외,,,
Leeuwenhoek Laboratories Co. Ltd.,INDUSTRY,unmatched,,해외,,,
Mane Biotech GmbH,INDUSTRY,unmatched,,해외,,,
Mativa-Tech SA,INDUSTRY,unmatched,,해외,,,
MedicAir Healthcare S.r.l.,INDUSTRY,unmatched,,해외,,,
Medika Natura Sdn Bhd,INDUSTRY,unmatched,,해외,,,
Merz Pharmaceuticals GmbH,INDUSTRY,unmatched,,해외,,,
Merz Therapeutics GmbH,INDUSTRY,unmatched,,해외,,,
"Moogene Medi Co., Ltd",INDUSTRY,unmatched,,해외,,,
"Moon (Guangzhou) Biotechnology Co., Ltd.",INDUSTRY,unmatched,,해외,,,
"Morinaga Milk Industry Co., LTD",INDUSTRY,unmatched,,해외,,,
My Goodlife SAS,INDUSTRY,unmatched,,해외,,,
Nabiqasim Industries (Pvt) Ltd,INDUSTRY,unmatched,,해외,,,
Nanexa AB,INDUSTRY,unmatched,,해외,,,
"Nanjing Ascend Biotech Technology Co., Ltd.",INDUSTRY,unmatched,,해외,,,
"NeuroBiogen Co., Ltd",INDUSTRY,unmatched,,해외,,,
NeuroSearch A/S,INDUSTRY,unmatched,,해외,,,
NorthSea Therapeutics B.V.,INDUSTRY,unmatched,,해외,,,
Olive Lifesciences Pvt Ltd,INDUSTRY,unmatched,,해외,,,
Oviva AG,INDUSTRY,unmatched,,해외,,,
Pharmanutra S.p.a.,INDUSTRY,unmatched,,해외,,,
Polichem S.A.,INDUSTRY,unmatched,,해외,,,
Poxel SA,INDUSTRY,unmatched,,해외,,,
"Qilu Pharmaceutical Co., Ltd.",INDUSTRY,unmatched,,해외,,,
RDC Clinical Pty Ltd,INDUSTRY,unmatched,,해외,,,
Regen Lab SA,INDUSTRY,unmatched,,해외,,,
Robertet SA,INDUSTRY,unmatched,,해외,,,
Samson Clinical Operations Pty Ltd,INDUSTRY,unmatched,,해외,,,
Scitech Produtos Medicos SA,INDUSTRY,unmatched,,해외,,,
Sciwind Biosciences APAC CO Pty. Ltd.,INDUSTRY,unmatched,,해외,,,
"Shandong New Time Pharmaceutical Co., LTD",INDUSTRY,unmatched,,해외,,,
"Shandong Suncadia Medicine Co., Ltd.",INDUSTRY,unmatched,,해외,,,
"Shanghai Chia Tai Tianqing Pharmaceutical Technology Development Co., Ltd.",INDUSTRY,unmatched,,해외,,,
"Shanghai Fudan-Zhangjiang Bio-Pharmaceutical Co., Ltd.",INDUSTRY,unmatched,,해외,,,
"Shanghai Minwei Biotechnology Co., Ltd",INDUSTRY,unmatched,,해외,,,
"Shanghai World Leader Pharmaceutical Co., Ltd.",INDUSTRY,unmatched,,해외,,,
"Shanghai Xitaili Biomedicine Technology co., Ltd.",INDUSTRY,unmatched,,해외,,,
"Shenzhen Hygieia Biotech Co., Ltd",INDUSTRY,unmatched,,해외,,,
"Shenzhen Kangzhe Biotechnology Co., Ltd.",INDUSTRY,unmatched,,해외,,,
Shionogi,INDUSTRY,unmatched,,해외,,SGIOF,
Sigrid Therapeutics AB,INDUSTRY,unmatched,,해외,,,
"Sirius Therapeutics Co., Ltd.",INDUSTRY,unmatched,,해외,,,
Slimbiotics GmbH,INDUSTRY,unmatched,,해외,,,
"Sunshine Lake Pharma Co., Ltd.",INDUSTRY,unmatched,,해외,,,
"Suzhou Alphamab Co., Ltd.",INDUSTRY,unmatched,,해외,,,
"TCI Co., Ltd.",INDUSTRY,unmatched,,해외,,,
"TaiwanJ Pharmaceuticals Co., Ltd",INDUSTRY,unmatched,,해외,,,
"Tasly Biopharmaceuticals Co., Ltd.",INDUSTRY,unmatched,,해외,,,
"The United Bio-Technology (Hengqin) Co., Ltd.",INDUSTRY,unmatched,,해외,,,
"Tonghua Dongbao Pharmaceutical Co.,Ltd",INDUSTRY,unmatched,,해외,,,
Trans-Duodenal Concepts GmbH,INDUSTRY,unmatched,,해외,,,
Vedic Lifesciences Pvt. Ltd.,INDUSTRY,unmatched,,해외,,,
"Vincentage Pharma Co., Ltd",INDUSTRY,unmatched,,해외,,,
"Wecare Probiotics Co., Ltd.",INDUSTRY,unmatched,,해외,,,
"Xuanzhu Biopharmaceutical Co., Ltd.",INDUSTRY,unmatched,,해외,,,
"Yungjin Pharm. Co., Ltd.",INDUSTRY,unmatched,,해외,,,
"Zhejiang Doer Biologics Co., Ltd.",INDUSTRY,unmatched,,해외,,,
"Zhejiang Medicine Co., Ltd.",INDUSTRY,unmatched,,해외,,,
"Zhejiang Sunshine Mandi Pharmaceutical Co.,Ltd.",INDUSTRY,unmatched,,해외,,,
ikfe-CRO GmbH,INDUSTRY,unmatched,,해외,,,
