term,category,source,basis
"Carcinoma, Non-Small-Cell Lung",암,mesh,MeSH 용어 · 사전 고정 분류 (v1)
Melanoma,암,mesh,MeSH 용어 · 사전 고정 분류 (v1)
"Lymphoma, Non-Hodgkin",암,mesh,MeSH 용어 · 사전 고정 분류 (v1)
Neoplasms,암,mesh,MeSH 용어 · 사전 고정 분류 (v1)
Lymphoma,암,mesh,MeSH 용어 · 사전 고정 분류 (v1)
"Carcinoma, Renal Cell",암,mesh,MeSH 용어 · 사전 고정 분류 (v1)
Squamous Cell Carcinoma of Head and Neck,암,mesh,MeSH 용어 · 사전 고정 분류 (v1)
Lung Neoplasms,암,mesh,MeSH 용어 · 사전 고정 분류 (v1)
"Lymphoma, Large B-Cell, Diffuse",암,mesh,MeSH 용어 · 사전 고정 분류 (v1)
Multiple Myeloma,암,mesh,MeSH 용어 · 사전 고정 분류 (v1)
"Leukemia, Myeloid, Acute",암,mesh,MeSH 용어 · 사전 고정 분류 (v1)
Stomach Neoplasms,암,mesh,MeSH 용어 · 사전 고정 분류 (v1)
Colorectal Neoplasms,암,mesh,MeSH 용어 · 사전 고정 분류 (v1)
Hematologic Neoplasms,암,mesh,MeSH 용어 · 사전 고정 분류 (v1)
Uterine Cervical Neoplasms,암,mesh,MeSH 용어 · 사전 고정 분류 (v1)
Sarcoma,암,mesh,MeSH 용어 · 사전 고정 분류 (v1)
Kidney Neoplasms,암,mesh,MeSH 용어 · 사전 고정 분류 (v1)
Breast Neoplasms,암,mesh,MeSH 용어 · 사전 고정 분류 (v1)
"Lymphoma, B-Cell",암,mesh,MeSH 용어 · 사전 고정 분류 (v1)
Precursor Cell Lymphoblastic Leukemia-Lymphoma,암,mesh,MeSH 용어 · 사전 고정 분류 (v1)
Endometrial Neoplasms,암,mesh,MeSH 용어 · 사전 고정 분류 (v1)
Head and Neck Neoplasms,암,mesh,MeSH 용어 · 사전 고정 분류 (v1)
Pancreatic Neoplasms,암,mesh,MeSH 용어 · 사전 고정 분류 (v1)
Ovarian Neoplasms,암,mesh,MeSH 용어 · 사전 고정 분류 (v1)
Leukemia,암,mesh,MeSH 용어 · 사전 고정 분류 (v1)
Urinary Bladder Neoplasms,암,mesh,MeSH 용어 · 사전 고정 분류 (v1)
"Leukemia, Lymphocytic, Chronic, B-Cell",암,mesh,MeSH 용어 · 사전 고정 분류 (v1)
"Lymphoma, Follicular",암,mesh,MeSH 용어 · 사전 고정 분류 (v1)
Gastrointestinal Stromal Tumors,암,mesh,MeSH 용어 · 사전 고정 분류 (v1)
Skin Neoplasms,암,mesh,MeSH 용어 · 사전 고정 분류 (v1)
"Lymphoma, T-Cell, Peripheral",암,mesh,MeSH 용어 · 사전 고정 분류 (v1)
Triple Negative Breast Neoplasms,암,mesh,MeSH 용어 · 사전 고정 분류 (v1)
Prostatic Neoplasms,암,mesh,MeSH 용어 · 사전 고정 분류 (v1)
"Lymphoma, Mantle-Cell",암,mesh,MeSH 용어 · 사전 고정 분류 (v1)
Oropharyngeal Neoplasms,암,mesh,MeSH 용어 · 사전 고정 분류 (v1)
Bronchial Neoplasms,암,mesh,MeSH 용어 · 사전 고정 분류 (v1)
Carcinoma,암,mesh,MeSH 용어 · 사전 고정 분류 (v1)
Myelodysplastic Syndromes,암,mesh,MeSH 용어 · 사전 고정 분류 (v1)
Esophageal Neoplasms,암,mesh,MeSH 용어 · 사전 고정 분류 (v1)
Colonic Neoplasms,암,mesh,MeSH 용어 · 사전 고정 분류 (v1)
Hodgkin Disease,암,mesh,MeSH 용어 · 사전 고정 분류 (v1)
Waldenstrom Macroglobulinemia,암,mesh,MeSH 용어 · 사전 고정 분류 (v1)
Hemangiosarcoma,암,mesh,MeSH 용어 · 사전 고정 분류 (v1)
"Leukemia, Mast-Cell",암,mesh,MeSH 용어 · 사전 고정 분류 (v1)
"Carcinoma, Transitional Cell",암,mesh,MeSH 용어 · 사전 고정 분류 (v1)
"Lymphoma, T-Cell",암,mesh,MeSH 용어 · 사전 고정 분류 (v1)
"Leukemia, Myeloid",암,mesh,MeSH 용어 · 사전 고정 분류 (v1)
"Leukemia, Myelomonocytic, Chronic",암,mesh,MeSH 용어 · 사전 고정 분류 (v1)
Myeloproliferative Disorders,암,mesh,MeSH 용어 · 사전 고정 분류 (v1)
Neoplasm Metastasis,암,mesh,MeSH 용어 · 사전 고정 분류 (v1)
Primary Myelofibrosis,암,mesh,MeSH 용어 · 사전 고정 분류 (v1)
"Sarcoma, Ewing",암,mesh,MeSH 용어 · 사전 고정 분류 (v1)
Hypopharyngeal Neoplasms,암,mesh,MeSH 용어 · 사전 고정 분류 (v1)
Mouth Neoplasms,암,mesh,MeSH 용어 · 사전 고정 분류 (v1)
Brain Neoplasms,암,mesh,MeSH 용어 · 사전 고정 분류 (v1)
Fallopian Tube Neoplasms,암,mesh,MeSH 용어 · 사전 고정 분류 (v1)
Rectal Neoplasms,암,mesh,MeSH 용어 · 사전 고정 분류 (v1)
"Carcinoma, Hepatocellular",암,mesh,MeSH 용어 · 사전 고정 분류 (v1)
"Carcinoma, Adenoid Cystic",암,mesh,MeSH 용어 · 사전 고정 분류 (v1)
Burkitt Lymphoma,암,mesh,MeSH 용어 · 사전 고정 분류 (v1)
Gastrointestinal Neoplasms,암,mesh,MeSH 용어 · 사전 고정 분류 (v1)
"Leukemia, Biphenotypic, Acute",암,mesh,MeSH 용어 · 사전 고정 분류 (v1)
Adenocarcinoma Of Esophagus,암,mesh,MeSH 용어 · 사전 고정 분류 (v1)
Nasopharyngeal Carcinoma,암,mesh,MeSH 용어 · 사전 고정 분류 (v1)
Desmoid Tumors,암,mesh,MeSH 용어 · 사전 고정 분류 (v1)
Polycythemia Vera,암,mesh,MeSH 용어 · 사전 고정 분류 (v1)
"Histiocytoma, Malignant Fibrous",암,mesh,MeSH 용어 · 사전 고정 분류 (v1)
Liposarcoma,암,mesh,MeSH 용어 · 사전 고정 분류 (v1)
Respiratory Tract Neoplasms,암,mesh,MeSH 용어 · 사전 고정 분류 (v1)
Soft Tissue Neoplasms,암,mesh,MeSH 용어 · 사전 고정 분류 (v1)
"Neoplasms, Connective Tissue",암,mesh,MeSH 용어 · 사전 고정 분류 (v1)
"Melanoma, Cutaneous Malignant",암,mesh,MeSH 용어 · 사전 고정 분류 (v1)
Cholangiocarcinoma,암,mesh,MeSH 용어 · 사전 고정 분류 (v1)
"Lymphoma, T-Cell, Cutaneous",암,mesh,MeSH 용어 · 사전 고정 분류 (v1)
"Leukemia, Large Granular Lymphocytic",암,mesh,MeSH 용어 · 사전 고정 분류 (v1)
"Leukemia, Prolymphocytic, T-Cell",암,mesh,MeSH 용어 · 사전 고정 분류 (v1)
"Sarcoma, Synovial",암,mesh,MeSH 용어 · 사전 고정 분류 (v1)
"Chondrosarcoma, Extraskeletal Myxoid",암,mesh,MeSH 용어 · 사전 고정 분류 (v1)
Chordoma,암,mesh,MeSH 용어 · 사전 고정 분류 (v1)
Biliary Tract Neoplasms,암,mesh,MeSH 용어 · 사전 고정 분류 (v1)
Rhabdomyosarcoma,암,mesh,MeSH 용어 · 사전 고정 분류 (v1)
"Sarcoma, Myeloid",암,mesh,MeSH 용어 · 사전 고정 분류 (v1)
Immunoblastic Lymphadenopathy,암,mesh,MeSH 용어 · 사전 고정 분류 (v1)
"Lymphoma, Large-Cell, Anaplastic",암,mesh,MeSH 용어 · 사전 고정 분류 (v1)
Uveal Melanoma,암,mesh,MeSH 용어 · 사전 고정 분류 (v1)
"Leukemia, Myelogenous, Chronic, BCR-ABL Positive",암,mesh,MeSH 용어 · 사전 고정 분류 (v1)
Fibrolamellar hepatocellular carcinoma,암,mesh,MeSH 용어 · 사전 고정 분류 (v1)
Laryngeal Neoplasms,암,mesh,MeSH 용어 · 사전 고정 분류 (v1)
"Lymphoma, B-Cell, Marginal Zone",암,mesh,MeSH 용어 · 사전 고정 분류 (v1)
Thyroid Neoplasms,암,mesh,MeSH 용어 · 사전 고정 분류 (v1)
"Neoplasms, Glandular and Epithelial",암,mesh,MeSH 용어 · 사전 고정 분류 (v1)
"Neoplasms, Squamous Cell",암,mesh,MeSH 용어 · 사전 고정 분류 (v1)
"Carcinoma, Squamous Cell",암,mesh,MeSH 용어 · 사전 고정 분류 (v1)
"Lymphoma, Extranodal NK-T-Cell",암,mesh,MeSH 용어 · 사전 고정 분류 (v1)
Glioblastoma,암,mesh,MeSH 용어 · 사전 고정 분류 (v1)
Glioma,암,mesh,MeSH 용어 · 사전 고정 분류 (v1)
"Mastocytosis, Systemic",암,mesh,MeSH 용어 · 사전 고정 분류 (v1)
Mastocytosis,암,mesh,MeSH 용어 · 사전 고정 분류 (v1)
Urticaria Pigmentosa,피부,mesh,MeSH 용어 · 사전 고정 분류 (v1) · 검수 v1 변경 (Fable 2026-09-29)
Obesity,비만·대사,mesh,MeSH 용어 · 사전 고정 분류 (v1)
Overweight,비만·대사,mesh,MeSH 용어 · 사전 고정 분류 (v1)
Non-alcoholic Fatty Liver Disease,비만·대사,mesh,MeSH 용어 · 사전 고정 분류 (v1)
Hypoglycemia,비만·대사,mesh,MeSH 용어 · 사전 고정 분류 (v1)
Diabetes Mellitus,비만·대사,mesh,MeSH 용어 · 사전 고정 분류 (v1)
"Diabetes Mellitus, Type 2",비만·대사,mesh,MeSH 용어 · 사전 고정 분류 (v1)
Hypoparathyroidism,비만·대사,mesh,MeSH 용어 · 사전 고정 분류 (v1)
Amyotrophic Lateral Sclerosis,신경·정신,mesh,MeSH 용어 · 사전 고정 분류 (v1)
Schizophrenia,신경·정신,mesh,MeSH 용어 · 사전 고정 분류 (v1)
Hallucinations,신경·정신,mesh,MeSH 용어 · 사전 고정 분류 (v1)
Psychotic Disorders,신경·정신,mesh,MeSH 용어 · 사전 고정 분류 (v1)
Delusions,신경·정신,mesh,MeSH 용어 · 사전 고정 분류 (v1)
Guillain-Barre Syndrome,신경·정신,mesh,MeSH 용어 · 사전 고정 분류 (v1)
"Depressive Disorder, Major",신경·정신,mesh,MeSH 용어 · 사전 고정 분류 (v1)
Neurodegenerative Diseases,신경·정신,mesh,MeSH 용어 · 사전 고정 분류 (v1)
Parkinson Disease,신경·정신,mesh,MeSH 용어 · 사전 고정 분류 (v1)
Motor Neuron Disease,신경·정신,mesh,MeSH 용어 · 사전 고정 분류 (v1)
Neuromuscular Diseases,신경·정신,mesh,MeSH 용어 · 사전 고정 분류 (v1)
Nervous System Diseases,신경·정신,mesh,MeSH 용어 · 사전 고정 분류 (v1)
Psychomotor Agitation,신경·정신,mesh,MeSH 용어 · 사전 고정 분류 (v1)
"Supranuclear Palsy, Progressive",신경·정신,mesh,MeSH 용어 · 사전 고정 분류 (v1)
Alzheimer Disease,신경·정신,mesh,MeSH 용어 · 사전 고정 분류 (v1)
Central Nervous System Diseases,신경·정신,mesh,MeSH 용어 · 사전 고정 분류 (v1)
Alcoholism,신경·정신,mesh,MeSH 용어 · 사전 고정 분류 (v1)
Myasthenia Gravis,신경·정신,mesh,MeSH 용어 · 사전 고정 분류 (v1)
Dementia,신경·정신,mesh,MeSH 용어 · 사전 고정 분류 (v1)
Lewy Body Disease,신경·정신,mesh,MeSH 용어 · 사전 고정 분류 (v1)
Corticobasal Degeneration,신경·정신,mesh,MeSH 용어 · 사전 고정 분류 (v1)
"Dementia, Vascular",신경·정신,mesh,MeSH 용어 · 사전 고정 분류 (v1)
Spinal Cord Diseases,신경·정신,mesh,MeSH 용어 · 사전 고정 분류 (v1)
TDP-43 Proteinopathies,신경·정신,mesh,MeSH 용어 · 사전 고정 분류 (v1)
"Depressive Disorder, Treatment-Resistant",신경·정신,mesh,MeSH 용어 · 사전 고정 분류 (v1)
"Parkinson Disease 4, Autosomal Dominant Lewy Body",신경·정신,mesh,MeSH 용어 · 사전 고정 분류 (v1)
"Pain, Postoperative",통증,mesh,MeSH 용어 · 사전 고정 분류 (v1) · v2 이동 (2026-09-29)
COVID-19,감염,mesh,MeSH 용어 · 사전 고정 분류 (v1)
Coronavirus Infections,감염,mesh,MeSH 용어 · 사전 고정 분류 (v1)
"Hepatitis C, Chronic",감염,mesh,MeSH 용어 · 사전 고정 분류 (v1)
Hepatitis C,감염,mesh,MeSH 용어 · 사전 고정 분류 (v1)
"Influenza, Human",감염,mesh,MeSH 용어 · 사전 고정 분류 (v1)
Pneumonia,감염,mesh,MeSH 용어 · 사전 고정 분류 (v1)
"Hepatitis B, Chronic",감염,mesh,MeSH 용어 · 사전 고정 분류 (v1)
Dengue,감염,mesh,MeSH 용어 · 사전 고정 분류 (v1)
Infections,감염,mesh,MeSH 용어 · 사전 고정 분류 (v1)
Herpes Genitalis,감염,mesh,MeSH 용어 · 사전 고정 분류 (v1)
Anthrax,감염,mesh,MeSH 용어 · 사전 고정 분류 (v1)
Hepatitis E,감염,mesh,MeSH 용어 · 사전 고정 분류 (v1)
Influenza in Birds,감염,mesh,MeSH 용어 · 사전 고정 분류 (v1)
Respiratory Tract Infections,감염,mesh,MeSH 용어 · 사전 고정 분류 (v1)
Mycobacterium Infections,감염,mesh,MeSH 용어 · 사전 고정 분류 (v1)
Mycobacterium avium-intracellulare Infection,감염,mesh,MeSH 용어 · 사전 고정 분류 (v1)
Chagas Disease,감염,mesh,MeSH 용어 · 사전 고정 분류 (v1)
Vector Borne Diseases,감염,mesh,MeSH 용어 · 사전 고정 분류 (v1)
Virus Diseases,감염,mesh,MeSH 용어 · 사전 고정 분류 (v1)
"Hemorrhagic Fevers, Viral",감염,mesh,MeSH 용어 · 사전 고정 분류 (v1)
"Hepatitis, Viral, Human",감염,mesh,MeSH 용어 · 사전 고정 분류 (v1)
Flaviviridae Infections,감염,mesh,MeSH 용어 · 사전 고정 분류 (v1)
Melioidosis,감염,mesh,MeSH 용어 · 사전 고정 분류 (v1)
Hepatitis B,감염,mesh,MeSH 용어 · 사전 고정 분류 (v1)
"Muscular Dystrophy, Duchenne",희귀 유전,mesh,MeSH 용어 · 사전 고정 분류 (v1)
Friedreich Ataxia,희귀 유전,mesh,MeSH 용어 · 사전 고정 분류 (v1)
Epidermolysis Bullosa Dystrophica,희귀 유전,mesh,MeSH 용어 · 사전 고정 분류 (v1)
"Anemia, Sickle Cell",희귀 유전,mesh,MeSH 용어 · 사전 고정 분류 (v1)
"Protoporphyria, Erythropoietic",희귀 유전,mesh,MeSH 용어 · 사전 고정 분류 (v1)
Porphyrias,희귀 유전,mesh,MeSH 용어 · 사전 고정 분류 (v1)
Rett Syndrome,희귀 유전,mesh,MeSH 용어 · 사전 고정 분류 (v1)
Hemoglobinopathies,희귀 유전,mesh,MeSH 용어 · 사전 고정 분류 (v1)
alpha 1-Antitrypsin Deficiency,희귀 유전,mesh,MeSH 용어 · 사전 고정 분류 (v1)
Leber Congenital Amaurosis 10,희귀 유전,mesh,MeSH 용어 · 사전 고정 분류 (v1)
Leber Congenital Amaurosis,희귀 유전,mesh,MeSH 용어 · 사전 고정 분류 (v1)
"Meckel Syndrome, Type 4",희귀 유전,mesh,MeSH 용어 · 사전 고정 분류 (v1)
Cystic Fibrosis,희귀 유전,mesh,MeSH 용어 · 사전 고정 분류 (v1)
"Protoporphyria, Erythropoietic, X-Linked Dominant",희귀 유전,mesh,MeSH 용어 · 사전 고정 분류 (v1)
"Anemia, Hemolytic, Congenital",희귀 유전,mesh,MeSH 용어 · 사전 고정 분류 (v1)
beta-Thalassemia,희귀 유전,mesh,MeSH 용어 · 사전 고정 분류 (v1)
Huntington Disease,희귀 유전,mesh,MeSH 용어 · 사전 고정 분류 (v1)
Hepatorenal form of glycogen storage disease,희귀 유전,mesh,MeSH 용어 · 사전 고정 분류 (v1)
Muscular Dystrophies,희귀 유전,mesh,MeSH 용어 · 사전 고정 분류 (v1)
"Cirrhosis, Familial, with Pulmonary Hypertension",희귀 유전,mesh,MeSH 용어 · 사전 고정 분류 (v1)
Hereditary Sensory and Autonomic Neuropathies,희귀 유전,mesh,MeSH 용어 · 사전 고정 분류 (v1)
Wolfram Syndrome,희귀 유전,mesh,MeSH 용어 · 사전 고정 분류 (v1)
"Pemphigus, Benign Familial",희귀 유전,mesh,MeSH 용어 · 사전 고정 분류 (v1)
"Diabetes Mellitus, Insulin-Dependent, 12",비만·대사,mesh,MeSH 용어 · 사전 고정 분류 (v1) · 검수 v1 변경 (Fable 2026-09-29)
"Eye Diseases, Hereditary",희귀 유전,mesh,MeSH 용어 · 사전 고정 분류 (v1)
Vision Disorders,안과,mesh,MeSH 용어 · 사전 고정 분류 (v1)
Retinal Diseases,안과,mesh,MeSH 용어 · 사전 고정 분류 (v1)
Retinal Degeneration,안과,mesh,MeSH 용어 · 사전 고정 분류 (v1)
Eye Diseases,안과,mesh,MeSH 용어 · 사전 고정 분류 (v1)
Diabetic Retinopathy,안과,mesh,MeSH 용어 · 사전 고정 분류 (v1)
"Vision, Low",안과,mesh,MeSH 용어 · 사전 고정 분류 (v1)
Macular Edema,안과,mesh,MeSH 용어 · 사전 고정 분류 (v1)
Geographic Atrophy,안과,mesh,MeSH 용어 · 사전 고정 분류 (v1)
Retinal Vein Occlusion,안과,mesh,MeSH 용어 · 사전 고정 분류 (v1)
Eye Abnormalities,안과,mesh,MeSH 용어 · 사전 고정 분류 (v1)
Corneal Injuries,안과,mesh,MeSH 용어 · 사전 고정 분류 (v1)
Macular Degeneration,안과,mesh,MeSH 용어 · 사전 고정 분류 (v1)
"Glaucoma, Open-Angle",안과,mesh,MeSH 용어 · 사전 고정 분류 (v1)
Dry Eye Syndromes,안과,mesh,MeSH 용어 · 사전 고정 분류 (v1)
Blindness,안과,mesh,MeSH 용어 · 사전 고정 분류 (v1)
Wet Macular Degeneration,안과,mesh,MeSH 용어 · 사전 고정 분류 (v1)
Keratoconjunctivitis Sicca,안과,mesh,MeSH 용어 · 사전 고정 분류 (v1)
"Dermatitis, Atopic",피부,mesh,MeSH 용어 · 사전 고정 분류 (v1)
Hidradenitis Suppurativa,피부,mesh,MeSH 용어 · 사전 고정 분류 (v1)
Skin Diseases,피부,mesh,MeSH 용어 · 사전 고정 분류 (v1)
Psoriasis,피부,mesh,MeSH 용어 · 사전 고정 분류 (v1)
Eczema,피부,mesh,MeSH 용어 · 사전 고정 분류 (v1)
Dermatitis,피부,mesh,MeSH 용어 · 사전 고정 분류 (v1)
"Skin Diseases, Eczematous",피부,mesh,MeSH 용어 · 사전 고정 분류 (v1)
Vitiligo,피부,mesh,MeSH 용어 · 사전 고정 분류 (v1)
Alopecia Areata,피부,mesh,MeSH 용어 · 사전 고정 분류 (v1)
Pericarditis,심혈관,mesh,MeSH 용어 · 사전 고정 분류 (v1)
"Cardiomyopathy, Hypertrophic",심혈관,mesh,MeSH 용어 · 사전 고정 분류 (v1)
Heart Diseases,심혈관,mesh,MeSH 용어 · 사전 고정 분류 (v1)
Heart Failure,심혈관,mesh,MeSH 용어 · 사전 고정 분류 (v1)
Pulmonary Arterial Hypertension,심혈관,mesh,MeSH 용어 · 사전 고정 분류 (v1)
Lupus Nephritis,면역·염증,mesh,MeSH 용어 · 사전 고정 분류 (v1)
Immune System Diseases,면역·염증,mesh,MeSH 용어 · 사전 고정 분류 (v1)
"Lupus Erythematosus, Systemic",면역·염증,mesh,MeSH 용어 · 사전 고정 분류 (v1)
Systemic Inflammatory Response Syndrome,면역·염증,mesh,MeSH 용어 · 사전 고정 분류 (v1)
Immune Complex Diseases,면역·염증,mesh,MeSH 용어 · 사전 고정 분류 (v1)
Hypersensitivity,면역·염증,mesh,MeSH 용어 · 사전 고정 분류 (v1)
"Arthritis, Rheumatoid",면역·염증,mesh,MeSH 용어 · 사전 고정 분류 (v1)
Myositis,면역·염증,mesh,MeSH 용어 · 사전 고정 분류 (v1)
"Scleroderma, Systemic",면역·염증,mesh,MeSH 용어 · 사전 고정 분류 (v1)
"Scleroderma, Diffuse",면역·염증,mesh,MeSH 용어 · 사전 고정 분류 (v1)
Sjogren's Syndrome,면역·염증,mesh,MeSH 용어 · 사전 고정 분류 (v1)
Autoimmune Diseases,면역·염증,mesh,MeSH 용어 · 사전 고정 분류 (v1)
Pulmonary Eosinophilia,호흡기,mesh,MeSH 용어 · 사전 고정 분류 (v1) · 검수 v1 변경 (Fable 2026-09-29)
Asthma,호흡기,mesh,MeSH 용어 · 사전 고정 분류 (v1)
Lung Diseases,호흡기,mesh,MeSH 용어 · 사전 고정 분류 (v1)
Respiratory Insufficiency,호흡기,mesh,MeSH 용어 · 사전 고정 분류 (v1)
Anemia,혈액,mesh,MeSH 용어 · 사전 고정 분류 (v1)
Hematologic Diseases,혈액,mesh,MeSH 용어 · 사전 고정 분류 (v1)
"Anemia, Hemolytic",혈액,mesh,MeSH 용어 · 사전 고정 분류 (v1)
"Anemia, Iron-Deficiency",혈액,mesh,MeSH 용어 · 사전 고정 분류 (v1)
"Purpura, Thrombocytopenic, Idiopathic",혈액,mesh,MeSH 용어 · 사전 고정 분류 (v1)
Osteoporosis,근골격,mesh,MeSH 용어 · 사전 고정 분류 (v1)
"Fractures, Bone",근골격,mesh,MeSH 용어 · 사전 고정 분류 (v1)
"Muscular Disorders, Atrophic",근골격,mesh,MeSH 용어 · 사전 고정 분류 (v1)
Muscular Diseases,근골격,mesh,MeSH 용어 · 사전 고정 분류 (v1)
Musculoskeletal Diseases,근골격,mesh,MeSH 용어 · 사전 고정 분류 (v1)
Pancreatitis,소화기,mesh,MeSH 용어 · 사전 고정 분류 (v1)
Crohn Disease,소화기,mesh,MeSH 용어 · 사전 고정 분류 (v1)
"Colitis, Ulcerative",소화기,mesh,MeSH 용어 · 사전 고정 분류 (v1)
Celiac Disease,소화기,mesh,MeSH 용어 · 사전 고정 분류 (v1)
Inflammatory Bowel Diseases,소화기,mesh,MeSH 용어 · 사전 고정 분류 (v1)
Liver Diseases,소화기,mesh,MeSH 용어 · 사전 고정 분류 (v1)
Liver Cirrhosis,소화기,mesh,MeSH 용어 · 사전 고정 분류 (v1)
Renal Insufficiency,신장,mesh,MeSH 용어 · 사전 고정 분류 (v1)
"Renal Insufficiency, Chronic",신장,mesh,MeSH 용어 · 사전 고정 분류 (v1)
Kidney Diseases,신장,mesh,MeSH 용어 · 사전 고정 분류 (v1)
Acute Kidney Injury,신장,mesh,MeSH 용어 · 사전 고정 분류 (v1)
"Glomerulonephritis, IGA",신장,mesh,MeSH 용어 · 사전 고정 분류 (v1)
"Glomerulosclerosis, Focal Segmental",신장,mesh,MeSH 용어 · 사전 고정 분류 (v1)
Parkinson's Disease Psychosis,신경·정신,condition,질환명 원문 (MeSH 없는 시험) · 사전 고정 분류 (v1)
Adjunctive Treatment of Major Depressive Disorder,신경·정신,condition,질환명 원문 (MeSH 없는 시험) · 사전 고정 분류 (v1)
Lewy Body Dementia Psychosis,신경·정신,condition,질환명 원문 (MeSH 없는 시험) · 사전 고정 분류 (v1)
Parkinson Disease Psychosis,신경·정신,condition,질환명 원문 (MeSH 없는 시험) · 사전 고정 분류 (v1)
Neuropsychiatric Symptoms Related to Neurodegenerative Disease,신경·정신,condition,질환명 원문 (MeSH 없는 시험) · 사전 고정 분류 (v1)
Irritability Associated With Autism Spectrum Disorder,신경·정신,condition,질환명 원문 (MeSH 없는 시험) · 사전 고정 분류 (v1)
Alzheimer's Disease Psychosis,신경·정신,condition,질환명 원문 (MeSH 없는 시험) · 사전 고정 분류 (v1)
Treatment of Depression in Adults With Parkinson's Disease (PD),신경·정신,condition,질환명 원문 (MeSH 없는 시험) · 사전 고정 분류 (v1)
Advanced Cancer,암,condition,질환명 원문 (MeSH 없는 시험) · 사전 고정 분류 (v1)
Advanced Solid Tumors,암,condition,질환명 원문 (MeSH 없는 시험) · 사전 고정 분류 (v1)
Advanced Solid Tumor,암,condition,질환명 원문 (MeSH 없는 시험) · 사전 고정 분류 (v1)
Advanced Melanoma,암,condition,질환명 원문 (MeSH 없는 시험) · 사전 고정 분류 (v1)
Diffuse Large B-Cell Lymphoma Refractory,암,condition,질환명 원문 (MeSH 없는 시험) · 사전 고정 분류 (v1)
Diffuse Large B-cell Lymphoma Recurrent,암,condition,질환명 원문 (MeSH 없는 시험) · 사전 고정 분류 (v1)
Advanced Malignant Neoplasm,암,condition,질환명 원문 (MeSH 없는 시험) · 사전 고정 분류 (v1)
NSCLC,암,condition,질환명 원문 (MeSH 없는 시험) · 사전 고정 분류 (v1)
Metastatic Pancreatic Ductal Adenocarcinoma,암,condition,질환명 원문 (MeSH 없는 시험) · 사전 고정 분류 (v1)
Solid Malignancies,암,condition,질환명 원문 (MeSH 없는 시험) · 사전 고정 분류 (v1)
Advanced Solid Cancers,암,condition,질환명 원문 (MeSH 없는 시험) · 사전 고정 분류 (v1)
Advanced Solid Cancers Refractory to PD-1 and PD-L1 Therapies,암,condition,질환명 원문 (MeSH 없는 시험) · 사전 고정 분류 (v1)
Conventional Chondrosarcoma,암,condition,질환명 원문 (MeSH 없는 시험) · 사전 고정 분류 (v1)
"Solid Tumor, Adult",암,condition,질환명 원문 (MeSH 없는 시험) · 사전 고정 분류 (v1)
Hyperphagia in Prader-Willi Syndrome,희귀 유전,condition,질환명 원문 (MeSH 없는 시험) · 사전 고정 분류 (v1)
Autosomal Recessive Ichthyosis,희귀 유전,condition,질환명 원문 (MeSH 없는 시험) · 사전 고정 분류 (v1)
TGM-1 Related Autosomal Recessive Congenital Ichthyosis,희귀 유전,condition,질환명 원문 (MeSH 없는 시험) · 사전 고정 분류 (v1)
Chronic Refractory Cough,호흡기,condition,질환명 원문 (MeSH 없는 시험) · 사전 고정 분류 (v1)
Acute Cough,호흡기,condition,질환명 원문 (MeSH 없는 시험) · 사전 고정 분류 (v1)
Non-Eosinophilic Asthma,호흡기,condition,질환명 원문 (MeSH 없는 시험) · 사전 고정 분류 (v1)
Hepatic Impairment (HI),건강인·약동학,condition,질환명 원문 (MeSH 없는 시험) · 사전 고정 분류 (v1) · 검수 v1 변경 (Fable 2026-09-29) · v2 이동 (2026-09-29)
Hepatic Impairment,건강인·약동학,condition,질환명 원문 (MeSH 없는 시험) · 사전 고정 분류 (v1) · 검수 v1 변경 (Fable 2026-09-29) · v2 이동 (2026-09-29)
Alcohol-associated Liver Disease,소화기,condition,질환명 원문 (MeSH 없는 시험) · 사전 고정 분류 (v1)
Metabolic Dysfunction-Associated Steatohepatitis (MASH),비만·대사,condition,질환명 원문 (MeSH 없는 시험) · 사전 고정 분류 (v1)
Renal Impairments,건강인·약동학,condition,질환명 원문 (MeSH 없는 시험) · 사전 고정 분류 (v1) · 검수 v1 변경 (Fable 2026-09-29) · v2 이동 (2026-09-29)
Renal Transplantation,신장,condition,질환명 원문 (MeSH 없는 시험) · 사전 고정 분류 (v1)
Primary Membranous Nephropathy,신장,condition,질환명 원문 (MeSH 없는 시험) · 사전 고정 분류 (v1)
Systemic Lupus Erthematosus,면역·염증,condition,질환명 원문 (MeSH 없는 시험) · 사전 고정 분류 (v1)
Sjögrens Disease,면역·염증,condition,질환명 원문 (MeSH 없는 시험) · 사전 고정 분류 (v1)
Warm Autoimmune Hemolytic Anemia (wAIHA),혈액,condition,질환명 원문 (MeSH 없는 시험) · 사전 고정 분류 (v1)
Osteoarthritis Pain,통증,condition,질환명 원문 (MeSH 없는 시험) · 사전 고정 분류 (v1) · v2 이동 (2026-09-29)
Skin Roughness,미용,condition,질환명 원문 (MeSH 없는 시험) · 사전 고정 분류 (v1) · 검수 v1 변경 (Fable 2026-09-29)
Wrinkle,미용,condition,질환명 원문 (MeSH 없는 시험) · 사전 고정 분류 (v1) · 검수 v1 변경 (Fable 2026-09-29)
Fine Lines,미용,condition,질환명 원문 (MeSH 없는 시험) · 사전 고정 분류 (v1) · 검수 v1 변경 (Fable 2026-09-29)
Skin Thickness,미용,condition,질환명 원문 (MeSH 없는 시험) · 사전 고정 분류 (v1) · 검수 v1 변경 (Fable 2026-09-29)
Wrinkles in Decolletage,미용,condition,질환명 원문 (MeSH 없는 시험) · 사전 고정 분류 (v1) · 검수 v1 변경 (Fable 2026-09-29)
Pigmentation,미용,condition,질환명 원문 (MeSH 없는 시험) · 사전 고정 분류 (v1) · 검수 v1 변경 (Fable 2026-09-29)
Décolleté Wrinkles,미용,condition,질환명 원문 (MeSH 없는 시험) · 사전 고정 분류 (v1) · 검수 v1 변경 (Fable 2026-09-29)
Wet Age-related Macular Degeneration,안과,condition,질환명 원문 (MeSH 없는 시험) · 사전 고정 분류 (v1)
Diabetic Macular Edema (DME),안과,condition,질환명 원문 (MeSH 없는 시험) · 사전 고정 분류 (v1)
Neurotrophic Keratitis,안과,condition,질환명 원문 (MeSH 없는 시험) · 사전 고정 분류 (v1)
HEPATITIS C VIRUS CHRONIC INFECTION,감염,condition,질환명 원문 (MeSH 없는 시험) · 사전 고정 분류 (v1)
Vasomotor Symptoms Associated With Menopause,기타,condition,질환명 원문 (MeSH 없는 시험) · 사전 고정 분류 (v1)
Healthy Volunteer Study,건강인·약동학,condition,미등재 용어 검수 v2 (Fable 2026-09-29 · AACT 매칭 확대분)
"Angioedemas, Hereditary",희귀 유전,mesh,미등재 용어 검수 v2 (Fable 2026-09-29 · AACT 매칭 확대분)
Healthy Volunteers,건강인·약동학,condition,미등재 용어 검수 v2 (Fable 2026-09-29 · AACT 매칭 확대분)
Healthy Volunteer,건강인·약동학,condition,미등재 용어 검수 v2 (Fable 2026-09-29 · AACT 매칭 확대분)
Healthy,건강인·약동학,condition,미등재 용어 검수 v2 (Fable 2026-09-29 · AACT 매칭 확대분)
Hyperphosphatemia,신장,mesh,미등재 용어 검수 v2 (Fable 2026-09-29 · AACT 매칭 확대분)
"Kidney Failure, Chronic",신장,mesh,미등재 용어 검수 v2 (Fable 2026-09-29 · AACT 매칭 확대분)
"Hemoglobinuria, Paroxysmal",혈액,mesh,미등재 용어 검수 v2 (Fable 2026-09-29 · AACT 매칭 확대분)
Multiple Sclerosis,신경·정신,mesh,미등재 용어 검수 v2 (Fable 2026-09-29 · AACT 매칭 확대분)
Constipation Predominant Irritable Bowel Syndrome,소화기,condition,미등재 용어 검수 v2 (Fable 2026-09-29 · AACT 매칭 확대분)
Healthy Subjects,건강인·약동학,condition,미등재 용어 검수 v2 (Fable 2026-09-29 · AACT 매칭 확대분)
Squamous Intraepithelial Lesions,암,mesh,미등재 용어 검수 v2 (Fable 2026-09-29 · AACT 매칭 확대분)
Neuroendocrine Tumors,암,mesh,미등재 용어 검수 v2 (Fable 2026-09-29 · AACT 매칭 확대분)
Gout,근골격,mesh,미등재 용어 검수 v2 (Fable 2026-09-29 · AACT 매칭 확대분)
Hyperuricemia,비만·대사,mesh,미등재 용어 검수 v2 (Fable 2026-09-29 · AACT 매칭 확대분)
Irritable Bowel Syndrome With Constipation (IBS-C),소화기,condition,미등재 용어 검수 v2 (Fable 2026-09-29 · AACT 매칭 확대분)
HIV Infections,감염,mesh,미등재 용어 검수 v2 (Fable 2026-09-29 · AACT 매칭 확대분)
"Hemorrhagic Fever, Ebola",감염,mesh,미등재 용어 검수 v2 (Fable 2026-09-29 · AACT 매칭 확대분)
Metastatic Castration-resistant Prostate Cancer,암,condition,미등재 용어 검수 v2 (Fable 2026-09-29 · AACT 매칭 확대분)
Pharmacokinetics,건강인·약동학,condition,미등재 용어 검수 v2 (Fable 2026-09-29 · AACT 매칭 확대분)
Select Advanced Solid Tumors,암,condition,미등재 용어 검수 v2 (Fable 2026-09-29 · AACT 매칭 확대분)
Central Nervous System Neoplasms,암,mesh,미등재 용어 검수 v2 (Fable 2026-09-29 · AACT 매칭 확대분)
"Mesothelioma, Malignant",암,mesh,미등재 용어 검수 v2 (Fable 2026-09-29 · AACT 매칭 확대분)
"Neoplasms, Germ Cell and Embryonal",암,mesh,미등재 용어 검수 v2 (Fable 2026-09-29 · AACT 매칭 확대분)
Pancreatic Adenocarcinoma Metastatic,암,condition,미등재 용어 검수 v2 (Fable 2026-09-29 · AACT 매칭 확대분)
Hyperkalemia,신장,mesh,미등재 용어 검수 v2 (Fable 2026-09-29 · AACT 매칭 확대분)
"Multiple Sclerosis, Relapsing-Remitting",신경·정신,mesh,미등재 용어 검수 v2 (Fable 2026-09-29 · AACT 매칭 확대분)
Safety and Tolerability in Healthy Volunteers,건강인·약동학,condition,미등재 용어 검수 v2 (Fable 2026-09-29 · AACT 매칭 확대분)
Uterine Cervical Dysplasia,암,mesh,미등재 용어 검수 v2 (Fable 2026-09-29 · AACT 매칭 확대분)
Zika Virus Infection,감염,mesh,미등재 용어 검수 v2 (Fable 2026-09-29 · AACT 매칭 확대분)
Lassa Fever,감염,mesh,미등재 용어 검수 v2 (Fable 2026-09-29 · AACT 매칭 확대분)
Dermatomyositis,면역·염증,mesh,미등재 용어 검수 v2 (Fable 2026-09-29 · AACT 매칭 확대분)
Myotonic Dystrophy,희귀 유전,mesh,미등재 용어 검수 v2 (Fable 2026-09-29 · AACT 매칭 확대분)
Healthy Participants,건강인·약동학,condition,미등재 용어 검수 v2 (Fable 2026-09-29 · AACT 매칭 확대분)
Recreational Drug Use,건강인·약동학,mesh,미등재 용어 검수 v2 (Fable 2026-09-29 · AACT 매칭 확대분)
Healthy Adults,건강인·약동학,condition,미등재 용어 검수 v2 (Fable 2026-09-29 · AACT 매칭 확대분)
"Leukemia, T-Cell",암,mesh,미등재 용어 검수 v2 (Fable 2026-09-29 · AACT 매칭 확대분)
EBV-induced Lymphomas,암,condition,미등재 용어 검수 v2 (Fable 2026-09-29 · AACT 매칭 확대분)
EBV-associated Malignancies,암,condition,미등재 용어 검수 v2 (Fable 2026-09-29 · AACT 매칭 확대분)
Transplant Patients With EBV Viremia at High Risk for Developing a Recurrent EBV Lymphoma,암,condition,미등재 용어 검수 v2 (Fable 2026-09-29 · AACT 매칭 확대분)
P1b: Advanced Solid Tumors,암,condition,미등재 용어 검수 v2 (Fable 2026-09-29 · AACT 매칭 확대분)
P2: Biliary Tract Cancer,암,condition,미등재 용어 검수 v2 (Fable 2026-09-29 · AACT 매칭 확대분)
Acute Pain,통증,mesh,미등재 용어 검수 v2 (Fable 2026-09-29 · AACT 매칭 확대분)
"Leukemia, Myelomonocytic, Juvenile",암,mesh,미등재 용어 검수 v2 (Fable 2026-09-29 · AACT 매칭 확대분)
Advanced Adult Hepatocellular Carcinoma,암,condition,미등재 용어 검수 v2 (Fable 2026-09-29 · AACT 매칭 확대분)
Ulcerative Colitis Chronic Mild,소화기,condition,미등재 용어 검수 v2 (Fable 2026-09-29 · AACT 매칭 확대분)
Ulcerative Colitis Chronic Moderate,소화기,condition,미등재 용어 검수 v2 (Fable 2026-09-29 · AACT 매칭 확대분)
mCRPC (Metastatic Castration-resistant Prostate Cancer),암,condition,미등재 용어 검수 v2 (Fable 2026-09-29 · AACT 매칭 확대분)
Arthritis,근골격,mesh,미등재 용어 검수 v2 (Fable 2026-09-29 · AACT 매칭 확대분)
Joint Diseases,근골격,mesh,미등재 용어 검수 v2 (Fable 2026-09-29 · AACT 매칭 확대분)
Healthy Participant Study,건강인·약동학,condition,미등재 용어 검수 v2 (Fable 2026-09-29 · AACT 매칭 확대분)
FSHD,희귀 유전,condition,미등재 용어 검수 v2 (Fable 2026-09-29 · AACT 매칭 확대분)
Anus Neoplasms,암,mesh,미등재 용어 검수 v2 (Fable 2026-09-29 · AACT 매칭 확대분)
Vulvar High Grade Squamous Intraepithelial Lesion (HSIL),암,condition,미등재 용어 검수 v2 (Fable 2026-09-29 · AACT 매칭 확대분)
Vulvar Dysplasia,암,condition,미등재 용어 검수 v2 (Fable 2026-09-29 · AACT 매칭 확대분)
Vulvar Intraepithelial Neoplasia (VIN),암,condition,미등재 용어 검수 v2 (Fable 2026-09-29 · AACT 매칭 확대분)
VIN2,암,condition,미등재 용어 검수 v2 (Fable 2026-09-29 · AACT 매칭 확대분)
VIN3,암,condition,미등재 용어 검수 v2 (Fable 2026-09-29 · AACT 매칭 확대분)
Pre-cancerous Lesions of the Vulva,암,condition,미등재 용어 검수 v2 (Fable 2026-09-29 · AACT 매칭 확대분)
Human Papillomavirus (HPV),감염,condition,미등재 용어 검수 v2 (Fable 2026-09-29 · AACT 매칭 확대분)
Bipolar Disorder I or II With a Major Depressive Episode,신경·정신,condition,미등재 용어 검수 v2 (Fable 2026-09-29 · AACT 매칭 확대분)
Metastatic Renal Cell Carcinoma Treated With Cabozantinib,암,condition,미등재 용어 검수 v2 (Fable 2026-09-29 · AACT 매칭 확대분)
"Diabetes Mellitus, Type 1",비만·대사,mesh,미등재 용어 검수 v2 (Fable 2026-09-29 · AACT 매칭 확대분)
Metastatic Pancreatic Adenocarcinoma,암,condition,미등재 용어 검수 v2 (Fable 2026-09-29 · AACT 매칭 확대분)
Locally Advanced Unresectable Pancreatic Adenocarcinoma,암,condition,미등재 용어 검수 v2 (Fable 2026-09-29 · AACT 매칭 확대분)
Solid Tumor,암,condition,미등재 용어 검수 v2 (Fable 2026-09-29 · AACT 매칭 확대분)
Drug Safety,건강인·약동학,condition,미등재 용어 검수 v2 (Fable 2026-09-29 · AACT 매칭 확대분)
Marburg Virus Disease,감염,mesh,미등재 용어 검수 v2 (Fable 2026-09-29 · AACT 매칭 확대분)
Advanced Hepatocellular Carcinoma,암,condition,미등재 용어 검수 v2 (Fable 2026-09-29 · AACT 매칭 확대분)
BCLC Stage B Hepatocellular Carcinoma,암,condition,미등재 용어 검수 v2 (Fable 2026-09-29 · AACT 매칭 확대분)
BCLC Stage C Hepatocellular Carcinoma,암,condition,미등재 용어 검수 v2 (Fable 2026-09-29 · AACT 매칭 확대분)
Resectable MMR-deficient Solid Tumors,암,condition,미등재 용어 검수 v2 (Fable 2026-09-29 · AACT 매칭 확대분)
Resectable MMR-proficient Solid Tumors,암,condition,미등재 용어 검수 v2 (Fable 2026-09-29 · AACT 매칭 확대분)
Irritable Bowel Syndrome,소화기,mesh,미등재 용어 검수 v2 (Fable 2026-09-29 · AACT 매칭 확대분)
Seminoma,암,mesh,미등재 용어 검수 v2 (Fable 2026-09-29 · AACT 매칭 확대분)
Nonseminomatous germ cell tumor,암,mesh,미등재 용어 검수 v2 (Fable 2026-09-29 · AACT 매칭 확대분)
Filoviridae Infections,감염,mesh,미등재 용어 검수 v2 (Fable 2026-09-29 · AACT 매칭 확대분)
"Hearing Loss, Sensorineural",청각·이비인후,mesh,미등재 용어 검수 v2 (Fable 2026-09-29 · AACT 매칭 확대분)
Hearing Loss,청각·이비인후,mesh,미등재 용어 검수 v2 (Fable 2026-09-29 · AACT 매칭 확대분)
"Hearing Loss, Hidden",청각·이비인후,mesh,미등재 용어 검수 v2 (Fable 2026-09-29 · AACT 매칭 확대분)
Deafness,청각·이비인후,mesh,미등재 용어 검수 v2 (Fable 2026-09-29 · AACT 매칭 확대분)
"Disruptive, Impulse Control, and Conduct Disorders",신경·정신,mesh,미등재 용어 검수 v2 (Fable 2026-09-29 · AACT 매칭 확대분)
Aggression,신경·정신,mesh,미등재 용어 검수 v2 (Fable 2026-09-29 · AACT 매칭 확대분)
Healthy Adult Participants,건강인·약동학,condition,미등재 용어 검수 v2 (Fable 2026-09-29 · AACT 매칭 확대분)
Pheochromocytoma,암,mesh,미등재 용어 검수 v2 (Fable 2026-09-29 · AACT 매칭 확대분)
Paraganglioma,암,mesh,미등재 용어 검수 v2 (Fable 2026-09-29 · AACT 매칭 확대분)
Sleep Initiation and Maintenance Disorders,신경·정신,mesh,미등재 용어 검수 v2 (Fable 2026-09-29 · AACT 매칭 확대분)
"Stress Disorders, Post-Traumatic",신경·정신,mesh,미등재 용어 검수 v2 (Fable 2026-09-29 · AACT 매칭 확대분)
Gastric Adenocarcinoma,암,condition,미등재 용어 검수 v2 (Fable 2026-09-29 · AACT 매칭 확대분)
GastroEsophageal Cancer,암,condition,미등재 용어 검수 v2 (Fable 2026-09-29 · AACT 매칭 확대분)
Autism Spectrum Disorder,신경·정신,mesh,미등재 용어 검수 v2 (Fable 2026-09-29 · AACT 매칭 확대분)
Autistic Disorder,신경·정신,mesh,미등재 용어 검수 v2 (Fable 2026-09-29 · AACT 매칭 확대분)
Aggressive Variant Prostate Carcinoma,암,condition,미등재 용어 검수 v2 (Fable 2026-09-29 · AACT 매칭 확대분)
Advanced Urothelial Carcinoma,암,condition,미등재 용어 검수 v2 (Fable 2026-09-29 · AACT 매칭 확대분)
Post-transplant Lymphoproliferative Disorder,암,condition,미등재 용어 검수 v2 (Fable 2026-09-29 · AACT 매칭 확대분)
Double-Expressor Lymphoma,암,condition,미등재 용어 검수 v2 (Fable 2026-09-29 · AACT 매칭 확대분)
High Grade B-Cell Lymphoma With MYC and BCL2 and/or BCL6 Rearrangements,암,condition,미등재 용어 검수 v2 (Fable 2026-09-29 · AACT 매칭 확대분)
High Grade B-Cell Lymphoma With MYC and BCL2 or BCL6 Rearrangements,암,condition,미등재 용어 검수 v2 (Fable 2026-09-29 · AACT 매칭 확대분)
"High Grade B-Cell Lymphoma With MYC, BCL2, and BCL6 Rearrangements",암,condition,미등재 용어 검수 v2 (Fable 2026-09-29 · AACT 매칭 확대분)
Sarcoma of the Extremity,암,condition,미등재 용어 검수 v2 (Fable 2026-09-29 · AACT 매칭 확대분)
Stage I Soft Tissue Sarcoma of the Trunk and Extremities,암,condition,미등재 용어 검수 v2 (Fable 2026-09-29 · AACT 매칭 확대분)
Stage IA Soft Tissue Sarcoma of the Trunk and Extremities,암,condition,미등재 용어 검수 v2 (Fable 2026-09-29 · AACT 매칭 확대분)
Stage IB Soft Tissue Sarcoma of the Trunk and Extremities,암,condition,미등재 용어 검수 v2 (Fable 2026-09-29 · AACT 매칭 확대분)
Stage II Soft Tissue Sarcoma of the Trunk and Extremities,암,condition,미등재 용어 검수 v2 (Fable 2026-09-29 · AACT 매칭 확대분)
Metastatic Castration Resistant Prostate Cancer,암,condition,미등재 용어 검수 v2 (Fable 2026-09-29 · AACT 매칭 확대분)
Locally Advanced Renal Cell Carcinoma,암,condition,미등재 용어 검수 v2 (Fable 2026-09-29 · AACT 매칭 확대분)
Hepatitis D,감염,mesh,미등재 용어 검수 v2 (Fable 2026-09-29 · AACT 매칭 확대분)
Pancreatic Ductal Adenocarcinoma,암,condition,미등재 용어 검수 v2 (Fable 2026-09-29 · AACT 매칭 확대분)
"Carcinoma, Medullary",암,mesh,미등재 용어 검수 v2 (Fable 2026-09-29 · AACT 매칭 확대분)
Advanced Renal Cell Carcinoma,암,condition,미등재 용어 검수 v2 (Fable 2026-09-29 · AACT 매칭 확대분)
Chronic Hepatitis C Virus Infection,감염,condition,미등재 용어 검수 v2 (Fable 2026-09-29 · AACT 매칭 확대분)
Neuroblastoma,암,mesh,미등재 용어 검수 v2 (Fable 2026-09-29 · AACT 매칭 확대분)
Higher Risk Myelodysplastic Syndromes,암,condition,미등재 용어 검수 v2 (Fable 2026-09-29 · AACT 매칭 확대분)
Central Nervous System Lymphoma,암,condition,미등재 용어 검수 v2 (Fable 2026-09-29 · AACT 매칭 확대분)
Bronchiolitis Obliterans Syndrome,호흡기,mesh,미등재 용어 검수 v2 (Fable 2026-09-29 · AACT 매칭 확대분)
Hidradenitis,피부,mesh,미등재 용어 검수 v2 (Fable 2026-09-29 · AACT 매칭 확대분)
Netherton Syndrome,희귀 유전,mesh,미등재 용어 검수 v2 (Fable 2026-09-29 · AACT 매칭 확대분)
Solid Tumors,암,condition,미등재 용어 검수 v2 (Fable 2026-09-29 · AACT 매칭 확대분)
Advanced Clear Cell Renal Cell Carcinoma or Other Advanced Solid Tumors,암,condition,미등재 용어 검수 v2 (Fable 2026-09-29 · AACT 매칭 확대분)
"Pleural Effusion, Malignant",암,mesh,미등재 용어 검수 v2 (Fable 2026-09-29 · AACT 매칭 확대분)
Chronic Hepatitis D Infection,감염,condition,미등재 용어 검수 v2 (Fable 2026-09-29 · AACT 매칭 확대분)
Advanced Metastatic Melanoma,암,condition,미등재 용어 검수 v2 (Fable 2026-09-29 · AACT 매칭 확대분)
Head and Neck Squamous Cell Cancer,암,condition,미등재 용어 검수 v2 (Fable 2026-09-29 · AACT 매칭 확대분)
Carcinoid Tumor,암,mesh,미등재 용어 검수 v2 (Fable 2026-09-29 · AACT 매칭 확대분)
Healthy Volunteers Study,건강인·약동학,condition,미등재 용어 검수 v2 (Fable 2026-09-29 · AACT 매칭 확대분)
HIV-1-infection,감염,condition,미등재 용어 검수 v2 (Fable 2026-09-29 · AACT 매칭 확대분)
Healthy Volunteers Food Interaction Study,건강인·약동학,condition,미등재 용어 검수 v2 (Fable 2026-09-29 · AACT 매칭 확대분)
Cytomegalovirus Infections,감염,mesh,미등재 용어 검수 v2 (Fable 2026-09-29 · AACT 매칭 확대분)
Acquired Immunodeficiency Syndrome,감염,mesh,미등재 용어 검수 v2 (Fable 2026-09-29 · AACT 매칭 확대분)
Healthy Adult Subjects,건강인·약동학,condition,미등재 용어 검수 v2 (Fable 2026-09-29 · AACT 매칭 확대분)
X-Linked Retinitis Pigmentosa,희귀 유전,condition,미등재 용어 검수 v2 (Fable 2026-09-29 · AACT 매칭 확대분)
Idiopathic Pulmonary Fibrosis,호흡기,mesh,미등재 용어 검수 v2 (Fable 2026-09-29 · AACT 매칭 확대분)
Pulmonary Fibrosis,호흡기,mesh,미등재 용어 검수 v2 (Fable 2026-09-29 · AACT 매칭 확대분)
"Lung Diseases, Interstitial",호흡기,mesh,미등재 용어 검수 v2 (Fable 2026-09-29 · AACT 매칭 확대분)
Myotonia,희귀 유전,mesh,미등재 용어 검수 v2 (Fable 2026-09-29 · AACT 매칭 확대분)
Myotonic Disorders,희귀 유전,mesh,미등재 용어 검수 v2 (Fable 2026-09-29 · AACT 매칭 확대분)
CML,암,condition,미등재 용어 검수 v2 (Fable 2026-09-29 · AACT 매칭 확대분)
Bone Neoplasms,암,mesh,미등재 용어 검수 v2 (Fable 2026-09-29 · AACT 매칭 확대분)
Sickle Cell Trait,희귀 유전,mesh,미등재 용어 검수 v2 (Fable 2026-09-29 · AACT 매칭 확대분)
Choroideremia,희귀 유전,mesh,미등재 용어 검수 v2 (Fable 2026-09-29 · AACT 매칭 확대분)
Metastatic Bladder Urothelial Carcinoma,암,condition,미등재 용어 검수 v2 (Fable 2026-09-29 · AACT 매칭 확대분)
Metastatic Renal Pelvis Urothelial Carcinoma,암,condition,미등재 용어 검수 v2 (Fable 2026-09-29 · AACT 매칭 확대분)
Metastatic Ureter Urothelial Carcinoma,암,condition,미등재 용어 검수 v2 (Fable 2026-09-29 · AACT 매칭 확대분)
Metastatic Urethral Urothelial Carcinoma,암,condition,미등재 용어 검수 v2 (Fable 2026-09-29 · AACT 매칭 확대분)
Unresectable Renal Pelvis Urothelial Carcinoma,암,condition,미등재 용어 검수 v2 (Fable 2026-09-29 · AACT 매칭 확대분)
Unresectable Ureter Urothelial Carcinoma,암,condition,미등재 용어 검수 v2 (Fable 2026-09-29 · AACT 매칭 확대분)
Microsatellite Stable Rectal Carcinoma,암,condition,미등재 용어 검수 v2 (Fable 2026-09-29 · AACT 매칭 확대분)
Locally Advanced Rectal Adenocarcinoma,암,condition,미등재 용어 검수 v2 (Fable 2026-09-29 · AACT 매칭 확대분)
"Acute, Uncomplicated Human Influenza",감염,condition,미등재 용어 검수 v2 (Fable 2026-09-29 · AACT 매칭 확대분)
Refractory Acute Leukemia,암,condition,미등재 용어 검수 v2 (Fable 2026-09-29 · AACT 매칭 확대분)
Pediatric Relapsed,암,condition,미등재 용어 검수 v2 (Fable 2026-09-29 · AACT 매칭 확대분)
Metastatic Hormone Refractory Prostate Cancer,암,condition,미등재 용어 검수 v2 (Fable 2026-09-29 · AACT 매칭 확대분)
Recurrent respiratory papillomatosis,감염,mesh,미등재 용어 검수 v2 (Fable 2026-09-29 · AACT 매칭 확대분)
HIV Seropositivity,감염,mesh,미등재 용어 검수 v2 (Fable 2026-09-29 · AACT 매칭 확대분)
Ischemic Stroke,신경·정신,mesh,미등재 용어 검수 v2 (Fable 2026-09-29 · AACT 매칭 확대분)
Pancreatic Cancer Metastatic,암,condition,미등재 용어 검수 v2 (Fable 2026-09-29 · AACT 매칭 확대분)
Drug-drug Interaction,건강인·약동학,condition,미등재 용어 검수 v2 (Fable 2026-09-29 · AACT 매칭 확대분)
Breast Feeding,건강인·약동학,mesh,미등재 용어 검수 v2 (Fable 2026-09-29 · AACT 매칭 확대분)
BRCA1/2 Mutation,암,condition,미등재 용어 검수 v2 (Fable 2026-09-29 · AACT 매칭 확대분)
Healthy Participants Study,건강인·약동학,condition,미등재 용어 검수 v2 (Fable 2026-09-29 · AACT 매칭 확대분)
Drug Safety and Bioavailability,건강인·약동학,condition,미등재 용어 검수 v2 (Fable 2026-09-29 · AACT 매칭 확대분)
Cytomegalovirus,감염,condition,미등재 용어 검수 v2 (Fable 2026-09-29 · AACT 매칭 확대분)
"Mycobacterium Infections, Nontuberculous",감염,mesh,미등재 용어 검수 v2 (Fable 2026-09-29 · AACT 매칭 확대분)
HER2-expressing Cancers,암,condition,미등재 용어 검수 v2 (Fable 2026-09-29 · AACT 매칭 확대분)
Chronic Pain,통증,mesh,미등재 용어 검수 v2 (Fable 2026-09-29 · AACT 매칭 확대분)
Pain,통증,mesh,미등재 용어 검수 v2 (Fable 2026-09-29 · AACT 매칭 확대분)
Low Back Pain,통증,mesh,미등재 용어 검수 v2 (Fable 2026-09-29 · AACT 매칭 확대분)
Osteoarthritis,근골격,mesh,미등재 용어 검수 v2 (Fable 2026-09-29 · AACT 매칭 확대분)
Agnosia,신경·정신,mesh,미등재 용어 검수 v2 (Fable 2026-09-29 · AACT 매칭 확대분)
Neuralgia,통증,mesh,미등재 용어 검수 v2 (Fable 2026-09-29 · AACT 매칭 확대분)
Chronic Hepatitis B Infections,감염,condition,미등재 용어 검수 v2 (Fable 2026-09-29 · AACT 매칭 확대분)
"Carcinoma, Neuroendocrine",암,mesh,미등재 용어 검수 v2 (Fable 2026-09-29 · AACT 매칭 확대분)
Meningioma,암,mesh,미등재 용어 검수 v2 (Fable 2026-09-29 · AACT 매칭 확대분)
Volunteers,건강인·약동학,condition,미등재 용어 검수 v2 (Fable 2026-09-29 · AACT 매칭 확대분)
"Amyloid Neuropathies, Familial",희귀 유전,mesh,미등재 용어 검수 v2 (Fable 2026-09-29 · AACT 매칭 확대분)
Non-Clear Cell Renal Cell Carcinoma,암,condition,미등재 용어 검수 v2 (Fable 2026-09-29 · AACT 매칭 확대분)
"Multiple Sclerosis, Chronic Progressive",신경·정신,mesh,미등재 용어 검수 v2 (Fable 2026-09-29 · AACT 매칭 확대분)
Chronic Idiopathic Constipation (CIC),소화기,condition,미등재 용어 검수 v2 (Fable 2026-09-29 · AACT 매칭 확대분)
Metabolic Diseases,비만·대사,mesh,미등재 용어 검수 v2 (Fable 2026-09-29 · AACT 매칭 확대분)
High Grade Neuroendocrine Neoplasms,암,condition,미등재 용어 검수 v2 (Fable 2026-09-29 · AACT 매칭 확대분)
"Pyloric Stenosis, Hypertrophic",소화기,mesh,미등재 용어 검수 v2 (Fable 2026-09-29 · AACT 매칭 확대분)
"Carcinoma, Basal Cell",암,mesh,미등재 용어 검수 v2 (Fable 2026-09-29 · AACT 매칭 확대분)
Small Cell Lung Carcinoma,암,mesh,미등재 용어 검수 v2 (Fable 2026-09-29 · AACT 매칭 확대분)
Camurati-Engelmann Syndrome,희귀 유전,auto-review,자동 분류 검수 v1 (Fable 2026-09-30) · 자동=근골격 · 결정=희귀 유전
Erythropoietic Protoporphyria,희귀 유전,auto-review,자동 분류 검수 v1 (Fable 2026-09-30) · 자동=소화기 · 결정=희귀 유전
Erythropoietic Protoporphyria (EPP),희귀 유전,auto-review,자동 분류 검수 v1 (Fable 2026-09-30) · 자동=소화기 · 결정=희귀 유전
Fabry Disease,희귀 유전,auto-review,자동 분류 검수 v1 (Fable 2026-09-30) · 자동=신경·정신 · 결정=희귀 유전
Lipidoses,희귀 유전,auto-review,자동 분류 검수 v1 (Fable 2026-09-30) · 자동=비만·대사 · 결정=희귀 유전
Lysosomal Storage Diseases,희귀 유전,auto-review,자동 분류 검수 v1 (Fable 2026-09-30) · 자동=비만·대사 · 결정=희귀 유전
Sphingolipidoses,희귀 유전,auto-review,자동 분류 검수 v1 (Fable 2026-09-30) · 자동=신경·정신 · 결정=희귀 유전
"Eczema, Atopic",피부,auto-review,자동 분류 검수 v1 (Fable 2026-09-30) · 자동=피부 · 결정=유지
Glycogen Storage Disease Type V,희귀 유전,auto-review,자동 분류 검수 v1 (Fable 2026-09-30) · 자동=비만·대사 · 결정=희귀 유전
Lymphatic Abnormalities,희귀 유전,auto-review,자동 분류 검수 v1 (Fable 2026-09-30) · 자동=혈액 · 결정=희귀 유전
McArdle Disease,희귀 유전,auto-review,자동 분류 검수 v1 (Fable 2026-09-30) · 자동=비만·대사 · 결정=희귀 유전
Wilms Tumor,암,auto-review,자동 분류 검수 v1 (Fable 2026-09-30) · 자동=암 · 결정=유지
Recurrence,무시,mesh,미분류 검수 v3 (Fable 2026-09-30)
HAE,희귀 유전,condition,미분류 검수 v3 (Fable 2026-09-30)
Chronic Disease,무시,mesh,미분류 검수 v3 (Fable 2026-09-30)
Disease,무시,mesh,미분류 검수 v3 (Fable 2026-09-30)
HER-2 Protein Overexpression,암,condition,미분류 검수 v3 (Fable 2026-09-30)
Microsatellite Instability,암,mesh,미분류 검수 v3 (Fable 2026-09-30)
Cervical High Grade Squamous Intraepithelial Lesion,암,condition,미분류 검수 v3 (Fable 2026-09-30)
DLBCL,암,condition,미분류 검수 v3 (Fable 2026-09-30)
DM1,희귀 유전,condition,미분류 검수 v3 (Fable 2026-09-30)
EGFR Exon 20 Mutations,암,condition,미분류 검수 v3 (Fable 2026-09-30)
HER2 Amplification,암,condition,미분류 검수 v3 (Fable 2026-09-30)
HLA-A*02:01-positive,무시,condition,미분류 검수 v3 (Fable 2026-09-30)
HSIL,암,condition,미분류 검수 v3 (Fable 2026-09-30)
Joint Disease,근골격,condition,미분류 검수 v3 (Fable 2026-09-30)
KMT2Ar,암,condition,미분류 검수 v3 (Fable 2026-09-30)
Muscular Dystrophy in Children,희귀 유전,condition,미분류 검수 v3 (Fable 2026-09-30)
Myotonic Dystrophy Type 1 (DM1),희귀 유전,condition,미분류 검수 v3 (Fable 2026-09-30)
NPM1 Mutation,암,condition,미분류 검수 v3 (Fable 2026-09-30)
Nasal Congestion,무시,condition,미분류 검수 v3 (Fable 2026-09-30)
Prophylaxis,무시,condition,미분류 검수 v3 (Fable 2026-09-30)
SLE,면역·염증,condition,미분류 검수 v3 (Fable 2026-09-30)
X-Linked Protoporphyria (XLP),희귀 유전,condition,미분류 검수 v3 (Fable 2026-09-30)
AATD,희귀 유전,condition,미분류 검수 v3 (Fable 2026-09-30)
ATC,암,condition,미분류 검수 v3 (Fable 2026-09-30)
Acute Graft-versus-host Disease,면역·염증,condition,미분류 검수 v3 (Fable 2026-09-30)
Adjuvant Treatment,무시,condition,미분류 검수 v3 (Fable 2026-09-30)
Advanced Systemic Mastocytosis (AdvSM),암,condition,미분류 검수 v3 (Fable 2026-09-30)
Allogeneic Stem Cell Transplantation,무시,condition,미분류 검수 v3 (Fable 2026-09-30)
Alpha-1 Antitrypsin Deficiency,희귀 유전,condition,미분류 검수 v3 (Fable 2026-09-30)
Anti-CD19,무시,condition,미분류 검수 v3 (Fable 2026-09-30)
Anti-Synthetase Syndrome,면역·염증,condition,미분류 검수 v3 (Fable 2026-09-30)
BMM,암,condition,미분류 검수 v3 (Fable 2026-09-30)
Basal Cell Nevoid Syndrome (BCNS),희귀 유전,condition,미분류 검수 v3 (Fable 2026-09-30)
Behavior,무시,mesh,미분류 검수 v3 (Fable 2026-09-30)
Biologics,무시,condition,미분류 검수 v3 (Fable 2026-09-30)
Bites and Stings,무시,mesh,미분류 검수 v3 (Fable 2026-09-30)
Bunionectomy,통증,condition,미분류 검수 v3 (Fable 2026-09-30)
CD22 Positive,암,condition,미분류 검수 v3 (Fable 2026-09-30)
CRC,암,condition,미분류 검수 v3 (Fable 2026-09-30)
Chronic GVHD,면역·염증,condition,미분류 검수 v3 (Fable 2026-09-30)
Chronic Graft Versus Host Disease,면역·염증,condition,미분류 검수 v3 (Fable 2026-09-30)
Chronic Lymphoproliferative Diseases,암,condition,미분류 검수 v3 (Fable 2026-09-30)
Chronic Phase CML,암,condition,미분류 검수 v3 (Fable 2026-09-30)
Cognitive Impairment,신경·정신,condition,미분류 검수 v3 (Fable 2026-09-30)
Complications of Organ Transplant Stem Cells,무시,condition,미분류 검수 v3 (Fable 2026-09-30)
DMD,희귀 유전,condition,미분류 검수 v3 (Fable 2026-09-30)
Delusion,신경·정신,condition,미분류 검수 v3 (Fable 2026-09-30)
Desmoid,암,condition,미분류 검수 v3 (Fable 2026-09-30)
Disease Progression,무시,mesh,미분류 검수 v3 (Fable 2026-09-30)
Duchenne Muscular Dystrophy With Mutations Amenable to PBGENE-DMD,희귀 유전,condition,미분류 검수 v3 (Fable 2026-09-30)
EBV+ Associated Post-transplant Lymphoproliferative Disease (EBV+ PTLD),암,condition,미분류 검수 v3 (Fable 2026-09-30)
EGFR Amplification,암,condition,미분류 검수 v3 (Fable 2026-09-30)
EGFR P-Loop and Alpha C-Helix Compressing,암,condition,미분류 검수 v3 (Fable 2026-09-30)
EGFR PACC,암,condition,미분류 검수 v3 (Fable 2026-09-30)
EGFR Uncommon Mutations,암,condition,미분류 검수 v3 (Fable 2026-09-30)
"EGFR Uncommon Mutations, Including G719X and S768I",암,condition,미분류 검수 v3 (Fable 2026-09-30)
EGFR-TKI Resistant Mutation,암,condition,미분류 검수 v3 (Fable 2026-09-30)
ERBB2 Gene Amplification,암,condition,미분류 검수 v3 (Fable 2026-09-30)
ESCC,암,condition,미분류 검수 v3 (Fable 2026-09-30)
Ebola Vaccine,감염,condition,미분류 검수 v3 (Fable 2026-09-30)
Epidermal Growth Factor Receptor C797S,암,condition,미분류 검수 v3 (Fable 2026-09-30)
Epidermal Growth Factor Receptor G719X,암,condition,미분류 검수 v3 (Fable 2026-09-30)
Epstein-Barr Viraemia,감염,condition,미분류 검수 v3 (Fable 2026-09-30)
Epstein-Barr Viremia,감염,condition,미분류 검수 v3 (Fable 2026-09-30)
FGFR2 Gene Amplification,암,condition,미분류 검수 v3 (Fable 2026-09-30)
FGFR2 Gene Fusion/Rearrangement,암,condition,미분류 검수 v3 (Fable 2026-09-30)
FGFR2 Gene Short Variants,암,condition,미분류 검수 v3 (Fable 2026-09-30)
FGFR2 Genetic Alterations,암,condition,미분류 검수 v3 (Fable 2026-09-30)
FGFR3 Gene Amplification,암,condition,미분류 검수 v3 (Fable 2026-09-30)
FGFR3 Gene Fusion/Rearrangement,암,condition,미분류 검수 v3 (Fable 2026-09-30)
FGFR3 Gene Short Variants,암,condition,미분류 검수 v3 (Fable 2026-09-30)
FGFR3 Genetic Alterations,암,condition,미분류 검수 v3 (Fable 2026-09-30)
Facioscapulohumeral Muscular Dystrophy 1,희귀 유전,condition,미분류 검수 v3 (Fable 2026-09-30)
Fatigue,무시,mesh,미분류 검수 v3 (Fable 2026-09-30)
Fever,무시,mesh,미분류 검수 v3 (Fable 2026-09-30)
GBM,암,condition,미분류 검수 v3 (Fable 2026-09-30)
GIST,암,condition,미분류 검수 v3 (Fable 2026-09-30)
Generalized Myasthenia Gravis (gMG),신경·정신,condition,미분류 검수 v3 (Fable 2026-09-30)
"Genetic Disease, Inborn",희귀 유전,condition,미분류 검수 v3 (Fable 2026-09-30)
"Genetic Disease, X-Linked",희귀 유전,condition,미분류 검수 v3 (Fable 2026-09-30)
Glycogen Storage Disease Type Ia,희귀 유전,condition,미분류 검수 v3 (Fable 2026-09-30)
HCV,감염,condition,미분류 검수 v3 (Fable 2026-09-30)
HER2,암,condition,미분류 검수 v3 (Fable 2026-09-30)
HER2 Exon 20 Mutations,암,condition,미분류 검수 v3 (Fable 2026-09-30)
HER2 Gene Mutation,암,condition,미분류 검수 v3 (Fable 2026-09-30)
HER2 Overexpression,암,condition,미분류 검수 v3 (Fable 2026-09-30)
HPV,감염,condition,미분류 검수 v3 (Fable 2026-09-30)
HR Positive,암,condition,미분류 검수 v3 (Fable 2026-09-30)
HRAS Gene Mutation,암,condition,미분류 검수 v3 (Fable 2026-09-30)
Hailey Hailey Disease,희귀 유전,condition,미분류 검수 v3 (Fable 2026-09-30)
Hedgehog Pathway,무시,condition,미분류 검수 v3 (Fable 2026-09-30)
Hodgkin's Disease,암,condition,미분류 검수 v3 (Fable 2026-09-30)
IIM,면역·염증,condition,미분류 검수 v3 (Fable 2026-09-30)
ISM,암,condition,미분류 검수 v3 (Fable 2026-09-30)
ITP,혈액,condition,미분류 검수 v3 (Fable 2026-09-30)
IgAN,신장,condition,미분류 검수 v3 (Fable 2026-09-30)
Imetelstat,무시,condition,미분류 검수 v3 (Fable 2026-09-30)
Immunosuppresion,무시,condition,미분류 검수 v3 (Fable 2026-09-30)
KMT2A-rearranged,암,condition,미분류 검수 v3 (Fable 2026-09-30)
Lactation,건강인·약동학,condition,미분류 검수 v3 (Fable 2026-09-30)
Limb-Girdle Muscular Dystrophy Type 2,희귀 유전,condition,미분류 검수 v3 (Fable 2026-09-30)
Limb-girdle muscular dystrophy type 2A,희귀 유전,mesh,미분류 검수 v3 (Fable 2026-09-30)
Lymphatic Malformation,희귀 유전,condition,미분류 검수 v3 (Fable 2026-09-30)
MLL Rearrangement,암,condition,미분류 검수 v3 (Fable 2026-09-30)
MSI-H,암,condition,미분류 검수 v3 (Fable 2026-09-30)
MYD88 Gene Mutation,암,condition,미분류 검수 v3 (Fable 2026-09-30)
"Mastocytosis, Indolent",암,condition,미분류 검수 v3 (Fable 2026-09-30)
Mismatch Repair Protein Proficient,암,condition,미분류 검수 v3 (Fable 2026-09-30)
Monoclonal,무시,condition,미분류 검수 v3 (Fable 2026-09-30)
Myotonic Dystrophy Type 1,희귀 유전,condition,미분류 검수 v3 (Fable 2026-09-30)
Myotonic Dystrophy Type-1,희귀 유전,condition,미분류 검수 v3 (Fable 2026-09-30)
"Myotonic Dystrophy, Type 1 (DM1)",희귀 유전,condition,미분류 검수 v3 (Fable 2026-09-30)
Myotonic Muscular Dystrophy,희귀 유전,condition,미분류 검수 v3 (Fable 2026-09-30)
NFE2L2 Gene Mutation,암,condition,미분류 검수 v3 (Fable 2026-09-30)
Neoadjuvant Treatment,무시,condition,미분류 검수 v3 (Fable 2026-09-30)
Nonfluent Variant Primary Progressive Aphasia (nfvPPA),신경·정신,condition,미분류 검수 v3 (Fable 2026-09-30)
Other Disease,무시,condition,미분류 검수 v3 (Fable 2026-09-30)
PIK3CA Mutation,암,condition,미분류 검수 v3 (Fable 2026-09-30)
PIK3CA Mutations,암,condition,미분류 검수 v3 (Fable 2026-09-30)
PNH,혈액,condition,미분류 검수 v3 (Fable 2026-09-30)
PRAME Positive,암,condition,미분류 검수 v3 (Fable 2026-09-30)
PSP,신경·정신,condition,미분류 검수 v3 (Fable 2026-09-30)
PTEN Loss of Function Mutation,암,condition,미분류 검수 v3 (Fable 2026-09-30)
Pathologic Processes,무시,mesh,미분류 검수 v3 (Fable 2026-09-30)
Pediatric,무시,condition,미분류 검수 v3 (Fable 2026-09-30)
Pembrolizumab,무시,condition,미분류 검수 v3 (Fable 2026-09-30)
Phase 2,무시,condition,미분류 검수 v3 (Fable 2026-09-30)
Phase II,무시,condition,미분류 검수 v3 (Fable 2026-09-30)
Philadelphia Chromosome Positive,암,condition,미분류 검수 v3 (Fable 2026-09-30)
Posttraumatic Stress Disorder,신경·정신,condition,미분류 검수 v3 (Fable 2026-09-30)
Progressive Disease,무시,condition,미분류 검수 v3 (Fable 2026-09-30)
RCC,암,condition,미분류 검수 v3 (Fable 2026-09-30)
Relapse,무시,condition,미분류 검수 v3 (Fable 2026-09-30)
SCCHN,암,condition,미분류 검수 v3 (Fable 2026-09-30)
SSM,암,condition,미분류 검수 v3 (Fable 2026-09-30)
Sclerosis,무시,mesh,미분류 검수 v3 (Fable 2026-09-30)
Smoldering Systemic Mastocytosis,암,condition,미분류 검수 v3 (Fable 2026-09-30)
Smoothened,무시,condition,미분류 검수 v3 (Fable 2026-09-30)
Solid Organ Transplant Complications,무시,condition,미분류 검수 v3 (Fable 2026-09-30)
Speech,무시,mesh,미분류 검수 v3 (Fable 2026-09-30)
Steinert,희귀 유전,condition,미분류 검수 v3 (Fable 2026-09-30)
Stem Cell Transplant Complications,무시,condition,미분류 검수 v3 (Fable 2026-09-30)
Stomatognathic Diseases,무시,mesh,미분류 검수 v3 (Fable 2026-09-30)
Synucleinopathy,신경·정신,condition,미분류 검수 v3 (Fable 2026-09-30)
"Systemic Mastocytoses, Aggressive",암,condition,미분류 검수 v3 (Fable 2026-09-30)
"Systemic Mastocytoses, Indolent",암,condition,미분류 검수 v3 (Fable 2026-09-30)
Transplant Tolerance,무시,condition,미분류 검수 v3 (Fable 2026-09-30)
Zanzalintinib,무시,condition,미분류 검수 v3 (Fable 2026-09-30)
Zika,감염,condition,미분류 검수 v3 (Fable 2026-09-30)
ctDNA Monitoring,암,condition,미분류 검수 v3 (Fable 2026-09-30)
Lesion Skin,무시,condition,한국어 v4 검수 (Fable 2026-10-01) · 일반어
Neoplasms by Histologic Type,무시,condition,한국어 v4 검수 (Fable 2026-10-01) · 일반어
Colorectal Cancer,암,auto-reviewed,auto-reviewed v5 (Fable 2026-10-02)
Renal Cell Carcinoma,암,auto-reviewed,auto-reviewed v5 (Fable 2026-10-02)
Chronic Hepatitis B,감염,auto-reviewed,auto-reviewed v5 (Fable 2026-10-02)
Cancer,암,auto-reviewed,auto-reviewed v5 (Fable 2026-10-02)
Cervical Cancer,암,auto-reviewed,auto-reviewed v5 (Fable 2026-10-02)
Hereditary Angioedema,희귀 유전,auto-reviewed,auto-reviewed v5 (Fable 2026-10-02)
Gastric Cancer,암,auto-reviewed,auto-reviewed v5 (Fable 2026-10-02)
Head and Neck Cancer,암,auto-reviewed,auto-reviewed v5 (Fable 2026-10-02)
Hepatocellular Carcinoma,암,auto-reviewed,auto-reviewed v5 (Fable 2026-10-02)
Breast Cancer,암,auto-reviewed,auto-reviewed v5 (Fable 2026-10-02)
Influenza,감염,auto-reviewed,auto-reviewed v5 (Fable 2026-10-02)
Pancreatic Cancer,암,auto-reviewed,auto-reviewed v5 (Fable 2026-10-02)
Non-Small Cell Lung Cancer,암,auto-reviewed,auto-reviewed v5 (Fable 2026-10-02)
Atopic Dermatitis,피부,auto-reviewed,auto-reviewed v5 (Fable 2026-10-02)
Metastatic Melanoma,암,auto-reviewed,auto-reviewed v5 (Fable 2026-10-02)
Major Depressive Disorder,신경·정신,auto-reviewed,auto-reviewed v5 (Fable 2026-10-02)
Prostate Cancer,암,auto-reviewed,auto-reviewed v5 (Fable 2026-10-02)
Ovarian Cancer,암,auto-reviewed,auto-reviewed v5 (Fable 2026-10-02)
Endometrial Cancer,암,auto-reviewed,auto-reviewed v5 (Fable 2026-10-02)
Head and Neck Squamous Cell Carcinoma,암,auto-reviewed,auto-reviewed v5 (Fable 2026-10-02)
Acute Myeloid Leukemia,암,auto-reviewed,auto-reviewed v5 (Fable 2026-10-02)
Metastatic Cancer,암,auto-reviewed,auto-reviewed v5 (Fable 2026-10-02)
Sickle Cell Disease,희귀 유전,auto-reviewed,auto-reviewed v5 (Fable 2026-10-02)
Triple Negative Breast Cancer,암,auto-reviewed,auto-reviewed v5 (Fable 2026-10-02)
"Genetic Diseases, Inborn",무시,auto-reviewed,auto-reviewed v5 (Fable 2026-10-02)
Systemic Lupus Erythematosus,면역·염증,auto-reviewed,auto-reviewed v5 (Fable 2026-10-02)
Metastatic Renal Cell Carcinoma,암,auto-reviewed,auto-reviewed v5 (Fable 2026-10-02)
Chronic Lymphocytic Leukemia,암,auto-reviewed,auto-reviewed v5 (Fable 2026-10-02)
Urothelial Carcinoma,암,auto-reviewed,auto-reviewed v5 (Fable 2026-10-02)
Bladder Cancer,암,auto-reviewed,auto-reviewed v5 (Fable 2026-10-02)
Non-small Cell Lung Cancer,암,auto-reviewed,auto-reviewed v5 (Fable 2026-10-02)
Becker Muscular Dystrophy,희귀 유전,auto-reviewed,auto-reviewed v5 (Fable 2026-10-02)
Non Small Cell Lung Cancer,암,auto-reviewed,auto-reviewed v5 (Fable 2026-10-02)
"Carcinoma, Merkel Cell",암,auto-reviewed,auto-reviewed v5 (Fable 2026-10-02)
Non-Hodgkin Lymphoma,암,auto-reviewed,auto-reviewed v5 (Fable 2026-10-02)
Unresectable Melanoma,암,auto-reviewed,auto-reviewed v5 (Fable 2026-10-02)
Dystrophic Epidermolysis Bullosa,희귀 유전,auto-reviewed,auto-reviewed v5 (Fable 2026-10-02)
"Neoplasms, Plasma Cell",암,auto-reviewed,auto-reviewed v5 (Fable 2026-10-02)
Coronavirus Infection,감염,auto-reviewed,auto-reviewed v5 (Fable 2026-10-02)
Acute Lymphoblastic Leukemia,암,auto-reviewed,auto-reviewed v5 (Fable 2026-10-02)
Hematologic Malignancies,암,auto-reviewed,auto-reviewed v5 (Fable 2026-10-02)
Malignant Melanoma,암,auto-reviewed,auto-reviewed v5 (Fable 2026-10-02)
Lung Cancer,암,auto-reviewed,auto-reviewed v5 (Fable 2026-10-02)
Epstein-Barr Virus Infections,감염,auto-reviewed,auto-reviewed v5 (Fable 2026-10-02)
Mycosis Fungoides,암,auto-reviewed,auto-reviewed v5 (Fable 2026-10-02)
Adenocarcinoma,암,auto-reviewed,auto-reviewed v5 (Fable 2026-10-02)
HER2-positive Breast Cancer,암,auto-reviewed,auto-reviewed v5 (Fable 2026-10-02)
Myelofibrosis,암,auto-reviewed,auto-reviewed v5 (Fable 2026-10-02)
Graves Ophthalmopathy,안과,auto-reviewed,auto-reviewed v5 (Fable 2026-10-02)
Chronic Hepatitis C,감염,auto-reviewed,auto-reviewed v5 (Fable 2026-10-02)
Diabetic Macular Edema,안과,auto-reviewed,auto-reviewed v5 (Fable 2026-10-02)
Squamous Cell Carcinoma of the Head and Neck,암,auto-reviewed,auto-reviewed v5 (Fable 2026-10-02)
Mantle Cell Lymphoma,암,auto-reviewed,auto-reviewed v5 (Fable 2026-10-02)
Follicular Lymphoma,암,auto-reviewed,auto-reviewed v5 (Fable 2026-10-02)
"Muscular Dystrophy, Facioscapulohumeral",희귀 유전,auto-reviewed,auto-reviewed v5 (Fable 2026-10-02)
Pancreas Cancer,암,auto-reviewed,auto-reviewed v5 (Fable 2026-10-02)
Hepatocellular Carcinoma (HCC),암,auto-reviewed,auto-reviewed v5 (Fable 2026-10-02)
Acute Pancreatitis,소화기,auto-reviewed,auto-reviewed v5 (Fable 2026-10-02)
Liver Neoplasms,암,auto-reviewed,auto-reviewed v5 (Fable 2026-10-02)
Skin Cancer,암,auto-reviewed,auto-reviewed v5 (Fable 2026-10-02)
"Carcinoma, Ovarian Epithelial",암,auto-reviewed,auto-reviewed v5 (Fable 2026-10-02)
Graves Disease,비만·대사,auto-reviewed,auto-reviewed v5 (Fable 2026-10-02)
Chronic Inflammatory Demyelinating Polyneuropathy,신경·정신,auto-reviewed,auto-reviewed v5 (Fable 2026-10-02)
"Polyradiculoneuropathy, Chronic Inflammatory Demyelinating",신경·정신,auto-reviewed,auto-reviewed v5 (Fable 2026-10-02)
Clear Cell Renal Cell Carcinoma,암,auto-reviewed,auto-reviewed v5 (Fable 2026-10-02)
Paroxysmal Nocturnal Hemoglobinuria,혈액,auto-reviewed,auto-reviewed v5 (Fable 2026-10-02)
Recessive Dystrophic Epidermolysis Bullosa,희귀 유전,auto-reviewed,auto-reviewed v5 (Fable 2026-10-02)
Dominant Dystrophic Epidermolysis Bullosa,희귀 유전,auto-reviewed,auto-reviewed v5 (Fable 2026-10-02)
Rectal Cancer,암,auto-reviewed,auto-reviewed v5 (Fable 2026-10-02)
Relapsed/Refractory Multiple Myeloma,암,auto-reviewed,auto-reviewed v5 (Fable 2026-10-02)
Gliosarcoma,암,auto-reviewed,auto-reviewed v5 (Fable 2026-10-02)
Diffuse Large B-Cell Lymphoma,암,auto-reviewed,auto-reviewed v5 (Fable 2026-10-02)
Thyroid Cancer,암,auto-reviewed,auto-reviewed v5 (Fable 2026-10-02)
Merkel Cell Carcinoma,암,auto-reviewed,auto-reviewed v5 (Fable 2026-10-02)
Metastatic Colorectal Cancer,암,auto-reviewed,auto-reviewed v5 (Fable 2026-10-02)
"Thyroid Cancer, Papillary",암,auto-reviewed,auto-reviewed v5 (Fable 2026-10-02)
Sezary Syndrome,암,auto-reviewed,auto-reviewed v5 (Fable 2026-10-02)
Astrocytoma,암,auto-reviewed,auto-reviewed v5 (Fable 2026-10-02)
HCV Infection,감염,auto-reviewed,auto-reviewed v5 (Fable 2026-10-02)
Hepatitis C Virus Infection,감염,auto-reviewed,auto-reviewed v5 (Fable 2026-10-02)
"Thrombocythemia, Essential",암,auto-reviewed,auto-reviewed v5 (Fable 2026-10-02)
Marginal Zone Lymphoma,암,auto-reviewed,auto-reviewed v5 (Fable 2026-10-02)
Facioscapulohumeral Muscular Dystrophy (FSHD),희귀 유전,auto-reviewed,auto-reviewed v5 (Fable 2026-10-02)
Colo-rectal Cancer,암,auto-reviewed,auto-reviewed v5 (Fable 2026-10-02)
Esophageal Cancer,암,auto-reviewed,auto-reviewed v5 (Fable 2026-10-02)
Head and Neck Squamous Cell Carcinoma (HNSCC),암,auto-reviewed,auto-reviewed v5 (Fable 2026-10-02)
Renal Cell Carcinoma (RCC),암,auto-reviewed,auto-reviewed v5 (Fable 2026-10-02)
Colorectal Cancer (CRC),암,auto-reviewed,auto-reviewed v5 (Fable 2026-10-02)
Epithelial Ovarian Cancer,암,auto-reviewed,auto-reviewed v5 (Fable 2026-10-02)
Castration Resistant Prostate Cancer,암,auto-reviewed,auto-reviewed v5 (Fable 2026-10-02)
Graves' Disease,비만·대사,auto-reviewed,auto-reviewed v5 (Fable 2026-10-02)
Systemic Sclerosis (SSc),면역·염증,auto-reviewed,auto-reviewed v5 (Fable 2026-10-02)
Renal Impairment,건강인·약동학,auto-reviewed,auto-reviewed v5 (Fable 2026-10-02)
"Myasthenia Gravis, Generalized",신경·정신,auto-reviewed,auto-reviewed v5 (Fable 2026-10-02)
Neoplasms by Site,암,auto-reviewed,auto-reviewed v5 (Fable 2026-10-02)
HNSCC,암,auto-reviewed,auto-reviewed v5 (Fable 2026-10-02)
Esophageal Squamous Cell Carcinoma,암,auto-reviewed,auto-reviewed v5 (Fable 2026-10-02)
Metastatic Solid Tumor,암,auto-reviewed,auto-reviewed v5 (Fable 2026-10-02)
Osteosarcoma,암,auto-reviewed,auto-reviewed v5 (Fable 2026-10-02)
Refractory B-Cell Non-Hodgkin Lymphoma,암,auto-reviewed,auto-reviewed v5 (Fable 2026-10-02)
Non Hodgkin Lymphoma,암,auto-reviewed,auto-reviewed v5 (Fable 2026-10-02)
Chronic Lymphocytic Leukemia (CLL),암,auto-reviewed,auto-reviewed v5 (Fable 2026-10-02)
Soft Tissue Sarcoma,암,auto-reviewed,auto-reviewed v5 (Fable 2026-10-02)
Parkinson's Disease,신경·정신,auto-reviewed,auto-reviewed v5 (Fable 2026-10-02)
Kidney Transplant Rejection,신장,auto-reviewed,auto-reviewed v5 (Fable 2026-10-02)
ALS,신경·정신,auto-reviewed,auto-reviewed v5 (Fable 2026-10-02)
Hematologic Malignancy,암,auto-reviewed,auto-reviewed v5 (Fable 2026-10-02)
Metastatic Head and Neck Squamous Cell Carcinoma,암,auto-reviewed,auto-reviewed v5 (Fable 2026-10-02)
Small Lymphocytic Lymphoma,암,auto-reviewed,auto-reviewed v5 (Fable 2026-10-02)
Duchenne Muscular Dystrophy,희귀 유전,auto-reviewed,auto-reviewed v5 (Fable 2026-10-02)
EGFR Positive Solid Tumor,암,auto-reviewed,auto-reviewed v5 (Fable 2026-10-02)
Squamous Cell Carcinoma,암,auto-reviewed,auto-reviewed v5 (Fable 2026-10-02)
Recurrent Pericarditis,심혈관,auto-reviewed,auto-reviewed v5 (Fable 2026-10-02)
Cognitive Dysfunction,신경·정신,auto-reviewed,auto-reviewed v5 (Fable 2026-10-02)
Chronic Weight Management,비만·대사,auto-reviewed,auto-reviewed v5 (Fable 2026-10-02)
Laryngeal Diseases,무시,auto-reviewed,auto-reviewed v5 (Fable 2026-10-02)
Recurrent Head and Neck Squamous Cell Carcinoma,암,auto-reviewed,auto-reviewed v5 (Fable 2026-10-02)
DEB - Dystrophic Epidermolysis Bullosa,희귀 유전,auto-reviewed,auto-reviewed v5 (Fable 2026-10-02)
"Adenocarcinoma, Follicular",암,auto-reviewed,auto-reviewed v5 (Fable 2026-10-02)
Congenital Abnormalities,무시,auto-reviewed,auto-reviewed v5 (Fable 2026-10-02)
Precursor T-Cell Lymphoblastic Leukemia-Lymphoma,암,auto-reviewed,auto-reviewed v5 (Fable 2026-10-02)
Colorectal Adenocarcinoma,암,auto-reviewed,auto-reviewed v5 (Fable 2026-10-02)
Colon Cancer,암,auto-reviewed,auto-reviewed v5 (Fable 2026-10-02)
Ewing Sarcoma,암,auto-reviewed,auto-reviewed v5 (Fable 2026-10-02)
Thyroid Eye Disease,안과,auto-reviewed,auto-reviewed v5 (Fable 2026-10-02)
Non-small-cell Lung Cancer,암,auto-reviewed,auto-reviewed v5 (Fable 2026-10-02)
Gastroesophageal Junction Adenocarcinoma,암,auto-reviewed,auto-reviewed v5 (Fable 2026-10-02)
End Stage Renal Disease,신장,auto-reviewed,auto-reviewed v5 (Fable 2026-10-02)
Metastatic Urothelial Carcinoma,암,auto-reviewed,auto-reviewed v5 (Fable 2026-10-02)
Renal Cell Cancer,암,auto-reviewed,auto-reviewed v5 (Fable 2026-10-02)
B-cell Acute Lymphoblastic Leukemia,암,auto-reviewed,auto-reviewed v5 (Fable 2026-10-02)
Diffuse Large B Cell Lymphoma,암,auto-reviewed,auto-reviewed v5 (Fable 2026-10-02)
Brain and Central Nervous System Tumors,암,auto-reviewed,auto-reviewed v5 (Fable 2026-10-02)
Clear Cell Renal Cell Carcinoma (ccRCC),암,auto-reviewed,auto-reviewed v5 (Fable 2026-10-02)
Non-Clear Cell Renal Cell Carcinoma (nccRCC),암,auto-reviewed,auto-reviewed v5 (Fable 2026-10-02)
Diffuse Cutaneous Systemic Sclerosis,면역·염증,auto-reviewed,auto-reviewed v5 (Fable 2026-10-02)
Liver Cancer,암,auto-reviewed,auto-reviewed v5 (Fable 2026-10-02)
Melanoma (Skin),암,auto-reviewed,auto-reviewed v5 (Fable 2026-10-02)
Cutaneous Squamous Cell Carcinoma,암,auto-reviewed,auto-reviewed v5 (Fable 2026-10-02)
Metastatic Prostate Cancer,암,auto-reviewed,auto-reviewed v5 (Fable 2026-10-02)
Lymphoblastic Leukemia,암,auto-reviewed,auto-reviewed v5 (Fable 2026-10-02)
Lipid Metabolism Disorders,비만·대사,auto-reviewed,auto-reviewed v5 (Fable 2026-10-02)
Cerebral Small Vessel Diseases,신경·정신,auto-reviewed,auto-reviewed v5 (Fable 2026-10-02)
Cardiovascular Diseases,무시,auto-reviewed,auto-reviewed v5 (Fable 2026-10-02)
Cerebrovascular Disorders,신경·정신,auto-reviewed,auto-reviewed v5 (Fable 2026-10-02)
Vascular Diseases,무시,auto-reviewed,auto-reviewed v5 (Fable 2026-10-02)
Myeloma,암,auto-reviewed,auto-reviewed v5 (Fable 2026-10-02)
"AML, Adult",암,auto-reviewed,auto-reviewed v5 (Fable 2026-10-02)
Hyperthyroidism,비만·대사,auto-reviewed,auto-reviewed v5 (Fable 2026-10-02)
Progressive Multiple Sclerosis,신경·정신,auto-reviewed,auto-reviewed v5 (Fable 2026-10-02)
Duchenne Muscular Dystrophy (DMD),희귀 유전,auto-reviewed,auto-reviewed v5 (Fable 2026-10-02)
Advanced Soft Tissue Sarcoma,암,auto-reviewed,auto-reviewed v5 (Fable 2026-10-02)
Non-Small Cell Lung Cancer (NSCLC),암,auto-reviewed,auto-reviewed v5 (Fable 2026-10-02)
Clear-cell metastatic renal cell carcinoma,암,auto-reviewed,auto-reviewed v5 (Fable 2026-10-02)
Scleroderma,면역·염증,auto-reviewed,auto-reviewed v5 (Fable 2026-10-02)
Endocrine System Diseases,무시,auto-reviewed,auto-reviewed v5 (Fable 2026-10-02)
Metastatic Uveal Melanoma,암,auto-reviewed,auto-reviewed v5 (Fable 2026-10-02)
Triple Negative Breast Cancer (TNBC),암,auto-reviewed,auto-reviewed v5 (Fable 2026-10-02)
Metastatic Solid Tumors,암,auto-reviewed,auto-reviewed v5 (Fable 2026-10-02)
Locally Advanced or Metastatic Solid Tumors,암,auto-reviewed,auto-reviewed v5 (Fable 2026-10-02)
Locally Advanced Solid Tumor,암,auto-reviewed,auto-reviewed v5 (Fable 2026-10-02)
Advanced or Metastatic Solid Tumors,암,auto-reviewed,auto-reviewed v5 (Fable 2026-10-02)
Platinum-Resistant Ovarian Carcinoma,암,auto-reviewed,auto-reviewed v5 (Fable 2026-10-02)
Malignant Solid Neoplasm,암,auto-reviewed,auto-reviewed v5 (Fable 2026-10-02)
Pathologic Stage IIIC Cutaneous Melanoma AJCC v8,암,auto-reviewed,auto-reviewed v5 (Fable 2026-10-02)
Macular Edema Secondary to Inflammation,안과,auto-reviewed,auto-reviewed v5 (Fable 2026-10-02)
B Cell Lymphoma,암,auto-reviewed,auto-reviewed v5 (Fable 2026-10-02)
Dementia With Lewy Bodies,신경·정신,auto-reviewed,auto-reviewed v5 (Fable 2026-10-02)
Nonalcoholic Steatohepatitis,비만·대사,auto-reviewed,auto-reviewed v5 (Fable 2026-10-02)
Small Cell Lung Cancer,암,auto-reviewed,auto-reviewed v5 (Fable 2026-10-02)
Metastatic Breast Cancer,암,auto-reviewed,auto-reviewed v5 (Fable 2026-10-02)
Chronic Myeloid Leukemia,암,auto-reviewed,auto-reviewed v5 (Fable 2026-10-02)
"Leukemia, Lymphoid",암,auto-reviewed,auto-reviewed v5 (Fable 2026-10-02)
Brain Diseases,무시,auto-reviewed,auto-reviewed v5 (Fable 2026-10-02)
Neurocognitive Disorders,신경·정신,auto-reviewed,auto-reviewed v5 (Fable 2026-10-02)
Mental Disorders,무시,auto-reviewed,auto-reviewed v5 (Fable 2026-10-02)
Ulcerative Colitis,소화기,auto-reviewed,auto-reviewed v5 (Fable 2026-10-02)
Non-Hodgkin's Lymphoma (NHL),암,auto-reviewed,auto-reviewed v5 (Fable 2026-10-02)
Hodgkin Lymphoma,암,auto-reviewed,auto-reviewed v5 (Fable 2026-10-02)
Paroxysmal Nocturnal Hemoglobinuria (PNH),혈액,auto-reviewed,auto-reviewed v5 (Fable 2026-10-02)
Constipation,소화기,auto-reviewed,auto-reviewed v5 (Fable 2026-10-02)
Lupus Nephritis - WHO Class III,면역·염증,auto-reviewed,auto-reviewed v5 (Fable 2026-10-02)
Lupus Nephritis - WHO Class IV,면역·염증,auto-reviewed,auto-reviewed v5 (Fable 2026-10-02)
Myeloid Malignancies,암,auto-reviewed,auto-reviewed v5 (Fable 2026-10-02)
Angiosarcoma,암,auto-reviewed,auto-reviewed v5 (Fable 2026-10-02)
Demyelinating Diseases,신경·정신,auto-reviewed,auto-reviewed v5 (Fable 2026-10-02)
Idiopathic Inflammatory Myositis (IIM),면역·염증,auto-reviewed,auto-reviewed v5 (Fable 2026-10-02)
Anti-Neutrophil Cytoplasmic Antibody-Associated Vasculitis,면역·염증,auto-reviewed,auto-reviewed v5 (Fable 2026-10-02)
Systemic Lupus Erythematosus (SLE),면역·염증,auto-reviewed,auto-reviewed v5 (Fable 2026-10-02)
Agitation and Aggression in Alzheimer's Disease,신경·정신,auto-reviewed,auto-reviewed v5 (Fable 2026-10-02)
Refractory Diffuse Large B-Cell Lymphoma,암,auto-reviewed,auto-reviewed v5 (Fable 2026-10-02)
Chromophobe Renal Cell Carcinoma,암,auto-reviewed,auto-reviewed v5 (Fable 2026-10-02)
Papillary Renal Cell Carcinoma,암,auto-reviewed,auto-reviewed v5 (Fable 2026-10-02)
Unclassified Renal Cell Carcinoma,암,auto-reviewed,auto-reviewed v5 (Fable 2026-10-02)
Acute Myeloid Leukemia (AML),암,auto-reviewed,auto-reviewed v5 (Fable 2026-10-02)
AML With Mutated NPM1,암,auto-reviewed,auto-reviewed v5 (Fable 2026-10-02)
Metastatic Soft-tissue Sarcoma,암,auto-reviewed,auto-reviewed v5 (Fable 2026-10-02)
Metastatic Pancreatic Cancer,암,auto-reviewed,auto-reviewed v5 (Fable 2026-10-02)
"Leukemia, Myeloid, Chronic-Phase",암,auto-reviewed,auto-reviewed v5 (Fable 2026-10-02)
"Obesity, Overweight, or Chronic Weight Management",비만·대사,auto-reviewed,auto-reviewed v5 (Fable 2026-10-02)
Neoplasm Malignant,암,auto-reviewed,auto-reviewed v5 (Fable 2026-10-02)
Hormone Receptor Positive Breast Carcinoma,암,auto-reviewed,auto-reviewed v5 (Fable 2026-10-02)
Memory Disorders,신경·정신,auto-reviewed,auto-reviewed v5 (Fable 2026-10-02)
Locally Advanced Hepatocellular Carcinoma,암,auto-reviewed,auto-reviewed v5 (Fable 2026-10-02)
"Leukemia, Lymphocytic, Chronic",암,auto-reviewed,auto-reviewed v5 (Fable 2026-10-02)
B-cell Non Hodgkin Lymphoma,암,auto-reviewed,auto-reviewed v5 (Fable 2026-10-02)
Cervical Dysplasia,암,auto-reviewed,auto-reviewed v5 (Fable 2026-10-02)
Advanced Non-Small Cell Lung Cancer,암,auto-reviewed,auto-reviewed v5 (Fable 2026-10-02)
Metastatic Non-Small Cell Lung Cancer,암,auto-reviewed,auto-reviewed v5 (Fable 2026-10-02)
Esophageal Adenocarcinoma,암,auto-reviewed,auto-reviewed v5 (Fable 2026-10-02)
Differentiated Thyroid Cancer,암,auto-reviewed,auto-reviewed v5 (Fable 2026-10-02)
Translocation Renal Cell Carcinoma,암,auto-reviewed,auto-reviewed v5 (Fable 2026-10-02)
Eye Disorders Congenital,안과,auto-reviewed,auto-reviewed v5 (Fable 2026-10-02)
Retinal Disease,안과,auto-reviewed,auto-reviewed v5 (Fable 2026-10-02)
Germ Cell Tumor,암,auto-reviewed,auto-reviewed v5 (Fable 2026-10-02)
Brain Metastases,암,auto-reviewed,auto-reviewed v5 (Fable 2026-10-02)
Pemphigus,피부,auto-reviewed,auto-reviewed v5 (Fable 2026-10-02)
Pemphigus Vulgaris,피부,auto-reviewed,auto-reviewed v5 (Fable 2026-10-02)
Rheumatoid Arthritis,면역·염증,auto-reviewed,auto-reviewed v5 (Fable 2026-10-02)
Bile Duct Neoplasms,암,auto-reviewed,auto-reviewed v5 (Fable 2026-10-02)
"Lymphoma, Large-Cell, Immunoblastic",암,auto-reviewed,auto-reviewed v5 (Fable 2026-10-02)
Pediatric Lupus Nephritis,면역·염증,auto-reviewed,auto-reviewed v5 (Fable 2026-10-02)
Adolescent Lupus Nephritis,면역·염증,auto-reviewed,auto-reviewed v5 (Fable 2026-10-02)
Covid19,감염,auto-reviewed,auto-reviewed v5 (Fable 2026-10-02)
Chronic Hepatitis B Infection,감염,auto-reviewed,auto-reviewed v5 (Fable 2026-10-02)
Type2 Diabetes Mellitus,비만·대사,auto-reviewed,auto-reviewed v5 (Fable 2026-10-02)
Non Small Cell Lung Cancer (NSCLC),암,auto-reviewed,auto-reviewed v5 (Fable 2026-10-02)
Castration-resistant Prostate Cancer,암,auto-reviewed,auto-reviewed v5 (Fable 2026-10-02)
"Thyroid Carcinoma, Anaplastic",암,auto-reviewed,auto-reviewed v5 (Fable 2026-10-02)
Angioimmunoblastic T-cell Lymphoma,암,auto-reviewed,auto-reviewed v5 (Fable 2026-10-02)
"Peripheral T-Cell Lymphoma, Not Otherwise Specified",암,auto-reviewed,auto-reviewed v5 (Fable 2026-10-02)
Lupus,면역·염증,auto-reviewed,auto-reviewed v5 (Fable 2026-10-02)
Kidney Cancer,암,auto-reviewed,auto-reviewed v5 (Fable 2026-10-02)
Poorly Differentiated Thyroid Gland Carcinoma,암,auto-reviewed,auto-reviewed v5 (Fable 2026-10-02)
Dementia of Alzheimer Type,신경·정신,auto-reviewed,auto-reviewed v5 (Fable 2026-10-02)
Nasal Obstruction,무시,auto-reviewed,auto-reviewed v5 (Fable 2026-10-02)
Seasonal Influenza,감염,auto-reviewed,auto-reviewed v5 (Fable 2026-10-02)
Sore Throat,감염,auto-reviewed,auto-reviewed v5 (Fable 2026-10-02)
Pharyngitis,감염,auto-reviewed,auto-reviewed v5 (Fable 2026-10-02)
Headache,통증,auto-reviewed,auto-reviewed v5 (Fable 2026-10-02)
Cough,호흡기,auto-reviewed,auto-reviewed v5 (Fable 2026-10-02)
NASH - Nonalcoholic Steatohepatitis,비만·대사,auto-reviewed,auto-reviewed v5 (Fable 2026-10-02)
Recurrent Genital Herpes Simplex Type 2,감염,auto-reviewed,auto-reviewed v5 (Fable 2026-10-02)
Medullary Thyroid Cancer,암,auto-reviewed,auto-reviewed v5 (Fable 2026-10-02)
HPV-Related Carcinoma,암,auto-reviewed,auto-reviewed v5 (Fable 2026-10-02)
HPV Positive Oropharyngeal Squamous Cell Carcinoma,암,auto-reviewed,auto-reviewed v5 (Fable 2026-10-02)
HPV-Related Vulvar Squamous Cell Carcinoma,암,auto-reviewed,auto-reviewed v5 (Fable 2026-10-02)
Vaginal Cancer,암,auto-reviewed,auto-reviewed v5 (Fable 2026-10-02)
HPV-Related Anal Squamous Cell Carcinoma,암,auto-reviewed,auto-reviewed v5 (Fable 2026-10-02)
HPV-Related Endocervical Adenocarcinoma,암,auto-reviewed,auto-reviewed v5 (Fable 2026-10-02)
HPV-Related Malignancy,암,auto-reviewed,auto-reviewed v5 (Fable 2026-10-02)
HPV-Related Squamous Cell Carcinoma,암,auto-reviewed,auto-reviewed v5 (Fable 2026-10-02)
Vaginal Neoplasms,암,auto-reviewed,auto-reviewed v5 (Fable 2026-10-02)
Penile Neoplasms,암,auto-reviewed,auto-reviewed v5 (Fable 2026-10-02)
Oropharynx Cancer,암,auto-reviewed,auto-reviewed v5 (Fable 2026-10-02)
Penile Cancer,암,auto-reviewed,auto-reviewed v5 (Fable 2026-10-02)
HPV-Related Penile Squamous Cell Carcinoma,암,auto-reviewed,auto-reviewed v5 (Fable 2026-10-02)
HPV-Related Adenosquamous Carcinoma,암,auto-reviewed,auto-reviewed v5 (Fable 2026-10-02)
HPV-Related Adenocarcinoma,암,auto-reviewed,auto-reviewed v5 (Fable 2026-10-02)
Anal Cancer,암,auto-reviewed,auto-reviewed v5 (Fable 2026-10-02)
Vulvar Neoplasms,암,auto-reviewed,auto-reviewed v5 (Fable 2026-10-02)
Hereditary Angioedema (HAE),희귀 유전,auto-reviewed,auto-reviewed v5 (Fable 2026-10-02)
Glioblastoma Multiforme,암,auto-reviewed,auto-reviewed v5 (Fable 2026-10-02)
Relapsed Acute Myeloid Leukemia,암,auto-reviewed,auto-reviewed v5 (Fable 2026-10-02)
"Acute Myeloid Leukemia, in Relapse",암,auto-reviewed,auto-reviewed v5 (Fable 2026-10-02)
HER2-positive Metastatic Breast Cancer,암,auto-reviewed,auto-reviewed v5 (Fable 2026-10-02)
Metastatic Cervical Cancer,암,auto-reviewed,auto-reviewed v5 (Fable 2026-10-02)
Hormone Receptor-positive Breast Cancer,암,auto-reviewed,auto-reviewed v5 (Fable 2026-10-02)
NSCLC Stage IV,암,auto-reviewed,auto-reviewed v5 (Fable 2026-10-02)
Advanced NSCLC,암,auto-reviewed,auto-reviewed v5 (Fable 2026-10-02)
Papillary Thyroid Cancer,암,auto-reviewed,auto-reviewed v5 (Fable 2026-10-02)
Pulmonary Arterial Hypertension (PAH),심혈관,auto-reviewed,auto-reviewed v5 (Fable 2026-10-02)
"Carcinoma, Adenosquamous",암,auto-reviewed,auto-reviewed v5 (Fable 2026-10-02)
Newly Diagnosed Glioblastoma,암,auto-reviewed,auto-reviewed v5 (Fable 2026-10-02)
Relapsed or Refractory B Cell Acute Lymphoblastic Leukemia,암,auto-reviewed,auto-reviewed v5 (Fable 2026-10-02)
ESRD,신장,auto-reviewed,auto-reviewed v5 (Fable 2026-10-02)
Chronic Kidney Disease Stage 5,신장,auto-reviewed,auto-reviewed v5 (Fable 2026-10-02)
Basal Cell Carcinoma (BCC),암,auto-reviewed,auto-reviewed v5 (Fable 2026-10-02)
Obesity and Cardiovascular Risk,비만·대사,auto-reviewed,auto-reviewed v5 (Fable 2026-10-02)
Non-hodgkin Lymphoma,암,auto-reviewed,auto-reviewed v5 (Fable 2026-10-02)
B Acute Lymphoblastic Leukemia,암,auto-reviewed,auto-reviewed v5 (Fable 2026-10-02)
Refractory Childhood Acute Lymphoblastic Leukemia,암,auto-reviewed,auto-reviewed v5 (Fable 2026-10-02)
Recurrent Childhood Acute Lymphoblastic Leukemia,암,auto-reviewed,auto-reviewed v5 (Fable 2026-10-02)
Primary Sjögren's Syndrome,면역·염증,auto-reviewed,auto-reviewed v5 (Fable 2026-10-02)
SARS-CoV2 Infection,감염,auto-reviewed,auto-reviewed v5 (Fable 2026-10-02)
Proteinuria,신장,auto-reviewed,auto-reviewed v5 (Fable 2026-10-02)
IgA Nephropathy,신장,auto-reviewed,auto-reviewed v5 (Fable 2026-10-02)
"Lymphoma, Small Lymphocytic",암,auto-reviewed,auto-reviewed v5 (Fable 2026-10-02)
Metastatic Triple-Negative Breast Carcinoma,암,auto-reviewed,auto-reviewed v5 (Fable 2026-10-02)
Anatomic Stage IV Breast Cancer AJCC v8,암,auto-reviewed,auto-reviewed v5 (Fable 2026-10-02)
Essential Thrombocythemia,암,auto-reviewed,auto-reviewed v5 (Fable 2026-10-02)
Transformed Indolent Non-Hodgkin's Lymphoma,암,auto-reviewed,auto-reviewed v5 (Fable 2026-10-02)
Triple-negative Breast Cancer,암,auto-reviewed,auto-reviewed v5 (Fable 2026-10-02)
Head and Neck Cancer Squamous Cell Carcinoma,암,auto-reviewed,auto-reviewed v5 (Fable 2026-10-02)
Fallopian Tube Cancer,암,auto-reviewed,auto-reviewed v5 (Fable 2026-10-02)
Drug-Drug Interaction (DDI),건강인·약동학,auto-reviewed,auto-reviewed v5 (Fable 2026-10-02)
Non-small Cell Lung Cancer (NSCLC),암,auto-reviewed,auto-reviewed v5 (Fable 2026-10-02)
Metastatic Castration-Resistant Prostate Cancer (mCRPC),암,auto-reviewed,auto-reviewed v5 (Fable 2026-10-02)
Urothelial Carcinoma (UC),암,auto-reviewed,auto-reviewed v5 (Fable 2026-10-02)
Post Bariatric Hypoglycemia,비만·대사,auto-reviewed,auto-reviewed v5 (Fable 2026-10-02)
Anal Neoplasm,암,auto-reviewed,auto-reviewed v5 (Fable 2026-10-02)
SARS-CoV 2,감염,auto-reviewed,auto-reviewed v5 (Fable 2026-10-02)
HEPATITIS B CHRONIC,감염,auto-reviewed,auto-reviewed v5 (Fable 2026-10-02)
Genital Herpes,감염,auto-reviewed,auto-reviewed v5 (Fable 2026-10-02)
Obese,비만·대사,auto-reviewed,auto-reviewed v5 (Fable 2026-10-02)
Weight Loss,비만·대사,auto-reviewed,auto-reviewed v5 (Fable 2026-10-02)
Obesity Type 2 Diabetes Mellitus,비만·대사,auto-reviewed,auto-reviewed v5 (Fable 2026-10-02)
Squamous Cell Carcinoma of the Lung,암,auto-reviewed,auto-reviewed v5 (Fable 2026-10-02)
Squamous Cell Carcinoma of Anal Canal,암,auto-reviewed,auto-reviewed v5 (Fable 2026-10-02)
Severe Acute Respiratory Syndrome Coronavirus 2 (SARS CoV 2 Infection),감염,auto-reviewed,auto-reviewed v5 (Fable 2026-10-02)
Aerodigestive Precancerous Lesions and Malignancies,암,auto-reviewed,auto-reviewed v5 (Fable 2026-10-02)
Advanced Leiomyosarcoma,암,auto-reviewed,auto-reviewed v5 (Fable 2026-10-02)
Advanced Liposarcoma,암,auto-reviewed,auto-reviewed v5 (Fable 2026-10-02)
Adipocytic Sarcoma,암,auto-reviewed,auto-reviewed v5 (Fable 2026-10-02)
Prostate Adenocarcinoma,암,auto-reviewed,auto-reviewed v5 (Fable 2026-10-02)
Chronic Myelogenous Leukemia,암,auto-reviewed,auto-reviewed v5 (Fable 2026-10-02)
Recurrent Childhood Acute Myeloid Leukemia,암,auto-reviewed,auto-reviewed v5 (Fable 2026-10-02)
Refractory Juvenile Myelomonocytic Leukemia,암,auto-reviewed,auto-reviewed v5 (Fable 2026-10-02)
Refractory Childhood Myelodysplastic Syndrome,암,auto-reviewed,auto-reviewed v5 (Fable 2026-10-02)
Refractory Childhood Acute Myeloid Leukemia,암,auto-reviewed,auto-reviewed v5 (Fable 2026-10-02)
Recurrent Childhood Myelodysplastic Syndrome,암,auto-reviewed,auto-reviewed v5 (Fable 2026-10-02)
Recurrent Juvenile Myelomonocytic Leukemia,암,auto-reviewed,auto-reviewed v5 (Fable 2026-10-02)
COVID 19,감염,auto-reviewed,auto-reviewed v5 (Fable 2026-10-02)
Liver Metastases,암,auto-reviewed,auto-reviewed v5 (Fable 2026-10-02)
Colorectal Cancer Metastatic,암,auto-reviewed,auto-reviewed v5 (Fable 2026-10-02)
Acute Posthemorrhagic Anemia,혈액,auto-reviewed,auto-reviewed v5 (Fable 2026-10-02)
Middle East Respiratory Syndrome Coronavirus (MERS-CoV),감염,auto-reviewed,auto-reviewed v5 (Fable 2026-10-02)
"Postoperative Pain, Acute",통증,auto-reviewed,auto-reviewed v5 (Fable 2026-10-02)
Multiple Sclerosis (Relapsing Remitting),신경·정신,auto-reviewed,auto-reviewed v5 (Fable 2026-10-02)
Relapsing Multiple Sclerosis (RMS),신경·정신,auto-reviewed,auto-reviewed v5 (Fable 2026-10-02)
Progressive Multiple Sclerosis (PMS),신경·정신,auto-reviewed,auto-reviewed v5 (Fable 2026-10-02)
Multiple Sclerosis (MS) - Relapsing-remitting,신경·정신,auto-reviewed,auto-reviewed v5 (Fable 2026-10-02)
Multiple Sclerosis - Relapsing Remitting,신경·정신,auto-reviewed,auto-reviewed v5 (Fable 2026-10-02)
NPM1-mutant Refractory or Relapsed AML,암,auto-reviewed,auto-reviewed v5 (Fable 2026-10-02)
Atopic Dermatitis Eczema,피부,auto-reviewed,auto-reviewed v5 (Fable 2026-10-02)
Hypertrophic Cardiomyopathy,심혈관,auto-reviewed,auto-reviewed v5 (Fable 2026-10-02)
Insomnia Chronic,신경·정신,auto-reviewed,auto-reviewed v5 (Fable 2026-10-02)
Myelodysplastic (MDS) / Myeloproliferative (MPN) Diseases,암,auto-reviewed,auto-reviewed v5 (Fable 2026-10-02)
Undifferentiated Pleomorphic Sarcoma (UPS),암,auto-reviewed,auto-reviewed v5 (Fable 2026-10-02)
Dedifferentiated Liposarcoma (DDLPS),암,auto-reviewed,auto-reviewed v5 (Fable 2026-10-02)
Soft Tissue Sarcoma (STS),암,auto-reviewed,auto-reviewed v5 (Fable 2026-10-02)
Metastases to Bone,암,auto-reviewed,auto-reviewed v5 (Fable 2026-10-02)
Clear Cell Renal Cell Carcinoma Metastatic,암,auto-reviewed,auto-reviewed v5 (Fable 2026-10-02)
"Bone, Metastatic Cancer",암,auto-reviewed,auto-reviewed v5 (Fable 2026-10-02)
Clear Cell Renal Cancer,암,auto-reviewed,auto-reviewed v5 (Fable 2026-10-02)
Clear Cell Renal Cell Cancer (ccRCC),암,auto-reviewed,auto-reviewed v5 (Fable 2026-10-02)
Bone Metastases of a Malignant Tumor,암,auto-reviewed,auto-reviewed v5 (Fable 2026-10-02)
Clear Cell Renal Carcinoma,암,auto-reviewed,auto-reviewed v5 (Fable 2026-10-02)
Idiopathic Inflammatory Myopathies (IIMs),면역·염증,auto-reviewed,auto-reviewed v5 (Fable 2026-10-02)
Refractory Rheumatoid Arthritis (RA),면역·염증,auto-reviewed,auto-reviewed v5 (Fable 2026-10-02)
Rheumatoid Arthritis (RA,면역·염증,auto-reviewed,auto-reviewed v5 (Fable 2026-10-02)
Sjogrens Disease,면역·염증,auto-reviewed,auto-reviewed v5 (Fable 2026-10-02)
Sjogren Syndrome,면역·염증,auto-reviewed,auto-reviewed v5 (Fable 2026-10-02)
Gastroesophageal Cancer (GC),암,auto-reviewed,auto-reviewed v5 (Fable 2026-10-02)
Melanoma Stage III,암,auto-reviewed,auto-reviewed v5 (Fable 2026-10-02)
Cutaneous Melanoma,암,auto-reviewed,auto-reviewed v5 (Fable 2026-10-02)
Melanoma Stage IV,암,auto-reviewed,auto-reviewed v5 (Fable 2026-10-02)
Recurrent Squamous Cell Carcinoma,암,auto-reviewed,auto-reviewed v5 (Fable 2026-10-02)
"Neoplasm Recurrence, Local",암,auto-reviewed,auto-reviewed v5 (Fable 2026-10-02)
Metastatic Squamous Cell Carcinoma,암,auto-reviewed,auto-reviewed v5 (Fable 2026-10-02)
Alcohol Use Disorder (AUD),신경·정신,auto-reviewed,auto-reviewed v5 (Fable 2026-10-02)
Polycythemia Vera (PV),암,auto-reviewed,auto-reviewed v5 (Fable 2026-10-02)
"Melanoma, Uveal",암,auto-reviewed,auto-reviewed v5 (Fable 2026-10-02)
Brittle Type 1 Diabetes Mellitus,비만·대사,auto-reviewed,auto-reviewed v5 (Fable 2026-10-02)
Hyperglycemia,비만·대사,auto-reviewed,auto-reviewed v5 (Fable 2026-10-02)
Relapsed/Refractory NPM1-m Acute Leukemia,암,auto-reviewed,auto-reviewed v5 (Fable 2026-10-02)
Relapsed/Refractory KMT2A-r Acute Leukemia,암,auto-reviewed,auto-reviewed v5 (Fable 2026-10-02)
Relapsed/Refractory NUP98-r Acute Leukemia,암,auto-reviewed,auto-reviewed v5 (Fable 2026-10-02)
Renal Failure,신장,auto-reviewed,auto-reviewed v5 (Fable 2026-10-02)
ColoRectal Cancer,암,auto-reviewed,auto-reviewed v5 (Fable 2026-10-02)
HepatoCellular Carcinoma,암,auto-reviewed,auto-reviewed v5 (Fable 2026-10-02)
SM With an Associated Hematologic Neoplasm (SM-AHN),암,auto-reviewed,auto-reviewed v5 (Fable 2026-10-02)
Mast Cell Leukemia (MCL),암,auto-reviewed,auto-reviewed v5 (Fable 2026-10-02)
Aggressive Systemic Mastocytosis (ASM),암,auto-reviewed,auto-reviewed v5 (Fable 2026-10-02)
Unresectable Solid Tumor,암,auto-reviewed,auto-reviewed v5 (Fable 2026-10-02)
Hormone-receptor-positive Breast Cancer,암,auto-reviewed,auto-reviewed v5 (Fable 2026-10-02)
Esophageal Squamous Cell Cancer,암,auto-reviewed,auto-reviewed v5 (Fable 2026-10-02)
NSCLC (Non-small Cell Lung Cancer),암,auto-reviewed,auto-reviewed v5 (Fable 2026-10-02)
Urothelial Cancer of Renal Pelvis,암,auto-reviewed,auto-reviewed v5 (Fable 2026-10-02)
"Urothelial Cancer (Urinary Bladder, Ureters, or Renal Pelvis Cancer)",암,auto-reviewed,auto-reviewed v5 (Fable 2026-10-02)
Solid Cancers,암,auto-reviewed,auto-reviewed v5 (Fable 2026-10-02)
Solid Tumor Malignancy,암,auto-reviewed,auto-reviewed v5 (Fable 2026-10-02)
Solid Tumor Cancer,암,auto-reviewed,auto-reviewed v5 (Fable 2026-10-02)
Rhabdoid Tumor,암,auto-reviewed,auto-reviewed v5 (Fable 2026-10-02)
Eosinophilic Asthma,호흡기,auto-reviewed,auto-reviewed v5 (Fable 2026-10-02)
Non-Alcoholic Steatohepatitis (NASH),비만·대사,auto-reviewed,auto-reviewed v5 (Fable 2026-10-02)
Recurrent Ovarian Carcinosarcoma,암,auto-reviewed,auto-reviewed v5 (Fable 2026-10-02)
Metastatic Colorectal Adenocarcinoma,암,auto-reviewed,auto-reviewed v5 (Fable 2026-10-02)
Stage IVC Colorectal Cancer AJCC v8,암,auto-reviewed,auto-reviewed v5 (Fable 2026-10-02)
Stage IVA Colorectal Cancer AJCC v8,암,auto-reviewed,auto-reviewed v5 (Fable 2026-10-02)
Stage IVB Colorectal Cancer AJCC v8,암,auto-reviewed,auto-reviewed v5 (Fable 2026-10-02)
Metastatic Ovarian Carcinoma,암,auto-reviewed,auto-reviewed v5 (Fable 2026-10-02)
Recurrent High Grade Ovarian Serous Adenocarcinoma,암,auto-reviewed,auto-reviewed v5 (Fable 2026-10-02)
Refractory Colorectal Carcinoma,암,auto-reviewed,auto-reviewed v5 (Fable 2026-10-02)
Stage IV Colorectal Cancer AJCC v8,암,auto-reviewed,auto-reviewed v5 (Fable 2026-10-02)
Facioscapulohumeral Muscular Dystrophy,희귀 유전,auto-reviewed,auto-reviewed v5 (Fable 2026-10-02)
Juvenile Idiopathic Inflammatory Myopathy (JIIM),면역·염증,auto-reviewed,auto-reviewed v5 (Fable 2026-10-02)
Juvenile Dermatomyositis,면역·염증,auto-reviewed,auto-reviewed v5 (Fable 2026-10-02)
Juvenile Polymyositis,면역·염증,auto-reviewed,auto-reviewed v5 (Fable 2026-10-02)
Immune-Mediated Necrotizing Myopathy,면역·염증,auto-reviewed,auto-reviewed v5 (Fable 2026-10-02)
Juvenile Myositis,면역·염증,auto-reviewed,auto-reviewed v5 (Fable 2026-10-02)
Idiopathic Inflammatory Myopathy,면역·염증,auto-reviewed,auto-reviewed v5 (Fable 2026-10-02)
Systemic Sclerosis,면역·염증,auto-reviewed,auto-reviewed v5 (Fable 2026-10-02)
Interstitial Lung Diseases,호흡기,auto-reviewed,auto-reviewed v5 (Fable 2026-10-02)
B-Cell Lymphomas,암,auto-reviewed,auto-reviewed v5 (Fable 2026-10-02)
Locally Advanced Melanoma,암,auto-reviewed,auto-reviewed v5 (Fable 2026-10-02)
Pathologic Stage IIIB Cutaneous Melanoma AJCC v8,암,auto-reviewed,auto-reviewed v5 (Fable 2026-10-02)
Stage IV Melanoma,암,auto-reviewed,auto-reviewed v5 (Fable 2026-10-02)
Pathologic Stage IIID Cutaneous Melanoma AJCC v8,암,auto-reviewed,auto-reviewed v5 (Fable 2026-10-02)
Ampullary Cancer,암,auto-reviewed,auto-reviewed v5 (Fable 2026-10-02)
Biliary Tract Cancer,암,auto-reviewed,auto-reviewed v5 (Fable 2026-10-02)
Gall Bladder Cancer,암,auto-reviewed,auto-reviewed v5 (Fable 2026-10-02)
Gallbladder Neoplasms,암,auto-reviewed,auto-reviewed v5 (Fable 2026-10-02)
B Cell Non-Hodgkin's Lymphoma,암,auto-reviewed,auto-reviewed v5 (Fable 2026-10-02)
Relapsed Non Hodgkin Lymphoma,암,auto-reviewed,auto-reviewed v5 (Fable 2026-10-02)
Parkinson Disease Dementia,신경·정신,auto-reviewed,auto-reviewed v5 (Fable 2026-10-02)
"Deafness, Autosomal Recessive 39",희귀 유전,auto-reviewed,auto-reviewed v5 (Fable 2026-10-02)
Metabolic Dysfunction-Associated Steatohepatitis,비만·대사,auto-reviewed,auto-reviewed v5 (Fable 2026-10-02)
NASH,비만·대사,auto-reviewed,auto-reviewed v5 (Fable 2026-10-02)
MASH,비만·대사,auto-reviewed,auto-reviewed v5 (Fable 2026-10-02)
Type 1 Diabetes Mellitus,비만·대사,auto-reviewed,auto-reviewed v5 (Fable 2026-10-02)
Mesothelioma,암,auto-reviewed,auto-reviewed v5 (Fable 2026-10-02)
Hepatitis Delta Virus,감염,auto-reviewed,auto-reviewed v5 (Fable 2026-10-02)
T Cell Lymphoma,암,auto-reviewed,auto-reviewed v5 (Fable 2026-10-02)
Hidradenitis Suppurativa (HS),피부,auto-reviewed,auto-reviewed v5 (Fable 2026-10-02)
"Brain Diseases, Metabolic",신경·정신,auto-reviewed,auto-reviewed v5 (Fable 2026-10-02)
Malignant Pleural Mesothelioma (MPM),암,auto-reviewed,auto-reviewed v5 (Fable 2026-10-02)
"Leukemia, Lymphoblastic, Acute, Philadelphia-Positive",암,auto-reviewed,auto-reviewed v5 (Fable 2026-10-02)
"Leukemia, Lymphocytic",암,auto-reviewed,auto-reviewed v5 (Fable 2026-10-02)
Anhedonia,신경·정신,auto-reviewed,auto-reviewed v5 (Fable 2026-10-02)
Large B-cell Lymphoma,암,auto-reviewed,auto-reviewed v5 (Fable 2026-10-02)
Sensorineural Hearing Loss,청각·이비인후,auto-reviewed,auto-reviewed v5 (Fable 2026-10-02)
B Cell Lymphomas,암,auto-reviewed,auto-reviewed v5 (Fable 2026-10-02)
Lip Neoplasms,암,auto-reviewed,auto-reviewed v5 (Fable 2026-10-02)
Jaw Neoplasms,암,auto-reviewed,auto-reviewed v5 (Fable 2026-10-02)
HPV-Negative Squamous Cell Carcinoma,암,auto-reviewed,auto-reviewed v5 (Fable 2026-10-02)
Tongue Neoplasms,암,auto-reviewed,auto-reviewed v5 (Fable 2026-10-02)
Acute Lymphoblastic Leukemia (ALL),암,auto-reviewed,auto-reviewed v5 (Fable 2026-10-02)
Acute Myelogenous Leukemia (AML),암,auto-reviewed,auto-reviewed v5 (Fable 2026-10-02)
Long COVID,감염,auto-reviewed,auto-reviewed v5 (Fable 2026-10-02)
Post-Acute COVID-19 Syndrome,감염,auto-reviewed,auto-reviewed v5 (Fable 2026-10-02)
T-Cell Lymphoblastic Leukemia/Lymphoma,암,auto-reviewed,auto-reviewed v5 (Fable 2026-10-02)
Lymphoblastic Lymphoma,암,auto-reviewed,auto-reviewed v5 (Fable 2026-10-02)
Intrahepatic Cholangiocarcinoma (Icc),암,auto-reviewed,auto-reviewed v5 (Fable 2026-10-02)
"Other Solid Tumors, Adult",암,auto-reviewed,auto-reviewed v5 (Fable 2026-10-02)
Cutaneous T-Cell Lymphoma (CTCL),암,auto-reviewed,auto-reviewed v5 (Fable 2026-10-02)
Peripheral T-cell Lymphoma (PTCL),암,auto-reviewed,auto-reviewed v5 (Fable 2026-10-02)
T-cell Prolymphocytic Leukemia (T-PLL),암,auto-reviewed,auto-reviewed v5 (Fable 2026-10-02)
Non Hodgkin Lymphoma (NHL),암,auto-reviewed,auto-reviewed v5 (Fable 2026-10-02)
Large Granular Lymphocytic Leukemia (LGL-L),암,auto-reviewed,auto-reviewed v5 (Fable 2026-10-02)
Covid 19,감염,auto-reviewed,auto-reviewed v5 (Fable 2026-10-02)
Synovial Sarcoma,암,auto-reviewed,auto-reviewed v5 (Fable 2026-10-02)
Recurrent Adult Brain Tumor,암,auto-reviewed,auto-reviewed v5 (Fable 2026-10-02)
Recurrent Glioblastoma,암,auto-reviewed,auto-reviewed v5 (Fable 2026-10-02)
Carcinoid Tumor of GI System,암,auto-reviewed,auto-reviewed v5 (Fable 2026-10-02)
High-grade B-cell Lymphoma,암,auto-reviewed,auto-reviewed v5 (Fable 2026-10-02)
Synucleinopathies,신경·정신,auto-reviewed,auto-reviewed v5 (Fable 2026-10-02)
Primary Mediastinal B-cell Lymphoma,암,auto-reviewed,auto-reviewed v5 (Fable 2026-10-02)
Burkitt's Lymphoma,암,auto-reviewed,auto-reviewed v5 (Fable 2026-10-02)
"Lymphoma, Marginal Zone",암,auto-reviewed,auto-reviewed v5 (Fable 2026-10-02)
Relapsed/Refractory Diffuse Large B-Cell Lymphoma (DLBCL),암,auto-reviewed,auto-reviewed v5 (Fable 2026-10-02)
Diffuse Large B-cell Lymphoma,암,auto-reviewed,auto-reviewed v5 (Fable 2026-10-02)
"Glomerulonephritis, Membranoproliferative",신장,auto-reviewed,auto-reviewed v5 (Fable 2026-10-02)
"Glomerulonephritis, Membranous",신장,auto-reviewed,auto-reviewed v5 (Fable 2026-10-02)
Complement 3 Glomerulopathy,신장,auto-reviewed,auto-reviewed v5 (Fable 2026-10-02)
Membranous Nephropathy,신장,auto-reviewed,auto-reviewed v5 (Fable 2026-10-02)
Immunoglobulin A Nephropathy,신장,auto-reviewed,auto-reviewed v5 (Fable 2026-10-02)
COVID,감염,auto-reviewed,auto-reviewed v5 (Fable 2026-10-02)
Refractory Systemic Lupus Erythematosus,면역·염증,auto-reviewed,auto-reviewed v5 (Fable 2026-10-02)
Lymphomas,암,auto-reviewed,auto-reviewed v5 (Fable 2026-10-02)
Acute Lymphocytic Leukemia,암,auto-reviewed,auto-reviewed v5 (Fable 2026-10-02)
Primary Progressive Multiple Sclerosis,신경·정신,auto-reviewed,auto-reviewed v5 (Fable 2026-10-02)
Inflammation,무시,auto-reviewed,auto-reviewed v5 (Fable 2026-10-02)
Secondary Progressive Multiple Sclerosis,신경·정신,auto-reviewed,auto-reviewed v5 (Fable 2026-10-02)
Polymyositis,면역·염증,auto-reviewed,auto-reviewed v5 (Fable 2026-10-02)
ANCA-Associated Vasculitis (AAV),면역·염증,auto-reviewed,auto-reviewed v5 (Fable 2026-10-02)
Rheumatoid Arthritis (RA),면역·염증,auto-reviewed,auto-reviewed v5 (Fable 2026-10-02)
Advanced/Metastatic,암,auto-reviewed,auto-reviewed v5 (Fable 2026-10-02)
Soft-Tissue Sarcoma,암,auto-reviewed,auto-reviewed v5 (Fable 2026-10-02)
"Cutaneous T-cell Lymphoma (CTCL),",암,auto-reviewed,auto-reviewed v5 (Fable 2026-10-02)
Precursor B-Cell Lymphoblastic Leukemia-Lymphoma,암,auto-reviewed,auto-reviewed v5 (Fable 2026-10-02)
Precursor B-Cell Acute Lymphoblastic Leukemia,암,auto-reviewed,auto-reviewed v5 (Fable 2026-10-02)
Endometrial Carcinoma,암,auto-reviewed,auto-reviewed v5 (Fable 2026-10-02)
Unresectable or Metastatic Melanoma,암,auto-reviewed,auto-reviewed v5 (Fable 2026-10-02)
"Refractory Diffuse Large B-Cell Lymphoma, Not Otherwise Specified",암,auto-reviewed,auto-reviewed v5 (Fable 2026-10-02)
Refractory Primary Mediastinal (Thymic) Large B-Cell Lymphoma,암,auto-reviewed,auto-reviewed v5 (Fable 2026-10-02)
"Recurrent Diffuse Large B-Cell Lymphoma, Not Otherwise Specified",암,auto-reviewed,auto-reviewed v5 (Fable 2026-10-02)
Refractory Transformed Follicular Lymphoma to Diffuse Large B-Cell Lymphoma,암,auto-reviewed,auto-reviewed v5 (Fable 2026-10-02)
Recurrent Transformed Follicular Lymphoma to Diffuse Large B-Cell Lymphoma,암,auto-reviewed,auto-reviewed v5 (Fable 2026-10-02)
Recurrent Diffuse Large B-Cell Lymphoma,암,auto-reviewed,auto-reviewed v5 (Fable 2026-10-02)
Recurrent High Grade B-Cell Lymphoma With MYC and BCL2 or BCL6 Rearrangements,암,auto-reviewed,auto-reviewed v5 (Fable 2026-10-02)
Recurrent Primary Mediastinal (Thymic) Large B-Cell Lymphoma,암,auto-reviewed,auto-reviewed v5 (Fable 2026-10-02)
Refractory High Grade B-Cell Lymphoma With MYC and BCL2 or BCL6 Rearrangements,암,auto-reviewed,auto-reviewed v5 (Fable 2026-10-02)
"Gastrointestinal Neoplasms, Gastrointestinal Stromal Tumors",암,auto-reviewed,auto-reviewed v5 (Fable 2026-10-02)
Stage IV Renal Cell Cancer AJCC v8,암,auto-reviewed,auto-reviewed v5 (Fable 2026-10-02)
Renal Cell Carcinoma Associated With Xp11.2 Translocations/TFE3 Gene Fusions,암,auto-reviewed,auto-reviewed v5 (Fable 2026-10-02)
Malignant Neoplasms of Urinary Tract,암,auto-reviewed,auto-reviewed v5 (Fable 2026-10-02)
Sarcomatoid Renal Cell Carcinoma,암,auto-reviewed,auto-reviewed v5 (Fable 2026-10-02)
Urologic Neoplasms,암,auto-reviewed,auto-reviewed v5 (Fable 2026-10-02)
Macular Neovascularization Secondary to Age-Related Macular Degeneration,안과,auto-reviewed,auto-reviewed v5 (Fable 2026-10-02)
Warm Autoimmune Hemolytic Anemia,혈액,auto-reviewed,auto-reviewed v5 (Fable 2026-10-02)
AML,암,auto-reviewed,auto-reviewed v5 (Fable 2026-10-02)
Acute Leukemia,암,auto-reviewed,auto-reviewed v5 (Fable 2026-10-02)
NonHodgkin Lymphoma,암,auto-reviewed,auto-reviewed v5 (Fable 2026-10-02)
Thyroid Carcinoma,암,auto-reviewed,auto-reviewed v5 (Fable 2026-10-02)
Blasts 5 Percent or More of Bone Marrow Nucleated Cells,암,auto-reviewed,auto-reviewed v5 (Fable 2026-10-02)
Recurrent B Acute Lymphoblastic Leukemia,암,auto-reviewed,auto-reviewed v5 (Fable 2026-10-02)
Refractory B Acute Lymphoblastic Leukemia,암,auto-reviewed,auto-reviewed v5 (Fable 2026-10-02)
Advanced Pancreatic Ductal Adenocarcinoma,암,auto-reviewed,auto-reviewed v5 (Fable 2026-10-02)
Myotonic Dystrophy 1,희귀 유전,auto-reviewed,auto-reviewed v5 (Fable 2026-10-02)
ERBB2 Altered Breast Cancer,암,auto-reviewed,auto-reviewed v5 (Fable 2026-10-02)
"Advanced Solid Tumor, Adult",암,auto-reviewed,auto-reviewed v5 (Fable 2026-10-02)
Neovascular Age-Related Macular Degeneration (nAMD),안과,auto-reviewed,auto-reviewed v5 (Fable 2026-10-02)
RNA Virus Infections,감염,auto-reviewed,auto-reviewed v5 (Fable 2026-10-02)
Orthomyxoviridae Infections,감염,auto-reviewed,auto-reviewed v5 (Fable 2026-10-02)
Respiratory Tract Diseases,무시,auto-reviewed,auto-reviewed v5 (Fable 2026-10-02)
Prevention of Rejection in Kidney Transplant,신장,auto-reviewed,auto-reviewed v5 (Fable 2026-10-02)
Genital Diseases,무시,auto-reviewed,auto-reviewed v5 (Fable 2026-10-02)
"Carcinoma, Endometrioid",암,auto-reviewed,auto-reviewed v5 (Fable 2026-10-02)
HER2 Positive Solid Tumors,암,auto-reviewed,auto-reviewed v5 (Fable 2026-10-02)
HER2-positive Gastric Cancer,암,auto-reviewed,auto-reviewed v5 (Fable 2026-10-02)
Small-cell Lung Cancer,암,auto-reviewed,auto-reviewed v5 (Fable 2026-10-02)
CML (Chronic Myelogenous Leukemia),암,auto-reviewed,auto-reviewed v5 (Fable 2026-10-02)
Relapsed or Refractory Diffuse Large B-Cell Lymphoma (R/R DLBCL),암,auto-reviewed,auto-reviewed v5 (Fable 2026-10-02)
Non-MSI-H or pMMR Colorectal Cancer With Liver Metastasis,암,auto-reviewed,auto-reviewed v5 (Fable 2026-10-02)
Mixed Lineage Leukemia,암,auto-reviewed,auto-reviewed v5 (Fable 2026-10-02)
Acute Leukemia of Ambiguous Lineage,암,auto-reviewed,auto-reviewed v5 (Fable 2026-10-02)
Mixed Phenotype Acute Leukemia,암,auto-reviewed,auto-reviewed v5 (Fable 2026-10-02)
Mixed Lineage Acute Leukemia,암,auto-reviewed,auto-reviewed v5 (Fable 2026-10-02)
Mantle Cell Lymphoma (MCL),암,auto-reviewed,auto-reviewed v5 (Fable 2026-10-02)
Activated B-Cell Type Diffuse Large B-Cell Lymphoma (ABC-DLBCL),암,auto-reviewed,auto-reviewed v5 (Fable 2026-10-02)
Small Lymphocytic Lymphoma (SLL),암,auto-reviewed,auto-reviewed v5 (Fable 2026-10-02)
Relapsed Diffuse Large B-Cell Lymphoma,암,auto-reviewed,auto-reviewed v5 (Fable 2026-10-02)
Moderate Hepatic Impairment,건강인·약동학,auto-reviewed,auto-reviewed v5 (Fable 2026-10-02)
Pharyngeal Neoplasms,암,auto-reviewed,auto-reviewed v5 (Fable 2026-10-02)
Otorhinolaryngologic Diseases,무시,auto-reviewed,auto-reviewed v5 (Fable 2026-10-02)
Pharyngeal Diseases,무시,auto-reviewed,auto-reviewed v5 (Fable 2026-10-02)
Nasopharyngeal Neoplasms,암,auto-reviewed,auto-reviewed v5 (Fable 2026-10-02)
Epstein-Barr Virus-associated Nasopharyngeal Carcinoma (EBV+ NPC),암,auto-reviewed,auto-reviewed v5 (Fable 2026-10-02)
Nasopharyngeal Diseases,무시,auto-reviewed,auto-reviewed v5 (Fable 2026-10-02)
Otorhinolaryngologic Neoplasms,암,auto-reviewed,auto-reviewed v5 (Fable 2026-10-02)
Nose Neoplasms,암,auto-reviewed,auto-reviewed v5 (Fable 2026-10-02)
Multifocal Motor Neuropathy,신경·정신,auto-reviewed,auto-reviewed v5 (Fable 2026-10-02)
Primary Immunodeficiency Diseases,희귀 유전,auto-reviewed,auto-reviewed v5 (Fable 2026-10-02)
Epstein-Barr Virus-associated Lymphoproliferative Disease (EBV+ LPD) With Acquired Immunodeficiency (AID),암,auto-reviewed,auto-reviewed v5 (Fable 2026-10-02)
Nasopharyngeal Carcinoma (NPC),암,auto-reviewed,auto-reviewed v5 (Fable 2026-10-02)
Leiomyosarcoma (LMS),암,auto-reviewed,auto-reviewed v5 (Fable 2026-10-02)
"Lymphoma, AIDS-Related",암,auto-reviewed,auto-reviewed v5 (Fable 2026-10-02)
Epstein-Barr Virus (EBV) Infections,감염,auto-reviewed,auto-reviewed v5 (Fable 2026-10-02)
Lymphoproliferative Disorders,암,auto-reviewed,auto-reviewed v5 (Fable 2026-10-02)
EBV+ Associated Lymphoma,암,auto-reviewed,auto-reviewed v5 (Fable 2026-10-02)
Epstein-Barr Virus-associated Lymphoproliferative Disease (EBV+ LPD) With Primary Immunodeficiency (PID),암,auto-reviewed,auto-reviewed v5 (Fable 2026-10-02)
Leiomyosarcoma,암,auto-reviewed,auto-reviewed v5 (Fable 2026-10-02)
"Lymphoma, AIDS-related",암,auto-reviewed,auto-reviewed v5 (Fable 2026-10-02)
Relapsed B-Cell Non-Hodgkin Lymphoma,암,auto-reviewed,auto-reviewed v5 (Fable 2026-10-02)
B-Cell Non-Hodgkin Lymphoma,암,auto-reviewed,auto-reviewed v5 (Fable 2026-10-02)
Chronic Lymphoid Leukemia in Relapse,암,auto-reviewed,auto-reviewed v5 (Fable 2026-10-02)
"Non-Hodgkin's Lymphoma, Relapsed",암,auto-reviewed,auto-reviewed v5 (Fable 2026-10-02)
Non-Hodgkin's Lymphoma Refractory,암,auto-reviewed,auto-reviewed v5 (Fable 2026-10-02)
B-cell Chronic Lymphocytic Leukemia,암,auto-reviewed,auto-reviewed v5 (Fable 2026-10-02)
Herpes Simplex Type 2,감염,auto-reviewed,auto-reviewed v5 (Fable 2026-10-02)
Progressive Supranuclear Palsy,신경·정신,auto-reviewed,auto-reviewed v5 (Fable 2026-10-02)
Atypical Parkinsonism,신경·정신,auto-reviewed,auto-reviewed v5 (Fable 2026-10-02)
Sickle Cell Anemia,희귀 유전,auto-reviewed,auto-reviewed v5 (Fable 2026-10-02)
Clinical Stage IV Cutaneous Melanoma AJCC v8,암,auto-reviewed,auto-reviewed v5 (Fable 2026-10-02)
Metastatic Triple Negative Breast Cancer,암,auto-reviewed,auto-reviewed v5 (Fable 2026-10-02)
Metastasis to Pleura,암,auto-reviewed,auto-reviewed v5 (Fable 2026-10-02)
Malignant Pleural Effusion,암,auto-reviewed,auto-reviewed v5 (Fable 2026-10-02)
Malignant Mesothelioma,암,auto-reviewed,auto-reviewed v5 (Fable 2026-10-02)
"Thyroid cancer, follicular",암,auto-reviewed,auto-reviewed v5 (Fable 2026-10-02)
Oropharyngeal Carcinoma,암,auto-reviewed,auto-reviewed v5 (Fable 2026-10-02)
Non-seminomatous Germ Cell Tumor,암,auto-reviewed,auto-reviewed v5 (Fable 2026-10-02)
Ovarian Germ Cell Tumor,암,auto-reviewed,auto-reviewed v5 (Fable 2026-10-02)
Influenza A Subtype H5N1 Infection,감염,auto-reviewed,auto-reviewed v5 (Fable 2026-10-02)
High Grade Squamous Intraepithelial Neoplasia,암,auto-reviewed,auto-reviewed v5 (Fable 2026-10-02)
Human Papillomavirus-18 Positive,암,auto-reviewed,auto-reviewed v5 (Fable 2026-10-02)
HIV Positivity,감염,auto-reviewed,auto-reviewed v5 (Fable 2026-10-02)
Anal Intraepithelial Neoplasia,암,auto-reviewed,auto-reviewed v5 (Fable 2026-10-02)
Human Papillomavirus-16 Positive,암,auto-reviewed,auto-reviewed v5 (Fable 2026-10-02)
Hemoglobinopathy,희귀 유전,auto-reviewed,auto-reviewed v5 (Fable 2026-10-02)
Treatment-resistant Depression (TRD),신경·정신,auto-reviewed,auto-reviewed v5 (Fable 2026-10-02)
Granulomatosis With Polyangiitis,면역·염증,auto-reviewed,auto-reviewed v5 (Fable 2026-10-02)
Granulomatosis with Polyangiitis,면역·염증,auto-reviewed,auto-reviewed v5 (Fable 2026-10-02)
"Glioma, Subependymal",암,auto-reviewed,auto-reviewed v5 (Fable 2026-10-02)
"Leukemia, Hairy Cell",암,auto-reviewed,auto-reviewed v5 (Fable 2026-10-02)
"Leukemia, Prolymphocytic",암,auto-reviewed,auto-reviewed v5 (Fable 2026-10-02)
Intraocular Lymphoma,암,auto-reviewed,auto-reviewed v5 (Fable 2026-10-02)
Pdgfra-Associated Chronic Eosinophilic Leukemia,암,auto-reviewed,auto-reviewed v5 (Fable 2026-10-02)
"Leukemia, Neutrophilic, Chronic",암,auto-reviewed,auto-reviewed v5 (Fable 2026-10-02)
"Leukemia, Myeloid, Chronic, Atypical, BCR-ABL Negative",암,auto-reviewed,auto-reviewed v5 (Fable 2026-10-02)
Pediatric Cancer,암,auto-reviewed,auto-reviewed v5 (Fable 2026-10-02)
Nervous System Neoplasms,암,auto-reviewed,auto-reviewed v5 (Fable 2026-10-02)
Bile Duct Cancer,암,auto-reviewed,auto-reviewed v5 (Fable 2026-10-02)
Intrahepatic Cholangiocarcinoma,암,auto-reviewed,auto-reviewed v5 (Fable 2026-10-02)
Cholangiocarcinoma of the Extrahepatic Bile Duct,암,auto-reviewed,auto-reviewed v5 (Fable 2026-10-02)
Immune Sensitive Tumor,암,auto-reviewed,auto-reviewed v5 (Fable 2026-10-02)
Ebola Virus Infection,감염,auto-reviewed,auto-reviewed v5 (Fable 2026-10-02)
Filovirus Infections,감염,auto-reviewed,auto-reviewed v5 (Fable 2026-10-02)
"Multiple Sclerosis, Secondary Progressive",신경·정신,auto-reviewed,auto-reviewed v5 (Fable 2026-10-02)
Autoimmune Diseases of the Nervous System,신경·정신,auto-reviewed,auto-reviewed v5 (Fable 2026-10-02)
"Multiple Sclerosis, Progressive",신경·정신,auto-reviewed,auto-reviewed v5 (Fable 2026-10-02)
Idiopathic Pulmonary Fibrosis (IPF),호흡기,auto-reviewed,auto-reviewed v5 (Fable 2026-10-02)
"Multiple Sclerosis, Primary Progressive",신경·정신,auto-reviewed,auto-reviewed v5 (Fable 2026-10-02)
"Demyelinating Autoimmune Diseases, CNS",신경·정신,auto-reviewed,auto-reviewed v5 (Fable 2026-10-02)
Neuroinflammatory Diseases,신경·정신,auto-reviewed,auto-reviewed v5 (Fable 2026-10-02)
"Multiple Sclerosis, MS",신경·정신,auto-reviewed,auto-reviewed v5 (Fable 2026-10-02)
"Carcinoma, Non-small Cell Lung Cancer",암,auto-reviewed,auto-reviewed v5 (Fable 2026-10-02)
Albuminuria,신장,auto-reviewed,auto-reviewed v5 (Fable 2026-10-02)
Type 2 Diabetes Mellitus,비만·대사,auto-reviewed,auto-reviewed v5 (Fable 2026-10-02)
Chronic Kidney Disease,신장,auto-reviewed,auto-reviewed v5 (Fable 2026-10-02)
Intermittent Explosive Disorder,신경·정신,auto-reviewed,auto-reviewed v5 (Fable 2026-10-02)
Metastatic Biliary Tract Cancer,암,auto-reviewed,auto-reviewed v5 (Fable 2026-10-02)
MAC Lung Disease,호흡기,auto-reviewed,auto-reviewed v5 (Fable 2026-10-02)
Treatment Refractory MAC Lung Disease,호흡기,auto-reviewed,auto-reviewed v5 (Fable 2026-10-02)
T-cell Lymphoma,암,auto-reviewed,auto-reviewed v5 (Fable 2026-10-02)
Dementia With Lewy Bodies (DLB),신경·정신,auto-reviewed,auto-reviewed v5 (Fable 2026-10-02)
Non-proliferative Diabetic Retinopathy,안과,auto-reviewed,auto-reviewed v5 (Fable 2026-10-02)
Colon Adenocarcinoma,암,auto-reviewed,auto-reviewed v5 (Fable 2026-10-02)
Rectum Cancer,암,auto-reviewed,auto-reviewed v5 (Fable 2026-10-02)
Rectal Adenocarcinoma,암,auto-reviewed,auto-reviewed v5 (Fable 2026-10-02)
"Hepatitis, Chronic",소화기,auto-reviewed,auto-reviewed v5 (Fable 2026-10-02)
Chronic Hepatitis,소화기,auto-reviewed,auto-reviewed v5 (Fable 2026-10-02)
Hepatitis C Infection,감염,auto-reviewed,auto-reviewed v5 (Fable 2026-10-02)
Polycythemia,혈액,auto-reviewed,auto-reviewed v5 (Fable 2026-10-02)
Thrombocytosis,혈액,auto-reviewed,auto-reviewed v5 (Fable 2026-10-02)
Moderate to Severe Acute Ischaemic Stroke,신경·정신,auto-reviewed,auto-reviewed v5 (Fable 2026-10-02)
Ischaemic Stroke,신경·정신,auto-reviewed,auto-reviewed v5 (Fable 2026-10-02)
Myelodysplastic Syndrome (MDS),암,auto-reviewed,auto-reviewed v5 (Fable 2026-10-02)
Myeloproliferative Neoplasm (MDS/MPN),암,auto-reviewed,auto-reviewed v5 (Fable 2026-10-02)
"Leukemia, Myeloid, Chronic",암,auto-reviewed,auto-reviewed v5 (Fable 2026-10-02)
Non-small Cell Lung Carcinoma,암,auto-reviewed,auto-reviewed v5 (Fable 2026-10-02)
"Gastrointestinal Carcinoma, Non-colon",암,auto-reviewed,auto-reviewed v5 (Fable 2026-10-02)
Upper Aerodigestive Tract Carcinoma,암,auto-reviewed,auto-reviewed v5 (Fable 2026-10-02)
Iron Deficiency Anemia,혈액,auto-reviewed,auto-reviewed v5 (Fable 2026-10-02)
Malignancies,암,auto-reviewed,auto-reviewed v5 (Fable 2026-10-02)
B-Cell Lymphoma,암,auto-reviewed,auto-reviewed v5 (Fable 2026-10-02)
Transplant Patients With EBV Viremia at High Risk of Developing a Recurrent EBV Lymphoma,암,auto-reviewed,auto-reviewed v5 (Fable 2026-10-02)
"Dendritic Cell Sarcoma, Interdigitating",암,auto-reviewed,auto-reviewed v5 (Fable 2026-10-02)
Clear-cell Metastatic Renal Cell Carcinoma,암,auto-reviewed,auto-reviewed v5 (Fable 2026-10-02)
Metastatic Non Small Cell Lung Cancer,암,auto-reviewed,auto-reviewed v5 (Fable 2026-10-02)
HR+ HER2- Breast Cancer,암,auto-reviewed,auto-reviewed v5 (Fable 2026-10-02)
Open-angle Glaucoma,안과,auto-reviewed,auto-reviewed v5 (Fable 2026-10-02)
Head Neck Cancer,암,auto-reviewed,auto-reviewed v5 (Fable 2026-10-02)
Post-bariatric Hypoglycemia,비만·대사,auto-reviewed,auto-reviewed v5 (Fable 2026-10-02)
Prostate Cancer Metastatic,암,auto-reviewed,auto-reviewed v5 (Fable 2026-10-02)
Prostate Cancer Adenocarcinoma,암,auto-reviewed,auto-reviewed v5 (Fable 2026-10-02)
Non-Metastatic,암,auto-reviewed,auto-reviewed v5 (Fable 2026-10-02)
Metastases to the Brain,암,auto-reviewed,auto-reviewed v5 (Fable 2026-10-02)
Metastatic Cutaneous Squamous Cell Carcinoma,암,auto-reviewed,auto-reviewed v5 (Fable 2026-10-02)
Anaplastic Thyroid Cancer,암,auto-reviewed,auto-reviewed v5 (Fable 2026-10-02)
BRAF Mutation-Related Tumors,암,auto-reviewed,auto-reviewed v5 (Fable 2026-10-02)
Guillain-Barré Syndrome,신경·정신,auto-reviewed,auto-reviewed v5 (Fable 2026-10-02)
Chronic Kidney Disease Requiring Chronic Dialysis,신장,auto-reviewed,auto-reviewed v5 (Fable 2026-10-02)
Type 2 Diabetes,비만·대사,auto-reviewed,auto-reviewed v5 (Fable 2026-10-02)
T Cell Non-Hodgkin Lymphoma,암,auto-reviewed,auto-reviewed v5 (Fable 2026-10-02)
Anaplastic Large Cell Lymphoma,암,auto-reviewed,auto-reviewed v5 (Fable 2026-10-02)
Lupus Erythematosus,면역·염증,auto-reviewed,auto-reviewed v5 (Fable 2026-10-02)
HER2 Positive Gastric Cancer,암,auto-reviewed,auto-reviewed v5 (Fable 2026-10-02)
Acute Postoperative Pain,통증,auto-reviewed,auto-reviewed v5 (Fable 2026-10-02)
Infiltrating Bladder Urothelial Carcinoma With Squamous Differentiation,암,auto-reviewed,auto-reviewed v5 (Fable 2026-10-02)
Locally Advanced Urothelial Carcinoma,암,auto-reviewed,auto-reviewed v5 (Fable 2026-10-02)
Unresectable Urothelial Carcinoma,암,auto-reviewed,auto-reviewed v5 (Fable 2026-10-02)
Open Angle Glaucoma,안과,auto-reviewed,auto-reviewed v5 (Fable 2026-10-02)
Metastatic Soft Tissue Sarcoma,암,auto-reviewed,auto-reviewed v5 (Fable 2026-10-02)
Cervical Intraepithelial Neoplasia,암,auto-reviewed,auto-reviewed v5 (Fable 2026-10-02)
Major Depressive Disorder (MDD),신경·정신,auto-reviewed,auto-reviewed v5 (Fable 2026-10-02)
SLE - Systemic Lupus Erythematosus,면역·염증,auto-reviewed,auto-reviewed v5 (Fable 2026-10-02)
Asthma (Diagnosis),호흡기,auto-reviewed,auto-reviewed v5 (Fable 2026-10-02)
Metastatic Uveal Melanoma in the Liver,암,auto-reviewed,auto-reviewed v5 (Fable 2026-10-02)
Brain Tumor - Metastatic,암,auto-reviewed,auto-reviewed v5 (Fable 2026-10-02)
Thyroid Gland Squamous Cell Carcinoma,암,auto-reviewed,auto-reviewed v5 (Fable 2026-10-02)
Bone Sarcoma,암,auto-reviewed,auto-reviewed v5 (Fable 2026-10-02)
Recurrent Ovarian Carcinoma,암,auto-reviewed,auto-reviewed v5 (Fable 2026-10-02)
Malignancy in Giant Cell Tumor of Bone,암,auto-reviewed,auto-reviewed v5 (Fable 2026-10-02)
Dedifferentiated Chondrosarcoma,암,auto-reviewed,auto-reviewed v5 (Fable 2026-10-02)
Undifferentiated High Grade Pleomorphic Sarcoma of Bone,암,auto-reviewed,auto-reviewed v5 (Fable 2026-10-02)
Thyroid Gland Anaplastic Carcinoma,암,auto-reviewed,auto-reviewed v5 (Fable 2026-10-02)
Giant Cell Tumor of Bone,암,auto-reviewed,auto-reviewed v5 (Fable 2026-10-02)
Ovarian Carcinosarcoma,암,auto-reviewed,auto-reviewed v5 (Fable 2026-10-02)
Recurrent Osteosarcoma,암,auto-reviewed,auto-reviewed v5 (Fable 2026-10-02)
Refractory Osteosarcoma,암,auto-reviewed,auto-reviewed v5 (Fable 2026-10-02)
Myalgia,통증,auto-reviewed,auto-reviewed v5 (Fable 2026-10-02)
Stage III Non-small Cell Lung Cancer,암,auto-reviewed,auto-reviewed v5 (Fable 2026-10-02)
Stage IV Non-small Cell Lung Cancer,암,auto-reviewed,auto-reviewed v5 (Fable 2026-10-02)
Relapsed/Refractory B-cell Non-Hodgkin Lymphoma,암,auto-reviewed,auto-reviewed v5 (Fable 2026-10-02)
"Chronic Phase Chronic Myeloid Leukemia, BCR-ABL1 Positive",암,auto-reviewed,auto-reviewed v5 (Fable 2026-10-02)
Melanoma (Skin Cancer),암,auto-reviewed,auto-reviewed v5 (Fable 2026-10-02)
Chronic Low Back Pain,통증,auto-reviewed,auto-reviewed v5 (Fable 2026-10-02)
Chronic Osteoarthritis Pain,통증,auto-reviewed,auto-reviewed v5 (Fable 2026-10-02)
Kidney Transplant Infection,감염,auto-reviewed,auto-reviewed v5 (Fable 2026-10-02)
Bone Marrow Mastocytosis,암,auto-reviewed,auto-reviewed v5 (Fable 2026-10-02)
"Nevus, Blue",피부,auto-reviewed,auto-reviewed v5 (Fable 2026-10-02)
Astrocytic Tumors,암,auto-reviewed,auto-reviewed v5 (Fable 2026-10-02)
Antineutrophilic Cytoplasmic Antibody (ANCA)- Associated Vasculitis (AAV),면역·염증,auto-reviewed,auto-reviewed v5 (Fable 2026-10-02)
Post Traumatic Stress Disorder,신경·정신,auto-reviewed,auto-reviewed v5 (Fable 2026-10-02)
Unresectable Pancreatic Carcinoma,암,auto-reviewed,auto-reviewed v5 (Fable 2026-10-02)
Stage IIIA Colorectal Cancer,암,auto-reviewed,auto-reviewed v5 (Fable 2026-10-02)
Stage IV Pancreatic Cancer,암,auto-reviewed,auto-reviewed v5 (Fable 2026-10-02)
Stage III Colorectal Cancer,암,auto-reviewed,auto-reviewed v5 (Fable 2026-10-02)
Stage IV Colorectal Cancer,암,auto-reviewed,auto-reviewed v5 (Fable 2026-10-02)
Stage IVB Pancreatic Cancer,암,auto-reviewed,auto-reviewed v5 (Fable 2026-10-02)
Stage IVA Pancreatic Cancer,암,auto-reviewed,auto-reviewed v5 (Fable 2026-10-02)
Stage IVA Colorectal Cancer,암,auto-reviewed,auto-reviewed v5 (Fable 2026-10-02)
Stage IVB Colorectal Cancer,암,auto-reviewed,auto-reviewed v5 (Fable 2026-10-02)
Recurrent Pancreatic Carcinoma,암,auto-reviewed,auto-reviewed v5 (Fable 2026-10-02)
Stage IIIB Colorectal Cancer,암,auto-reviewed,auto-reviewed v5 (Fable 2026-10-02)
Recurrent Colorectal Carcinoma,암,auto-reviewed,auto-reviewed v5 (Fable 2026-10-02)
Stage III Pancreatic Cancer,암,auto-reviewed,auto-reviewed v5 (Fable 2026-10-02)
Dementia-related Psychosis,신경·정신,auto-reviewed,auto-reviewed v5 (Fable 2026-10-02)
Recurrent Oropharyngeal Squamous Cell Carcinoma,암,auto-reviewed,auto-reviewed v5 (Fable 2026-10-02)
Stage IVA Oropharyngeal Squamous Cell Carcinoma AJCC v7,암,auto-reviewed,auto-reviewed v5 (Fable 2026-10-02)
Stage IV Oropharyngeal Squamous Cell Carcinoma AJCC v7,암,auto-reviewed,auto-reviewed v5 (Fable 2026-10-02)
Unresectable Head and Neck Squamous Cell Carcinoma,암,auto-reviewed,auto-reviewed v5 (Fable 2026-10-02)
Stage IVB Laryngeal Squamous Cell Carcinoma AJCC v7,암,auto-reviewed,auto-reviewed v5 (Fable 2026-10-02)
Stage IV Hypopharyngeal Squamous Cell Carcinoma AJCC v7,암,auto-reviewed,auto-reviewed v5 (Fable 2026-10-02)
Stage IVA Hypopharyngeal Squamous Cell Carcinoma AJCC v7,암,auto-reviewed,auto-reviewed v5 (Fable 2026-10-02)
Recurrent Hypopharyngeal Squamous Cell Carcinoma,암,auto-reviewed,auto-reviewed v5 (Fable 2026-10-02)
Stage IVC Oral Cavity Squamous Cell Carcinoma AJCC v6 and v7,암,auto-reviewed,auto-reviewed v5 (Fable 2026-10-02)
Recurrent Oral Cavity Squamous Cell Carcinoma,암,auto-reviewed,auto-reviewed v5 (Fable 2026-10-02)
Stage IV Oral Cavity Squamous Cell Carcinoma AJCC v6 and v7,암,auto-reviewed,auto-reviewed v5 (Fable 2026-10-02)
Stage IVA Oral Cavity Squamous Cell Carcinoma AJCC v6 and v7,암,auto-reviewed,auto-reviewed v5 (Fable 2026-10-02)
Recurrent Laryngeal Squamous Cell Carcinoma,암,auto-reviewed,auto-reviewed v5 (Fable 2026-10-02)
Stage IVB Oropharyngeal Squamous Cell Carcinoma AJCC v7,암,auto-reviewed,auto-reviewed v5 (Fable 2026-10-02)
Metastatic Head and Neck Carcinoma,암,auto-reviewed,auto-reviewed v5 (Fable 2026-10-02)
Stage IVB Hypopharyngeal Squamous Cell Carcinoma AJCC v7,암,auto-reviewed,auto-reviewed v5 (Fable 2026-10-02)
Stage IVC Hypopharyngeal Squamous Cell Carcinoma AJCC v7,암,auto-reviewed,auto-reviewed v5 (Fable 2026-10-02)
Stage IVC Oropharyngeal Squamous Cell Carcinoma AJCC v7,암,auto-reviewed,auto-reviewed v5 (Fable 2026-10-02)
Stage IVA Laryngeal Squamous Cell Carcinoma AJCC v7,암,auto-reviewed,auto-reviewed v5 (Fable 2026-10-02)
Stage IVB Oral Cavity Squamous Cell Carcinoma AJCC v6 and v7,암,auto-reviewed,auto-reviewed v5 (Fable 2026-10-02)
Paranasal Sinus Squamous Cell Carcinoma,암,auto-reviewed,auto-reviewed v5 (Fable 2026-10-02)
Stage IVC Laryngeal Squamous Cell Carcinoma AJCC v7,암,auto-reviewed,auto-reviewed v5 (Fable 2026-10-02)
Stage IV Laryngeal Squamous Cell Carcinoma AJCC v7,암,auto-reviewed,auto-reviewed v5 (Fable 2026-10-02)
Neovascular (Wet) Age-Related Macular Degeneration,안과,auto-reviewed,auto-reviewed v5 (Fable 2026-10-02)
Relapsing-Remitting Multiple Sclerosis (RRMS),신경·정신,auto-reviewed,auto-reviewed v5 (Fable 2026-10-02)
Mycobacterium Abscessus Infection,감염,auto-reviewed,auto-reviewed v5 (Fable 2026-10-02)
Multiple Myeloma in Relapse,암,auto-reviewed,auto-reviewed v5 (Fable 2026-10-02)
Refractory Multiple Myeloma,암,auto-reviewed,auto-reviewed v5 (Fable 2026-10-02)
Locally Advanced Unresectable Uveal Melanoma,암,auto-reviewed,auto-reviewed v5 (Fable 2026-10-02)
Squamous Cell Carcinoma Head and Neck Cancer (HNSCC),암,auto-reviewed,auto-reviewed v5 (Fable 2026-10-02)
HRAS Mutant Tumor,암,auto-reviewed,auto-reviewed v5 (Fable 2026-10-02)
Other Squamous Cell Carcinoma (SCC) With HRAS Mutant Tumor,암,auto-reviewed,auto-reviewed v5 (Fable 2026-10-02)
HCC,암,auto-reviewed,auto-reviewed v5 (Fable 2026-10-02)
Gastrointestinal Stromal Cancer,암,auto-reviewed,auto-reviewed v5 (Fable 2026-10-02)
Gastrointestinal Stromal Cell Tumors,암,auto-reviewed,auto-reviewed v5 (Fable 2026-10-02)
Gastrointestinal Stromal Neoplasm,암,auto-reviewed,auto-reviewed v5 (Fable 2026-10-02)
Gastrointestinal Stromal Tumor (GIST),암,auto-reviewed,auto-reviewed v5 (Fable 2026-10-02)
"Gastrointestinal Stromal Tumor, Malignant",암,auto-reviewed,auto-reviewed v5 (Fable 2026-10-02)
Fibrolamellar Carcinoma,암,auto-reviewed,auto-reviewed v5 (Fable 2026-10-02)
Colorectal Cancer Without Liver Metastases,암,auto-reviewed,auto-reviewed v5 (Fable 2026-10-02)
HPV-Associated Cervical Carcinoma,암,auto-reviewed,auto-reviewed v5 (Fable 2026-10-02)
Vulvar Cancer,암,auto-reviewed,auto-reviewed v5 (Fable 2026-10-02)
Locally Recurrent or Metastatic Breast Cancer,암,auto-reviewed,auto-reviewed v5 (Fable 2026-10-02)
Lung Cancer Metastatic,암,auto-reviewed,auto-reviewed v5 (Fable 2026-10-02)
"Lung Cancer, Non-small Cell",암,auto-reviewed,auto-reviewed v5 (Fable 2026-10-02)
Lung Cancer (NSCLC),암,auto-reviewed,auto-reviewed v5 (Fable 2026-10-02)
Overweight or Obesity,비만·대사,auto-reviewed,auto-reviewed v5 (Fable 2026-10-02)
Throat Cancer,암,auto-reviewed,auto-reviewed v5 (Fable 2026-10-02)
HPV-Related Cervical Carcinoma,암,auto-reviewed,auto-reviewed v5 (Fable 2026-10-02)
HPV-Associated Vaginal Adenocarcinoma,암,auto-reviewed,auto-reviewed v5 (Fable 2026-10-02)
Vulva Cancer,암,auto-reviewed,auto-reviewed v5 (Fable 2026-10-02)
HPV Positive Rectal Squamous Cell Carcinoma,암,auto-reviewed,auto-reviewed v5 (Fable 2026-10-02)
Myelodysplastic Syndrome,암,auto-reviewed,auto-reviewed v5 (Fable 2026-10-02)
Relapsed Hodgkin Lymphoma,암,auto-reviewed,auto-reviewed v5 (Fable 2026-10-02)
Refractory Hodgkin Lymphoma,암,auto-reviewed,auto-reviewed v5 (Fable 2026-10-02)
Dengue Fever,감염,auto-reviewed,auto-reviewed v5 (Fable 2026-10-02)
Metastatic GI Cancers,암,auto-reviewed,auto-reviewed v5 (Fable 2026-10-02)
Refractory Metastatic Colorectal Cancer,암,auto-reviewed,auto-reviewed v5 (Fable 2026-10-02)
Metastatic Microsatellite-stable Colorectal Cancer,암,auto-reviewed,auto-reviewed v5 (Fable 2026-10-02)
Stage I Rectal Cancer,암,auto-reviewed,auto-reviewed v5 (Fable 2026-10-02)
Early Rectal Cancer,암,auto-reviewed,auto-reviewed v5 (Fable 2026-10-02)
ATTR Amyloidosis With Cardiomyopathy,심혈관,auto-reviewed,auto-reviewed v5 (Fable 2026-10-02)
Differentiated Thyroid Cancer (DTC),암,auto-reviewed,auto-reviewed v5 (Fable 2026-10-02)
Extra-Pancreatic NET (epNET),암,auto-reviewed,auto-reviewed v5 (Fable 2026-10-02)
Pancreatic Neuroendocrine Tumors (pNET),암,auto-reviewed,auto-reviewed v5 (Fable 2026-10-02)
SARS-CoV-2,감염,auto-reviewed,auto-reviewed v5 (Fable 2026-10-02)
Secondary Myelofibrosis,암,auto-reviewed,auto-reviewed v5 (Fable 2026-10-02)
Anemia of Chronic Kidney Disease,신장,auto-reviewed,auto-reviewed v5 (Fable 2026-10-02)
Chronic Kidney Diseases,신장,auto-reviewed,auto-reviewed v5 (Fable 2026-10-02)
Uterine Cancer,암,auto-reviewed,auto-reviewed v5 (Fable 2026-10-02)
Uterine Neoplasms,암,auto-reviewed,auto-reviewed v5 (Fable 2026-10-02)
Relapsed or Refractory Multiple Myeloma,암,auto-reviewed,auto-reviewed v5 (Fable 2026-10-02)
Acute Lymphocytic Leukemia (ALL),암,auto-reviewed,auto-reviewed v5 (Fable 2026-10-02)
Refractory Follicular Lymphoma,암,auto-reviewed,auto-reviewed v5 (Fable 2026-10-02)
Relapsed Follicular Lymphoma,암,auto-reviewed,auto-reviewed v5 (Fable 2026-10-02)
Multiple Myeloma (MM),암,auto-reviewed,auto-reviewed v5 (Fable 2026-10-02)
Acute Myeloid Leukemia Refractory,암,auto-reviewed,auto-reviewed v5 (Fable 2026-10-02)
Relapsed/Refractory Acute Myeloid Leukemia,암,auto-reviewed,auto-reviewed v5 (Fable 2026-10-02)
B-Cell Non-Hodgkin's Lymphoma,암,auto-reviewed,auto-reviewed v5 (Fable 2026-10-02)
Relapsed Non-Hodgkin Lymphoma,암,auto-reviewed,auto-reviewed v5 (Fable 2026-10-02)
Cystic Fibrosis Lung,희귀 유전,auto-reviewed,auto-reviewed v5 (Fable 2026-10-02)
Primary Central Nervous System Carcinoma,암,auto-reviewed,auto-reviewed v5 (Fable 2026-10-02)
Heart Failure With Preserved Ejection Fraction,심혈관,auto-reviewed,auto-reviewed v5 (Fable 2026-10-02)
HER2 Mutant Non-small Cell Lung Cancer,암,auto-reviewed,auto-reviewed v5 (Fable 2026-10-02)
Aphasia,신경·정신,auto-reviewed,auto-reviewed v5 (Fable 2026-10-02)
"Aphasia, Primary Progressive",신경·정신,auto-reviewed,auto-reviewed v5 (Fable 2026-10-02)
Language Disorders,신경·정신,auto-reviewed,auto-reviewed v5 (Fable 2026-10-02)
Frontotemporal Dementia,신경·정신,auto-reviewed,auto-reviewed v5 (Fable 2026-10-02)
Chronic HBV Infection,감염,auto-reviewed,auto-reviewed v5 (Fable 2026-10-02)
Refractory Acute Myeloid Leukemia,암,auto-reviewed,auto-reviewed v5 (Fable 2026-10-02)
IBS,소화기,auto-reviewed,auto-reviewed v5 (Fable 2026-10-02)
IBS - Irritable Bowel Syndrome,소화기,auto-reviewed,auto-reviewed v5 (Fable 2026-10-02)
"Skin Diseases, Vesiculobullous",무시,auto-reviewed,auto-reviewed v5 (Fable 2026-10-02)
Nutrition Disorders,무시,auto-reviewed,auto-reviewed v5 (Fable 2026-10-02)
Nutritional and Metabolic Diseases,무시,auto-reviewed,auto-reviewed v5 (Fable 2026-10-02)
Obese But Otherwise Healthy Participants,건강인·약동학,auto-reviewed,auto-reviewed v5 (Fable 2026-10-02)
Body Weight,무시,auto-reviewed,auto-reviewed v5 (Fable 2026-10-02)
Neuroendocrine Neoplasm,암,auto-reviewed,auto-reviewed v5 (Fable 2026-10-02)
Neuroendocrine Carcinomas,암,auto-reviewed,auto-reviewed v5 (Fable 2026-10-02)
Relapsed/Refractory B-Cell Lymphoma,암,auto-reviewed,auto-reviewed v5 (Fable 2026-10-02)
CMV Viremia,감염,auto-reviewed,auto-reviewed v5 (Fable 2026-10-02)
CMV Disease,감염,auto-reviewed,auto-reviewed v5 (Fable 2026-10-02)
Nucleophosmin 1-mutated Acute Myeloid Leukemia,암,auto-reviewed,auto-reviewed v5 (Fable 2026-10-02)
Refractory AML,암,auto-reviewed,auto-reviewed v5 (Fable 2026-10-02)
Acute Myeloid Leukemia Recurrent,암,auto-reviewed,auto-reviewed v5 (Fable 2026-10-02)
Myeloid Sarcoma,암,auto-reviewed,auto-reviewed v5 (Fable 2026-10-02)
Mixed Lineage Leukemia Gene Mutation,암,auto-reviewed,auto-reviewed v5 (Fable 2026-10-02)
Dry Eye,안과,auto-reviewed,auto-reviewed v5 (Fable 2026-10-02)
Stage IIIB Melanoma,암,auto-reviewed,auto-reviewed v5 (Fable 2026-10-02)
Stage IIIC Melanoma,암,auto-reviewed,auto-reviewed v5 (Fable 2026-10-02)
Stage IIID Melanoma,암,auto-reviewed,auto-reviewed v5 (Fable 2026-10-02)
Stage III Renal Cell Cancer AJCC v8,암,auto-reviewed,auto-reviewed v5 (Fable 2026-10-02)
Tissue Factor-Expressing Solid Tumors,암,auto-reviewed,auto-reviewed v5 (Fable 2026-10-02)
Esophageal SCC,암,auto-reviewed,auto-reviewed v5 (Fable 2026-10-02)
Peripheral T Cell Lymphoma,암,auto-reviewed,auto-reviewed v5 (Fable 2026-10-02)
Relapsed or Refractory Hodgkin Lymphoma,암,auto-reviewed,auto-reviewed v5 (Fable 2026-10-02)
Stage IV Hepatocellular Carcinoma AJCC v8,암,auto-reviewed,auto-reviewed v5 (Fable 2026-10-02)
Stage III Hepatocellular Carcinoma AJCC v8,암,auto-reviewed,auto-reviewed v5 (Fable 2026-10-02)
Unresectable Hepatocellular Carcinoma,암,auto-reviewed,auto-reviewed v5 (Fable 2026-10-02)
Metastatic NSCLC - Non-Small Cell Lung Cancer,암,auto-reviewed,auto-reviewed v5 (Fable 2026-10-02)
Giant Cell Glioblastoma,암,auto-reviewed,auto-reviewed v5 (Fable 2026-10-02)
Oropharyngeal Cancer,암,auto-reviewed,auto-reviewed v5 (Fable 2026-10-02)
Ebola Virus Disease,감염,auto-reviewed,auto-reviewed v5 (Fable 2026-10-02)
Oropharyngeal Carcinoma (OPC),암,auto-reviewed,auto-reviewed v5 (Fable 2026-10-02)
Friedreich's Ataxia,희귀 유전,auto-reviewed,auto-reviewed v5 (Fable 2026-10-02)
Oral Cavity Squamous Cell Carcinoma,암,auto-reviewed,auto-reviewed v5 (Fable 2026-10-02)
Squamous Non-small-cell Lung Cancer,암,auto-reviewed,auto-reviewed v5 (Fable 2026-10-02)
Squamous Non-Small Cell Neoplasm of Lung,암,auto-reviewed,auto-reviewed v5 (Fable 2026-10-02)
Obesity/Overweight,비만·대사,auto-reviewed,auto-reviewed v5 (Fable 2026-10-02)
Transfusion-dependent Beta-Thalassemia,희귀 유전,auto-reviewed,auto-reviewed v5 (Fable 2026-10-02)
Desmoid Tumor,암,auto-reviewed,auto-reviewed v5 (Fable 2026-10-02)
Transthyretin (TTR) Amyloid Cardiomyopathy,심혈관,auto-reviewed,auto-reviewed v5 (Fable 2026-10-02)
Resectable Non-Small-Cell Lung Cancer,암,auto-reviewed,auto-reviewed v5 (Fable 2026-10-02)
Solid Tumors With HRAS Alterations,암,auto-reviewed,auto-reviewed v5 (Fable 2026-10-02)
Renal Cell Carcinoma (Kidney Cancer),암,auto-reviewed,auto-reviewed v5 (Fable 2026-10-02)
Non Clear Cell Renal Cell Carcinoma (nccRCC),암,auto-reviewed,auto-reviewed v5 (Fable 2026-10-02)
Pancreatic Ductal Adenocarcinoma (PDAC),암,auto-reviewed,auto-reviewed v5 (Fable 2026-10-02)
Adenosquamous Carcinoma,암,auto-reviewed,auto-reviewed v5 (Fable 2026-10-02)
Adenocarcinomas,암,auto-reviewed,auto-reviewed v5 (Fable 2026-10-02)
Metastatic Non-small Cell Lung Cancer,암,auto-reviewed,auto-reviewed v5 (Fable 2026-10-02)
Psychosis,신경·정신,auto-reviewed,auto-reviewed v5 (Fable 2026-10-02)
Hepatic Cirrhosis,소화기,auto-reviewed,auto-reviewed v5 (Fable 2026-10-02)
Chronic Hepatitis C Virus,감염,auto-reviewed,auto-reviewed v5 (Fable 2026-10-02)
HIV-1 Infection,감염,auto-reviewed,auto-reviewed v5 (Fable 2026-10-02)
"Lymphoblastic Leukemia, Acute, Adult",암,auto-reviewed,auto-reviewed v5 (Fable 2026-10-02)
T-Cell Acute Lymphoblastic Leukemia/Lymphoma,암,auto-reviewed,auto-reviewed v5 (Fable 2026-10-02)
Dry Eye Syndrome,안과,auto-reviewed,auto-reviewed v5 (Fable 2026-10-02)
Refractory Cutaneous Melanoma,암,auto-reviewed,auto-reviewed v5 (Fable 2026-10-02)
Metabolic Disorders,무시,auto-reviewed,auto-reviewed v5 (Fable 2026-10-02)
Papillomavirus Infections,감염,auto-reviewed,auto-reviewed v5 (Fable 2026-10-02)
Pulmonary Arterial Hypertension (PAH) (WHO Group 1 PH),심혈관,auto-reviewed,auto-reviewed v5 (Fable 2026-10-02)
Relapsed or Refractory Peripheral T-Cell Lymphoma,암,auto-reviewed,auto-reviewed v5 (Fable 2026-10-02)
Focal Segmental Glomerulosclerosis,신장,auto-reviewed,auto-reviewed v5 (Fable 2026-10-02)
Thalassemia Major,희귀 유전,auto-reviewed,auto-reviewed v5 (Fable 2026-10-02)
Thalassemia Intermedia,희귀 유전,auto-reviewed,auto-reviewed v5 (Fable 2026-10-02)
Transfusion Dependent Beta Thalassemia,희귀 유전,auto-reviewed,auto-reviewed v5 (Fable 2026-10-02)
Metastatic Ncc Renal Cell Carcinoma,암,auto-reviewed,auto-reviewed v5 (Fable 2026-10-02)
Unresectable Advanced Renal Cell Carcinoma,암,auto-reviewed,auto-reviewed v5 (Fable 2026-10-02)
Collecting Duct Renal Cell Carcinoma,암,auto-reviewed,auto-reviewed v5 (Fable 2026-10-02)
Advanced Non-Small Cell Squamous Lung Cancer,암,auto-reviewed,auto-reviewed v5 (Fable 2026-10-02)
Metastatic Lung Cancer,암,auto-reviewed,auto-reviewed v5 (Fable 2026-10-02)
EGF-R Positive Non-Small Cell Lung Cancer,암,auto-reviewed,auto-reviewed v5 (Fable 2026-10-02)
Metastatic Lung Non-Small Cell Carcinoma,암,auto-reviewed,auto-reviewed v5 (Fable 2026-10-02)
Advanced Lung Carcinoma,암,auto-reviewed,auto-reviewed v5 (Fable 2026-10-02)
"Epidermolysis Bullosa Dystrophica, Recessive",희귀 유전,auto-reviewed,auto-reviewed v5 (Fable 2026-10-02)
Epidermolysis Bullosa Dystrophica Dominans,희귀 유전,auto-reviewed,auto-reviewed v5 (Fable 2026-10-02)
Advanced Gastrointestinal Stromal Tumors,암,auto-reviewed,auto-reviewed v5 (Fable 2026-10-02)
"Advanced Solid Tumors, Adult",암,auto-reviewed,auto-reviewed v5 (Fable 2026-10-02)
HR Positive/HER-2 Negative Breast Cancer,암,auto-reviewed,auto-reviewed v5 (Fable 2026-10-02)
HER2-low Breast Cancer,암,auto-reviewed,auto-reviewed v5 (Fable 2026-10-02)
Refractory Hematologic Cancer,암,auto-reviewed,auto-reviewed v5 (Fable 2026-10-02)
Subacute Cutaneous Lupus Erythematosus,면역·염증,auto-reviewed,auto-reviewed v5 (Fable 2026-10-02)
Chronic Cutaneous Lupus Erythematosus,면역·염증,auto-reviewed,auto-reviewed v5 (Fable 2026-10-02)
"Lupus Erythematosus, Discoid",면역·염증,auto-reviewed,auto-reviewed v5 (Fable 2026-10-02)
"Lupus Erythematosus, Cutaneous",면역·염증,auto-reviewed,auto-reviewed v5 (Fable 2026-10-02)
Huerthle Cell Thyroid Cancer,암,auto-reviewed,auto-reviewed v5 (Fable 2026-10-02)
Follicular Thyroid Cancer,암,auto-reviewed,auto-reviewed v5 (Fable 2026-10-02)
Pulmonary Cancer,암,auto-reviewed,auto-reviewed v5 (Fable 2026-10-02)
Non-Small-Cell Lung Carcinoma,암,auto-reviewed,auto-reviewed v5 (Fable 2026-10-02)
Respiratory Papillomatosis,감염,auto-reviewed,auto-reviewed v5 (Fable 2026-10-02)
HRAS Mutations or Peripheral T Cell Lymphoma (PTCL),암,auto-reviewed,auto-reviewed v5 (Fable 2026-10-02)
Persistent Cervical Cancer,암,auto-reviewed,auto-reviewed v5 (Fable 2026-10-02)
Recurrent Cervical Cancer,암,auto-reviewed,auto-reviewed v5 (Fable 2026-10-02)
MuSK Myasthenia Gravis,신경·정신,auto-reviewed,auto-reviewed v5 (Fable 2026-10-02)
Muscle Weakness,무시,auto-reviewed,auto-reviewed v5 (Fable 2026-10-02)
Squamous Cell Carcinoma of Head and Neck (SCCHN),암,auto-reviewed,auto-reviewed v5 (Fable 2026-10-02)
"Acute Myeloid Leukemia, With KMT2A Rearrangements",암,auto-reviewed,auto-reviewed v5 (Fable 2026-10-02)
"Acute Myeloid Leukemia, With NPM1 Mutations",암,auto-reviewed,auto-reviewed v5 (Fable 2026-10-02)
"Acute Lymphoblastic Leukemia, With KMT2A Rearrangements",암,auto-reviewed,auto-reviewed v5 (Fable 2026-10-02)
Pericarditis Acute,심혈관,auto-reviewed,auto-reviewed v5 (Fable 2026-10-02)
"Glioblastoma, Isocitric Dehydrogenase (IDH)-Wildtype",암,auto-reviewed,auto-reviewed v5 (Fable 2026-10-02)
Non-Small-Cell Lung Cancer,암,auto-reviewed,auto-reviewed v5 (Fable 2026-10-02)
Advanced Non-Small-Cell Lung Cancer,암,auto-reviewed,auto-reviewed v5 (Fable 2026-10-02)
Metastatic Non-Small-Cell Lung Cancer,암,auto-reviewed,auto-reviewed v5 (Fable 2026-10-02)
Solid Carcinoma,암,auto-reviewed,auto-reviewed v5 (Fable 2026-10-02)
HER2 Low Breast Cancer,암,auto-reviewed,auto-reviewed v5 (Fable 2026-10-02)
PR-positive Breast Cancer,암,auto-reviewed,auto-reviewed v5 (Fable 2026-10-02)
Minimal Residual Disease,암,auto-reviewed,auto-reviewed v5 (Fable 2026-10-02)
Hormone Receptor Negative Breast Carcinoma,암,auto-reviewed,auto-reviewed v5 (Fable 2026-10-02)
Adenocarcinoma of Colon,암,auto-reviewed,auto-reviewed v5 (Fable 2026-10-02)
HER2-negative Breast Cancer,암,auto-reviewed,auto-reviewed v5 (Fable 2026-10-02)
HER2 Low Breast Carcinoma,암,auto-reviewed,auto-reviewed v5 (Fable 2026-10-02)
HER2 Mutation-Related Tumors,암,auto-reviewed,auto-reviewed v5 (Fable 2026-10-02)
Metastatic,암,auto-reviewed,auto-reviewed v5 (Fable 2026-10-02)
ER Positive Breast Cancer,암,auto-reviewed,auto-reviewed v5 (Fable 2026-10-02)
"Neoplasm, Residual",암,auto-reviewed,auto-reviewed v5 (Fable 2026-10-02)
Estrogen Receptor Positive Tumor,암,auto-reviewed,auto-reviewed v5 (Fable 2026-10-02)
Progesterone Receptor-positive Breast Cancer,암,auto-reviewed,auto-reviewed v5 (Fable 2026-10-02)
Glioblastoma (GBM),암,auto-reviewed,auto-reviewed v5 (Fable 2026-10-02)
Brain Cancer,암,auto-reviewed,auto-reviewed v5 (Fable 2026-10-02)
Glioblastoma Multiforme (GBM),암,auto-reviewed,auto-reviewed v5 (Fable 2026-10-02)
CRC (Colorectal Cancer),암,auto-reviewed,auto-reviewed v5 (Fable 2026-10-02)
Esophageal Squamous Cell Carcinoma (ESCC),암,auto-reviewed,auto-reviewed v5 (Fable 2026-10-02)
NSCLC (Advanced Non-small Cell Lung Cancer),암,auto-reviewed,auto-reviewed v5 (Fable 2026-10-02)
"Adenoma, Islet Cell",암,auto-reviewed,auto-reviewed v5 (Fable 2026-10-02)
Pancreatic Neuroendocrine Tumor (pNET),암,auto-reviewed,auto-reviewed v5 (Fable 2026-10-02)
Extra-Pancreatic Neuroendocrine Tumor (epNET),암,auto-reviewed,auto-reviewed v5 (Fable 2026-10-02)
Yellow Fever,감염,auto-reviewed,auto-reviewed v5 (Fable 2026-10-02)
Relapsed or Refractory Large B-cell Lymphoma,암,auto-reviewed,auto-reviewed v5 (Fable 2026-10-02)
Squamous Non-Small Cell Lung Cancer (NSCLC),암,auto-reviewed,auto-reviewed v5 (Fable 2026-10-02)
Systemic Anaplastic Large Cell Lymphoma,암,auto-reviewed,auto-reviewed v5 (Fable 2026-10-02)
Follicular T-Cell Lymphoma,암,auto-reviewed,auto-reviewed v5 (Fable 2026-10-02)
Nodal Peripheral T-Cell Lymphoma With TFH Phenotype,암,auto-reviewed,auto-reviewed v5 (Fable 2026-10-02)
Immunosuppression After Kidney Transplantation,신장,auto-reviewed,auto-reviewed v5 (Fable 2026-10-02)
Kidney Failure,신장,auto-reviewed,auto-reviewed v5 (Fable 2026-10-02)
Transplant Recipient (Kidney),신장,auto-reviewed,auto-reviewed v5 (Fable 2026-10-02)
Cervical Carcinoma,암,auto-reviewed,auto-reviewed v5 (Fable 2026-10-02)
"Breast Cancer, Metastatic",암,auto-reviewed,auto-reviewed v5 (Fable 2026-10-02)
Steinert Disease,희귀 유전,auto-reviewed,auto-reviewed v5 (Fable 2026-10-02)
Bone Sarcomas,암,auto-reviewed,auto-reviewed v5 (Fable 2026-10-02)
SARS-CoV2,감염,auto-reviewed,auto-reviewed v5 (Fable 2026-10-02)
Lower Esophageal Cancer,암,auto-reviewed,auto-reviewed v5 (Fable 2026-10-02)
Stomach Cancer,암,auto-reviewed,auto-reviewed v5 (Fable 2026-10-02)
Inflammatory Bowel Disease (IBD),소화기,auto-reviewed,auto-reviewed v5 (Fable 2026-10-02)
Inflammatory Bowel Disease (IBD); Anemia,무시,auto-reviewed,auto-reviewed v5 (Fable 2026-10-02)
Post-essential Thrombocythemia Myelofibrosis,암,auto-reviewed,auto-reviewed v5 (Fable 2026-10-02)
Myelofibrosis; Anemia,암,auto-reviewed,auto-reviewed v5 (Fable 2026-10-02)
Myelofibrosis Due to and Following Polycythemia Vera,암,auto-reviewed,auto-reviewed v5 (Fable 2026-10-02)
Non-muscle Invasive Bladder Cancer With Carcinoma in Situ,암,auto-reviewed,auto-reviewed v5 (Fable 2026-10-02)
Carcinoma in Situ,암,auto-reviewed,auto-reviewed v5 (Fable 2026-10-02)
Superficial Bladder Cancer,암,auto-reviewed,auto-reviewed v5 (Fable 2026-10-02)
Non-muscle Invasive Bladder Cancer,암,auto-reviewed,auto-reviewed v5 (Fable 2026-10-02)
Non-Muscle Invasive Bladder Neoplasms,암,auto-reviewed,auto-reviewed v5 (Fable 2026-10-02)
"Lymphoma, Non-Hodgkin's",암,auto-reviewed,auto-reviewed v5 (Fable 2026-10-02)
Severe Acute Respiratory Syndrome Coronavirus 2 (SARS-CoV-2),감염,auto-reviewed,auto-reviewed v5 (Fable 2026-10-02)
COVID-19 Disease,감염,auto-reviewed,auto-reviewed v5 (Fable 2026-10-02)
Hematological Malignancy,암,auto-reviewed,auto-reviewed v5 (Fable 2026-10-02)
Type 1 Diabetes,비만·대사,auto-reviewed,auto-reviewed v5 (Fable 2026-10-02)
Diabetes Type 1,비만·대사,auto-reviewed,auto-reviewed v5 (Fable 2026-10-02)
Type 1 Diabetes (T1D),비만·대사,auto-reviewed,auto-reviewed v5 (Fable 2026-10-02)
Relapsed or Refractory B Cell Non-Hodgkin Lymphoma,암,auto-reviewed,auto-reviewed v5 (Fable 2026-10-02)
"Muscular Dystrophies (Duchenne, Becker, Myotonic Dystrophy)",희귀 유전,auto-reviewed,auto-reviewed v5 (Fable 2026-10-02)
Neuromuscular Diseases (NMD),신경·정신,auto-reviewed,auto-reviewed v5 (Fable 2026-10-02)
"Muscular Dystrophy, Duchenne Type",희귀 유전,auto-reviewed,auto-reviewed v5 (Fable 2026-10-02)
"Muscular Dystrophy, Duchenne and Becker Types",희귀 유전,auto-reviewed,auto-reviewed v5 (Fable 2026-10-02)
Muscular Dystrophy (DMD),희귀 유전,auto-reviewed,auto-reviewed v5 (Fable 2026-10-02)
"Congenital, Hereditary, and Neonatal Diseases and Abnormalities",무시,auto-reviewed,auto-reviewed v5 (Fable 2026-10-02)
"Genetic Diseases, X-Linked",무시,auto-reviewed,auto-reviewed v5 (Fable 2026-10-02)
"Hereditary Angioedema, HAE",희귀 유전,auto-reviewed,auto-reviewed v5 (Fable 2026-10-02)
Ocular Melanoma,암,auto-reviewed,auto-reviewed v5 (Fable 2026-10-02)
Microsatellite Stable Metastatic Colorectal Cancer,암,auto-reviewed,auto-reviewed v5 (Fable 2026-10-02)
"Muscular Dystrophy, Becker",희귀 유전,auto-reviewed,auto-reviewed v5 (Fable 2026-10-02)
"Uveal Melanoma, Metastatic",암,auto-reviewed,auto-reviewed v5 (Fable 2026-10-02)
Cytokine Release Syndrome,면역·염증,auto-reviewed,auto-reviewed v5 (Fable 2026-10-02)
Sarcomas,암,auto-reviewed,auto-reviewed v5 (Fable 2026-10-02)
Metastatic Endometrial Cancer,암,auto-reviewed,auto-reviewed v5 (Fable 2026-10-02)
Platinum-resistant Ovarian Cancer (PROC),암,auto-reviewed,auto-reviewed v5 (Fable 2026-10-02)
Metastatic Ovarian Cancer,암,auto-reviewed,auto-reviewed v5 (Fable 2026-10-02)
Stage III Thyroid Gland Follicular Carcinoma,암,auto-reviewed,auto-reviewed v5 (Fable 2026-10-02)
Stage I Thyroid Gland Papillary Carcinoma,암,auto-reviewed,auto-reviewed v5 (Fable 2026-10-02)
Stage IVC Thyroid Gland Follicular Carcinoma,암,auto-reviewed,auto-reviewed v5 (Fable 2026-10-02)
Stage IVB Thyroid Gland Follicular Carcinoma,암,auto-reviewed,auto-reviewed v5 (Fable 2026-10-02)
"Thyroid cancer, Hurthle cell",암,auto-reviewed,auto-reviewed v5 (Fable 2026-10-02)
Stage I Thyroid Gland Follicular Carcinoma,암,auto-reviewed,auto-reviewed v5 (Fable 2026-10-02)
Thyroid Gland Oncocytic Follicular Carcinoma,암,auto-reviewed,auto-reviewed v5 (Fable 2026-10-02)
Tall Cell Variant Thyroid Gland Papillary Carcinoma,암,auto-reviewed,auto-reviewed v5 (Fable 2026-10-02)
Recurrent Thyroid Gland Carcinoma,암,auto-reviewed,auto-reviewed v5 (Fable 2026-10-02)
Stage IVA Thyroid Gland Papillary Carcinoma,암,auto-reviewed,auto-reviewed v5 (Fable 2026-10-02)
Stage IVB Thyroid Gland Papillary Carcinoma,암,auto-reviewed,auto-reviewed v5 (Fable 2026-10-02)
Stage IVA Thyroid Gland Follicular Carcinoma,암,auto-reviewed,auto-reviewed v5 (Fable 2026-10-02)
Stage II Thyroid Gland Follicular Carcinoma,암,auto-reviewed,auto-reviewed v5 (Fable 2026-10-02)
Stage II Thyroid Gland Papillary Carcinoma,암,auto-reviewed,auto-reviewed v5 (Fable 2026-10-02)
Stage III Thyroid Gland Papillary Carcinoma,암,auto-reviewed,auto-reviewed v5 (Fable 2026-10-02)
Stage IVC Thyroid Gland Papillary Carcinoma,암,auto-reviewed,auto-reviewed v5 (Fable 2026-10-02)
"Advanced Cancer, Various, NOS",암,auto-reviewed,auto-reviewed v5 (Fable 2026-10-02)
Immune Thrombocytopenia (ITP),혈액,auto-reviewed,auto-reviewed v5 (Fable 2026-10-02)
Inherited Retinal Dystrophies,희귀 유전,auto-reviewed,auto-reviewed v5 (Fable 2026-10-02)
CD19 Expressing Malignancies,암,auto-reviewed,auto-reviewed v5 (Fable 2026-10-02)
Leukaemia (Chronic),암,auto-reviewed,auto-reviewed v5 (Fable 2026-10-02)
Leukaemia (Acute Promyelocytic),암,auto-reviewed,auto-reviewed v5 (Fable 2026-10-02)
Leukaemia (Acute Myeloid),암,auto-reviewed,auto-reviewed v5 (Fable 2026-10-02)
Leukaemia (Acute Lymphoblastic),암,auto-reviewed,auto-reviewed v5 (Fable 2026-10-02)
Leukaemia (Acute),암,auto-reviewed,auto-reviewed v5 (Fable 2026-10-02)
Solid Tumor Malignancies,암,auto-reviewed,auto-reviewed v5 (Fable 2026-10-02)
Acute Myelogenous Leukemia,암,auto-reviewed,auto-reviewed v5 (Fable 2026-10-02)
B-cell Lymphoma,암,auto-reviewed,auto-reviewed v5 (Fable 2026-10-02)
Psychoses,신경·정신,auto-reviewed,auto-reviewed v5 (Fable 2026-10-02)
