publication_date,meeting_date,committee,sponsor_raw,drug_raw,mapped_ticker,mapped_name,eligible,exclusion_reason,document_number,html_url,title
2021-01-08,2021-02-08,,,,,,True,,2021-00122,https://www.federalregister.gov/documents/2021/01/08/2021-00122/request-for-nominations-on-the-national-mammography-quality-assurance-advisory-committee,Request for Nominations on the National Mammography Quality Assurance Advisory Committee
2021-01-08,2021-01-29,Psychopharmacologic Drugs Advisory Committee,,,,,True,,2021-00124,https://www.federalregister.gov/documents/2021/01/08/2021-00124/request-for-nominations-for-individuals-and-consumer-organizations-for-advisory-committees,Request for Nominations for Individuals and Consumer Organizations for Advisory Committees
2021-01-13,2021-02-17,,,,,,True,,2021-00469,https://www.federalregister.gov/documents/2021/01/13/2021-00469/circulatory-system-devices-panel-of-the-medical-devices-advisory-committee-notice-of-meeting,Circulatory System Devices Panel of the Medical Devices Advisory Committee; Notice of Meeting
2021-01-19,2021-03-22,,,,,,True,,2021-00597,https://www.federalregister.gov/documents/2021/01/19/2021-00597/securing-updated-and-necessary-statutory-evaluations-timely,Securing Updated and Necessary Statutory Evaluations Timely
2021-02-11,2021-02-26,Vaccines and Related Biological Products Advisory Committee,,,,,True,,2021-02845,https://www.federalregister.gov/documents/2021/02/11/2021-02845/vaccines-and-related-biological-products-advisory-committee-notice-of-meeting-establishment-of-a,Vaccines and Related Biological Products Advisory Committee; Notice of Meeting; Establishment of a Public Docket; Request for Comments
2021-02-16,2021-03-05,Vaccines and Related Biological Products Advisory Committee,,,,,True,,2021-03014,https://www.federalregister.gov/documents/2021/02/16/2021-03014/vaccines-and-related-biological-products-advisory-committee-notice-of-meeting-establishment-of-a,Vaccines and Related Biological Products Advisory Committee; Notice of Meeting; Establishment of a Public Docket; Request for Comments
2021-02-16,2021-03-23,,,,,,True,,2021-03066,https://www.federalregister.gov/documents/2021/02/16/2021-03066/general-and-plastic-surgery-devices-panel-of-the-medical-devices-advisory-committee-notice-of,"General and Plastic Surgery Devices Panel of the Medical Devices Advisory Committee, Notice of Meeting"
2021-02-16,2021-03-24,,,,,,True,,2021-03068,https://www.federalregister.gov/documents/2021/02/16/2021-03068/joint-meeting-of-the-arthritis-advisory-committee-and-the-drug-safety-and-risk-management-advisory,Joint Meeting of the Arthritis Advisory Committee and the Drug Safety and Risk Management Advisory Committee; Notice of Meeting; Establishment of a Public Docket; Request for Comments
2021-02-18,,,,,,,False,no_meeting_date,2021-03239,https://www.federalregister.gov/documents/2021/02/18/2021-03239/advisory-committee-technical-electronic-product-radiation-safety-standards-committee-renewal,Advisory Committee; Technical Electronic Product Radiation Safety Standards Committee; Renewal
2021-03-03,2021-04-06,,,,,,True,,2021-04371,https://www.federalregister.gov/documents/2021/03/03/2021-04371/circulatory-system-devices-panel-of-the-medical-devices-advisory-committee-notice-of-meeting,Circulatory System Devices Panel of the Medical Devices Advisory Committee; Notice of Meeting
2021-03-04,2021-04-05,,,,,,True,,2021-04450,https://www.federalregister.gov/documents/2021/03/04/2021-04450/request-for-nominations-on-device-good-manufacturing-practice-advisory-committee,Request for Nominations on Device Good Manufacturing Practice Advisory Committee
2021-03-12,2021-03-12,,,,,,False,short_lead,2021-05105,https://www.federalregister.gov/documents/2021/03/12/2021-05105/withdrawal-of-approval-of-five-abbreviated-new-drug-applications-for-bacitracin-for-injection,Withdrawal of Approval of Five Abbreviated New Drug Applications for Bacitracin for Injection
2021-03-12,2021-04-27,Oncologic Drugs Advisory Committee,,,,,True,,2021-05202,https://www.federalregister.gov/documents/2021/03/12/2021-05202/oncologic-drugs-advisory-committee-notice-of-meeting-establishment-of-a-public-docket-request-for,Oncologic Drugs Advisory Committee; Notice of Meeting; Establishment of a Public Docket; Request for Comments
2021-03-24,2021-05-24,,,,,,True,,2021-06060,https://www.federalregister.gov/documents/2021/03/24/2021-06060/list-of-bulk-drug-substances-for-which-there-is-a-clinical-need-under-the-federal-food-drug-and,"List of Bulk Drug Substances for Which There Is a Clinical Need Under the Federal Food, Drug, and Cosmetic Act"
2021-03-25,2021-04-26,Psychopharmacologic Drugs Advisory Committee,,,,,True,,2021-06206,https://www.federalregister.gov/documents/2021/03/25/2021-06206/request-for-nominations-for-individuals-and-consumer-organizations-for-advisory-committees,Request for Nominations for Individuals and Consumer Organizations for Advisory Committees
2021-03-26,2021-05-25,,,,,,True,,2021-06259,https://www.federalregister.gov/documents/2021/03/26/2021-06259/request-for-nominations-for-voting-members-on-a-public-advisory-committee-blood-products-advisory,Request for Nominations for Voting Members on a Public Advisory Committee; Blood Products Advisory Committee
2021-03-26,2021-05-06,,,,,,True,,2021-06265,https://www.federalregister.gov/documents/2021/03/26/2021-06265/arthritis-advisory-committee-notice-of-meeting-establishment-of-a-public-docket-request-for-comments,Arthritis Advisory Committee; Notice of Meeting; Establishment of a Public Docket; Request for Comments
2021-04-01,2021-05-27,Endocrinologic and Metabolic Drugs Advisory Committee,,,,,True,,2021-06708,https://www.federalregister.gov/documents/2021/04/01/2021-06708/endocrinologic-and-metabolic-drugs-advisory-committee-notice-of-meeting-establishment-of-a-public,Endocrinologic and Metabolic Drugs Advisory Committee; Notice of Meeting; Establishment of a Public Docket; Request for Comments
2021-04-05,2021-05-11,,,,,,True,,2021-06930,https://www.federalregister.gov/documents/2021/04/05/2021-06930/science-advisory-board-to-the-national-center-for-toxicological-research-advisory-committee-notice,Science Advisory Board to the National Center for Toxicological Research Advisory Committee; Notice of Meeting
2021-04-13,2021-05-11,Oncologic Drugs Advisory Committee,,,,,True,,2021-07546,https://www.federalregister.gov/documents/2021/04/13/2021-07546/pediatric-oncology-subcommittee-of-the-oncologic-drugs-advisory-committee-notice-of-meeting,Pediatric Oncology Subcommittee of the Oncologic Drugs Advisory Committee; Notice of Meeting; Establishment of a Public Docket; Request for Comments
2021-04-13,2021-05-13,,,,,,True,,2021-07549,https://www.federalregister.gov/documents/2021/04/13/2021-07549/agency-information-collection-activities-submission-for-office-of-management-and-budget-review,Agency Information Collection Activities; Submission for Office of Management and Budget Review; Comment Request; Formal Dispute Resolution: Scientific and Technical Issues Related to Pharmaceutical C
2021-05-07,2021-06-09,,,,,,True,,2021-09621,https://www.federalregister.gov/documents/2021/05/07/2021-09621/pharmacy-compounding-advisory-committee-notice-of-meeting-establishment-of-a-public-docket-request,Pharmacy Compounding Advisory Committee; Notice of Meeting; Establishment of a Public Docket; Request for Comments
2021-05-14,,,,,,,False,no_meeting_date,2021-10167,https://www.federalregister.gov/documents/2021/05/14/2021-10167/neurological-devices-panel-of-the-medical-devices-advisory-committee-notice-of-meeting,Neurological Devices Panel of the Medical Devices Advisory Committee; Notice of Meeting
2021-05-14,2021-06-24,Oncologic Drugs Advisory Committee,,,,,True,,2021-10181,https://www.federalregister.gov/documents/2021/05/14/2021-10181/oncologic-drugs-advisory-committee-notice-of-meeting-establishment-of-a-public-docket-request-for,Oncologic Drugs Advisory Committee; Notice of Meeting; Establishment of a Public Docket; Request for Comments
2021-05-21,2021-07-15,Cardiovascular and Renal Drugs Advisory Committee,,,,,True,,2021-10751,https://www.federalregister.gov/documents/2021/05/21/2021-10751/cardiovascular-and-renal-drugs-advisory-committee-notice-of-meeting-establishment-of-a-public-docket,Cardiovascular and Renal Drugs Advisory Committee; Notice of Meeting; Establishment of a Public Docket; Request for Comments
2021-05-21,2021-06-10,Vaccines and Related Biological Products Advisory Committee,,,,,True,,2021-10784,https://www.federalregister.gov/documents/2021/05/21/2021-10784/vaccines-and-related-biological-products-advisory-committee-notice-of-meeting-establishment-of-a,Vaccines and Related Biological Products Advisory Committee; Notice of Meeting; Establishment of a Public Docket; Request for Comments
2021-06-10,,,,,,,False,no_meeting_date,2021-12174,https://www.federalregister.gov/documents/2021/06/10/2021-12174/advisory-committee-medical-imaging-drugs-advisory-committee-renewal,Advisory Committee; Medical Imaging Drugs Advisory Committee; Renewal
2021-06-11,2021-07-14,,,,,,True,,2021-12266,https://www.federalregister.gov/documents/2021/06/11/2021-12266/gastroenterology-and-urology-devices-panel-of-the-medical-devices-advisory-committee-notice-of,Gastroenterology and Urology Devices Panel of the Medical Devices Advisory Committee; Notice of Meeting
2021-07-02,2021-08-03,,,,,,True,,2021-14212,https://www.federalregister.gov/documents/2021/07/02/2021-14212/circulatory-system-devices-panel-of-the-medical-devices-advisory-committee-notice-of-meeting,Circulatory System Devices Panel of the Medical Devices Advisory Committee; Notice of Meeting
2021-07-23,2021-08-09,,,,,,True,,2021-15685,https://www.federalregister.gov/documents/2021/07/23/2021-15685/international-drug-scheduling-convention-on-psychotropic-substances-single-convention-on-narcotic,"International Drug Scheduling; Convention on Psychotropic Substances; Single Convention on Narcotic Drugs; 4F-MDMB-BICA (4F-MDMB-BUTICA); Brorphine; Metonitazene; Eutylone (bk-EBDB); BMDP (3,4-Methyle"
2021-07-26,,,,,,,False,no_meeting_date,2021-15783,https://www.federalregister.gov/documents/2021/07/26/2021-15783/cellular-tissue-and-gene-therapies-advisory-committee-notice-of-meeting-establishment-of-a-public,"Cellular, Tissue and Gene Therapies Advisory Committee; Notice of Meeting; Establishment of a Public Docket; Request for Comments"
2021-07-29,2021-09-27,,,,,,True,,2021-16175,https://www.federalregister.gov/documents/2021/07/29/2021-16175/rabies-developing-monoclonal-antibody-cocktails-for-the-passive-immunization-component-of,Rabies: Developing Monoclonal Antibody Cocktails for the Passive Immunization Component of Post-Exposure Prophylaxis; Draft Guidance for Industry; Availability
2021-08-02,2021-10-07,,,,,,True,,2021-16356,https://www.federalregister.gov/documents/2021/08/02/2021-16356/antimicrobial-drugs-advisory-committee-notice-of-meeting-establishment-of-a-public-docket-request,Antimicrobial Drugs Advisory Committee; Notice of Meeting; Establishment of a Public Docket; Request for Comments
2021-08-09,2021-08-09,Oncologic Drugs Advisory Committee,,,,,False,short_lead,2021-16929,https://www.federalregister.gov/documents/2021/08/09/2021-16929/nonmetastatic-castration-resistant-prostate-cancer-considerations-for-metastasis-free-survival,Nonmetastatic Castration-Resistant Prostate Cancer: Considerations for Metastasis-Free Survival Endpoint in Clinical Trials; Guidance for Industry; Availability
2021-08-10,2021-09-17,Pediatric Advisory Committee,,Device,,,True,,2021-16984,https://www.federalregister.gov/documents/2021/08/10/2021-16984/pediatric-advisory-committee-notice-of-meeting-establishment-of-a-public-docket-request-for-comments,Pediatric Advisory Committee; Notice of Meeting; Establishment of a Public Docket; Request for Comments
2021-08-10,2021-09-24,Pediatric Advisory Committee,,,,,True,,2021-17041,https://www.federalregister.gov/documents/2021/08/10/2021-17041/post-marketing-pediatric-focused-product-safety-reviews-establishment-of-a-public-docket-request-for,Post-Marketing Pediatric-Focused Product Safety Reviews; Establishment of a Public Docket; Request for Comments
2021-08-11,2021-09-27,Psychopharmacologic Drugs Advisory Committee,,,,,True,,2021-17066,https://www.federalregister.gov/documents/2021/08/11/2021-17066/request-for-nominations-for-individuals-and-consumer-organizations-for-advisory-committees,Request for Nominations for Individuals and Consumer Organizations for Advisory Committees
2021-08-11,,,,,,,False,no_meeting_date,2021-17118,https://www.federalregister.gov/documents/2021/08/11/2021-17118/patient-engagement-advisory-committee-notice-of-meeting,Patient Engagement Advisory Committee; Notice of Meeting
2021-08-24,2021-09-30,Vaccines and Related Biological Products Advisory Committee,,,,,True,,2021-18107,https://www.federalregister.gov/documents/2021/08/24/2021-18107/vaccines-and-related-biological-products-advisory-committee-notice-of-meeting-establishment-of-a,Vaccines and Related Biological Products Advisory Committee; Notice of Meeting; Establishment of a Public Docket; Request for Comments
2021-08-26,2021-10-20,,,,,,True,,2021-18394,https://www.federalregister.gov/documents/2021/08/26/2021-18394/general-and-plastic-surgery-devices-panel-of-the-medical-devices-advisory-committee-notice-of,General and Plastic Surgery Devices Panel of the Medical Devices Advisory Committee; Notice of Meeting
2021-08-26,2021-08-27,Nonprescription Drugs Advisory Committee,,,,,False,short_lead,2021-18396,https://www.federalregister.gov/documents/2021/08/26/2021-18396/advisory-committee-nonprescription-drugs-advisory-committee-renewal,Advisory Committee; Nonprescription Drugs Advisory Committee; Renewal
2021-08-26,,,,,,,False,no_meeting_date,2021-18403,https://www.federalregister.gov/documents/2021/08/26/2021-18403/circulatory-system-devices-panel-of-the-medical-devices-advisory-committee-notice-of-meeting,Circulatory System Devices Panel of the Medical Devices Advisory Committee; Notice of Meeting
2021-09-01,2021-11-04,Psychopharmacologic Drugs Advisory Committee,,,,,True,,2021-18892,https://www.federalregister.gov/documents/2021/09/01/2021-18892/psychopharmacologic-drugs-advisory-committee-notice-of-meeting-establishment-of-a-public-docket,Psychopharmacologic Drugs Advisory Committee; Notice of Meeting; Establishment of a Public Docket; Request for Comments
2021-09-02,2021-10-04,,,,,,True,,2021-18928,https://www.federalregister.gov/documents/2021/09/02/2021-18928/proposal-to-refuse-to-approve-a-new-drug-application-for-itca-650-exenatide-in-duros-device,Proposal To Refuse To Approve a New Drug Application for ITCA 650 (Exenatide in DUROS Device); Opportunity for a Hearing
2021-09-03,2021-10-28,Oncologic Drugs Advisory Committee,,,,,True,,2021-19024,https://www.federalregister.gov/documents/2021/09/03/2021-19024/oncologic-drugs-advisory-committee-notice-of-meeting-establishment-of-a-public-docket-request-for,Oncologic Drugs Advisory Committee; Notice of Meeting; Establishment of a Public Docket; Request for Comments
2021-09-03,,,,,,,False,no_meeting_date,2021-19108,https://www.federalregister.gov/documents/2021/09/03/2021-19108/advisory-committee-national-mammography-quality-assurance-advisory-committee-renewal,Advisory Committee; National Mammography Quality Assurance Advisory Committee; Renewal
2021-09-07,2021-09-07,Pediatric Advisory Committee,,,,,False,short_lead,2021-19216,https://www.federalregister.gov/documents/2021/09/07/2021-19216/pediatric-advisory-committee-notice-of-meeting-establishment-of-a-public-docket-request-for-comments,Pediatric Advisory Committee; Notice of Meeting; Establishment of a Public Docket; Request for Comments; Correction
2021-09-07,2021-09-17,Vaccines and Related Biological Products Advisory Committee,,,,,True,,2021-19394,https://www.federalregister.gov/documents/2021/09/07/2021-19394/vaccines-and-related-biological-products-advisory-committee-notice-of-meeting-establishment-of-a,Vaccines and Related Biological Products Advisory Committee; Notice of Meeting; Establishment of a Public Docket; Request for Comments
2021-09-08,2021-11-08,,,,,,True,,2021-19444,https://www.federalregister.gov/documents/2021/09/08/2021-19444/request-for-nominations-for-voting-members-on-a-public-advisory-committee-the-tobacco-products,Request for Nominations for Voting Members on a Public Advisory Committee; the Tobacco Products Scientific Advisory Committee
2021-09-09,2021-10-28,,,,,,True,,2021-19436,https://www.federalregister.gov/documents/2021/09/09/2021-19436/allergenic-products-advisory-committee-notice-of-meeting,Allergenic Products Advisory Committee; Notice of Meeting
2021-09-09,2021-10-13,,,,,,True,,2021-19437,https://www.federalregister.gov/documents/2021/09/09/2021-19437/reconsidering-mandatory-opioid-prescriber-education-through-a-risk-evaluation-and-mitigation,Reconsidering Mandatory Opioid Prescriber Education Through a Risk Evaluation and Mitigation Strategy in an Evolving Opioid Crisis; Public Workshop; Request for Comments
2021-09-13,2021-11-04,,,,,,True,,2021-19686,https://www.federalregister.gov/documents/2021/09/13/2021-19686/blood-products-advisory-committee-notice-of-meeting,Blood Products Advisory Committee; Notice of Meeting
2021-09-21,2022-01-19,,,States,,,True,,2021-19967,https://www.federalregister.gov/documents/2021/09/21/2021-19967/import-tolerances-for-residues-of-unapproved-new-animal-drugs-in-food,Import Tolerances for Residues of Unapproved New Animal Drugs in Food
2021-09-22,2021-11-02,,,,,,True,,2021-20432,https://www.federalregister.gov/documents/2021/09/22/2021-20432/reauthorization-of-the-biosimilar-user-fee-act-public-meeting-request-for-comments,Reauthorization of the Biosimilar User Fee Act; Public Meeting; Request for Comments
2021-09-24,2021-12-08,Cardiovascular and Renal Drugs Advisory Committee,,,,,True,,2021-20733,https://www.federalregister.gov/documents/2021/09/24/2021-20733/cardiovascular-and-renal-drugs-advisory-committee-notice-of-meeting-establishment-of-a-public-docket,Cardiovascular and Renal Drugs Advisory Committee; Notice of Meeting; Establishment of a Public Docket; Request for Comments
2021-09-24,2021-12-02,Oncologic Drugs Advisory Committee,,,,,True,,2021-20740,https://www.federalregister.gov/documents/2021/09/24/2021-20740/oncologic-drugs-advisory-committee-notice-of-meeting-establishment-of-a-public-docket-request-for,Oncologic Drugs Advisory Committee; Notice of Meeting; Establishment of a Public Docket; Request for Comments
2021-09-28,,,,,,,False,no_meeting_date,2021-21000,https://www.federalregister.gov/documents/2021/09/28/2021-21000/public-workshop-analgesic-clinical-trial-designs-extrapolation-and-endpoints-in-patients-from-birth,"Public Workshop: Analgesic Clinical Trial Designs, Extrapolation, and Endpoints in Patients From Birth to Less Than Two Years of Age"
2021-10-05,2021-11-04,,,,,,True,,2021-21011,https://www.federalregister.gov/documents/2021/10/05/2021-21011/premarket-tobacco-product-applications-and-recordkeeping-requirements,Premarket Tobacco Product Applications and Recordkeeping Requirements
2021-10-05,2022-01-03,,,,,,True,,2021-21677,https://www.federalregister.gov/documents/2021/10/05/2021-21677/medical-device-de-novo-classification-process,Medical Device De Novo Classification Process
2021-10-07,2021-10-13,Vaccines and Related Biological Products Advisory Committee,,,,,True,,2021-22037,https://www.federalregister.gov/documents/2021/10/07/2021-22037/vaccines-and-related-biological-products-advisory-committee-notice-of-meeting-establishment-of-a,Vaccines and Related Biological Products Advisory Committee; Notice of Meeting; Establishment of a Public Docket; Request for Comments
2021-10-08,2021-10-08,,,,,,False,short_lead,2021-22041,https://www.federalregister.gov/documents/2021/10/08/2021-22041/general-and-plastic-surgery-devices-reclassification-of-certain-surgical-staplers,General and Plastic Surgery Devices; Reclassification of Certain Surgical Staplers
2021-10-13,2021-10-26,Vaccines and Related Biological Products Advisory Committee,,,,,True,,2021-22452,https://www.federalregister.gov/documents/2021/10/13/2021-22452/vaccines-and-related-biological-products-advisory-committee-notice-of-meeting-establishment-of-a,Vaccines and Related Biological Products Advisory Committee; Notice of Meeting; Establishment of a Public Docket; Request for Comments
2021-10-14,2021-10-14,,,,,,False,short_lead,2021-22453,https://www.federalregister.gov/documents/2021/10/14/2021-22453/voluntary-sodium-reduction-goals-target-mean-and-upper-bound-concentrations-for-sodium-in,"Voluntary Sodium Reduction Goals: Target Mean and Upper Bound Concentrations for Sodium in Commercially Processed, Packaged, and Prepared Foods; Guidance for Industry; Availability"
2021-10-26,2021-12-10,,,,,,True,,2021-23334,https://www.federalregister.gov/documents/2021/10/26/2021-23334/neurological-devices-panel-of-the-medical-devices-advisory-committee-notice-of-meeting,Neurological Devices Panel of the Medical Devices Advisory Committee; Notice of Meeting
2021-10-27,2021-11-30,,,,,,True,,2021-23384,https://www.federalregister.gov/documents/2021/10/27/2021-23384/antimicrobial-drugs-advisory-committee-notice-of-meeting-establishment-of-a-public-docket-request,Antimicrobial Drugs Advisory Committee; Notice of Meeting; Establishment of a Public Docket; Request for Comments
2021-10-29,2021-10-29,,,,,,False,short_lead,2021-23666,https://www.federalregister.gov/documents/2021/10/29/2021-23666/advice-about-eating-fish-for-those-who-might-become-or-are-pregnant-or-breastfeeding-and-children,"Advice About Eating Fish: For Those Who Might Become or Are Pregnant or Breastfeeding and Children Ages 1-11 Years, From the Environmental Protection Agency and Food and Drug Administration; Revised F"
2021-11-22,2021-11-22,,,,,,False,short_lead,2021-25376,https://www.federalregister.gov/documents/2021/11/22/2021-25376/medical-devices-general-and-plastic-surgery-devices-reclassification-of-blood-lancets,Medical Devices; General and Plastic Surgery Devices; Reclassification of Blood Lancets
2021-11-22,2021-11-22,,,,,,False,short_lead,2021-25381,https://www.federalregister.gov/documents/2021/11/22/2021-25381/effective-date-of-requirement-for-premarket-approval-for-blood-lancets,Effective Date of Requirement for Premarket Approval for Blood Lancets
2021-11-24,2022-01-24,,,,,,True,,2021-25372,https://www.federalregister.gov/documents/2021/11/24/2021-25372/microbiology-devices-reclassification-of-human-immunodeficiency-virus-viral-load-monitoring-tests,Microbiology Devices; Reclassification of Human Immunodeficiency Virus Viral Load Monitoring Tests
2021-11-30,2022-01-31,,,,,,True,,2021-26002,https://www.federalregister.gov/documents/2021/11/30/2021-26002/request-for-nominations-for-voting-members-on-a-public-advisory-committee-technical-electronic,Request for Nominations for Voting Members on a Public Advisory Committee; Technical Electronic Product Radiation Safety Standards Committee
2021-12-01,,,,,,,False,no_meeting_date,2021-26118,https://www.federalregister.gov/documents/2021/12/01/2021-26118/advisory-committee-patient-engagement-advisory-committee-renewal,Advisory Committee; Patient Engagement Advisory Committee; Renewal
2021-12-03,2022-02-01,,,,,,True,,2021-26258,https://www.federalregister.gov/documents/2021/12/03/2021-26258/request-for-nominations-of-voting-members-on-a-public-advisory-committee-national-mammography,Request for Nominations of Voting Members on a Public Advisory Committee; National Mammography Quality Assurance Advisory Committee
2021-12-03,2022-01-03,,,,,,True,,2021-26264,https://www.federalregister.gov/documents/2021/12/03/2021-26264/request-for-nominations-on-the-national-mammography-quality-assurance-advisory-committee,Request for Nominations on the National Mammography Quality Assurance Advisory Committee
2021-12-13,2022-02-10,Oncologic Drugs Advisory Committee,,,,,True,,2021-26891,https://www.federalregister.gov/documents/2021/12/13/2021-26891/oncologic-drugs-advisory-committee-notice-of-meeting-establishment-of-a-public-docket-request-for,Oncologic Drugs Advisory Committee; Notice of Meeting; Establishment of a Public Docket; Request for Comments
2021-12-15,2022-03-15,,,,,,True,,2021-27137,https://www.federalregister.gov/documents/2021/12/15/2021-27137/medical-devices-orthopedic-devices-classification-of-spinal-spheres-for-use-in-intervertebral-fusion,Medical Devices; Orthopedic Devices; Classification of Spinal Spheres for Use in Intervertebral Fusion Procedures
2021-12-17,2022-02-15,,,,,,True,,2021-27376,https://www.federalregister.gov/documents/2021/12/17/2021-27376/request-for-nominations-for-voting-members-on-public-advisory-panels-of-the-medical-devices-advisory,Request for Nominations for Voting Members on Public Advisory Panels of the Medical Devices Advisory Committee
2022-01-03,2022-01-03,,,,,,False,short_lead,2021-28385,https://www.federalregister.gov/documents/2022/01/03/2021-28385/statement-of-organization-functions-and-delegations-of-authority,"Statement of Organization, Functions, and Delegations of Authority"
2022-01-03,2022-02-02,,,,,,True,,2021-28453,https://www.federalregister.gov/documents/2022/01/03/2021-28453/request-for-nominations-on-public-advisory-panels-of-the-medical-devices-advisory-committee,Request for Nominations on Public Advisory Panels of the Medical Devices Advisory Committee
2022-01-04,2022-02-15,,,,,,True,,2021-28474,https://www.federalregister.gov/documents/2022/01/04/2021-28474/joint-meeting-of-the-anesthetic-and-analgesic-drug-products-advisory-committee-and-the-drug-safety,Joint Meeting of the Anesthetic and Analgesic Drug Products Advisory Committee and the Drug Safety and Risk Management Advisory Committee; Notice of Meeting; Establishment of a Public Docket; Request 
2022-01-21,2022-04-21,,,,,,True,,2022-01156,https://www.federalregister.gov/documents/2022/01/21/2022-01156/medical-devices-immunology-and-microbiology-devices-classification-of-human-leukocyte-neutrophil-and,"Medical Devices; Immunology and Microbiology Devices; Classification of Human Leukocyte, Neutrophil and Platelet Antigen and Antibody Tests"
2022-01-25,2022-03-03,Vaccines and Related Biological Products Advisory Committee,,,,,True,,2022-01368,https://www.federalregister.gov/documents/2022/01/25/2022-01368/vaccines-and-related-biological-products-advisory-committee-notice-of-meeting-establishment-of-a,Vaccines and Related Biological Products Advisory Committee; Notice of Meeting; Establishment of a Public Docket; Request for Comments
2022-01-26,2022-01-26,,,,,,False,short_lead,2022-01374,https://www.federalregister.gov/documents/2022/01/26/2022-01374/patient-engagement-in-the-design-and-conduct-of-medical-device-clinical-studies-guidance-for,"Patient Engagement in the Design and Conduct of Medical Device Clinical Studies; Guidance for Industry, Food and Drug Administration Staff, and Other Stakeholders; Availability"
2022-01-27,2022-01-27,,,,,,False,short_lead,2022-01558,https://www.federalregister.gov/documents/2022/01/27/2022-01558/list-of-bulk-drug-substances-for-which-there-is-a-clinical-need-under-section-503b-of-the-federal,"List of Bulk Drug Substances for Which There Is a Clinical Need Under Section 503B of the Federal Food, Drug, and Cosmetic Act"
2022-01-28,2022-03-14,Endocrinologic and Metabolic Drugs Advisory Committee,,,,,True,,2022-01724,https://www.federalregister.gov/documents/2022/01/28/2022-01724/request-for-nominations-for-individuals-and-consumer-organizations-for-advisory-committees,Request for Nominations for Individuals and Consumer Organizations for Advisory Committees
2022-01-31,,,,,,,False,no_meeting_date,2022-01858,https://www.federalregister.gov/documents/2022/01/31/2022-01858/advisory-committee-vaccines-and-related-biological-products-advisory-committee-renewal,Advisory Committee; Vaccines and Related Biological Products Advisory Committee; Renewal
2022-02-04,2022-02-15,Vaccines and Related Biological Products Advisory Committee,,,,,True,,2022-02390,https://www.federalregister.gov/documents/2022/02/04/2022-02390/vaccines-and-related-biological-products-advisory-committee-notice-of-meeting-establishment-of-a,Vaccines and Related Biological Products Advisory Committee; Notice of Meeting; Establishment of a Public Docket; Request for Comments
2022-02-15,2022-02-28,,,,,,True,,2022-03229,https://www.federalregister.gov/documents/2022/02/15/2022-03229/international-drug-scheduling-convention-on-psychotropic-substances-single-convention-on-narcotic,International Drug Scheduling; Convention on Psychotropic Substances; Single Convention on Narcotic Drugs; World Health Organization; Scheduling Recommendations; Brorphine; Metonitazene; Eutylone; Req
2022-02-16,2022-03-18,,,,,,True,,2022-03257,https://www.federalregister.gov/documents/2022/02/16/2022-03257/request-for-nominations-on-the-technical-electronic-product-radiation-safety-standards-committee,Request for Nominations on the Technical Electronic Product Radiation Safety Standards Committee
2022-02-16,2022-03-10,,,,,,True,,2022-03366,https://www.federalregister.gov/documents/2022/02/16/2022-03366/cellular-tissue-and-gene-therapies-advisory-committee-notice-of-meeting,"Cellular, Tissue and Gene Therapies Advisory Committee; Notice of Meeting"
2022-02-17,2022-03-30,Peripheral and Central Nervous System Drugs Advisory Committee,,,,,True,,2022-03430,https://www.federalregister.gov/documents/2022/02/17/2022-03430/peripheral-and-central-nervous-system-drugs-advisory-committee-notice-of-meeting-establishment-of-a,Peripheral and Central Nervous System Drugs Advisory Committee; Notice of Meeting; Establishment of a Public Docket; Request for Comments
2022-02-17,2022-03-02,,,,,,True,,2022-03476,https://www.federalregister.gov/documents/2022/02/17/2022-03476/device-good-manufacturing-practice-advisory-committee-notice-of-meeting,Device Good Manufacturing Practice Advisory Committee; Notice of Meeting
2022-02-23,2022-05-24,,,,,,True,,2022-03227,https://www.federalregister.gov/documents/2022/02/23/2022-03227/medical-devices-quality-system-regulation-amendments,Medical Devices; Quality System Regulation Amendments
2022-03-10,2022-04-21,Oncologic Drugs Advisory Committee,,,,,True,,2022-05022,https://www.federalregister.gov/documents/2022/03/10/2022-05022/oncologic-drugs-advisory-committee-notice-of-meeting-establishment-of-a-public-docket-request-for,Oncologic Drugs Advisory Committee; Notice of Meeting; Establishment of a Public Docket; Request for Comments
2022-03-22,2022-04-06,Vaccines and Related Biological Products Advisory Committee,,,,,True,,2022-06053,https://www.federalregister.gov/documents/2022/03/22/2022-06053/vaccines-and-related-biological-products-advisory-committee-notice-of-meeting-establishment-of-a,Vaccines and Related Biological Products Advisory Committee; Notice of Meeting; Establishment of a Public Docket; Request for Comments
2022-03-23,2022-03-23,,,,,,False,short_lead,2022-05965,https://www.federalregister.gov/documents/2022/03/23/2022-05965/advisory-committee-bone-reproductive-and-urologic-drugs-advisory-committee-change-of-name-and,"Advisory Committee; Bone, Reproductive and Urologic Drugs Advisory Committee; Change of Name and Function; Technical Amendment"
2022-03-23,,,,,,,False,no_meeting_date,2022-05973,https://www.federalregister.gov/documents/2022/03/23/2022-05973/advisory-committee-obstetrics-reproductive-and-urologic-drugs-advisory-committee-renewal,"Advisory Committee; Obstetrics, Reproductive and Urologic Drugs Advisory Committee; Renewal"
2022-03-24,2022-03-24,Oncologic Drugs Advisory Committee,,FARYDAK,,,False,short_lead,2022-06182,https://www.federalregister.gov/documents/2022/03/24/2022-06182/secura-bio-inc-withdrawal-of-approval-of-new-drug-application-for-farydak-panobinostat-capsules-10,"Secura Bio, Inc.; Withdrawal of Approval of New Drug Application for FARYDAK (Panobinostat) Capsules, 10 Milligrams, 15 Milligrams, and 20 Milligrams"
2022-04-07,2022-05-11,Oncologic Drugs Advisory Committee,,,,,True,,2022-07378,https://www.federalregister.gov/documents/2022/04/07/2022-07378/pediatric-oncology-subcommittee-of-the-oncologic-drugs-advisory-committee-notice-of-meeting,Pediatric Oncology Subcommittee of the Oncologic Drugs Advisory Committee; Notice of Meeting; Establishment of a Public Docket; Request for Comments
2022-04-07,2022-04-19,,,,,,True,,2022-07451,https://www.federalregister.gov/documents/2022/04/07/2022-07451/medical-device-user-fee-amendments-public-meeting-request-for-comments,Medical Device User Fee Amendments; Public Meeting; Request for Comments
2022-04-14,2022-07-12,,,,,,True,,2022-08013,https://www.federalregister.gov/documents/2022/04/14/2022-08013/patient-engagement-advisory-committee-notice-of-meeting,Patient Engagement Advisory Committee; Notice of Meeting
2022-04-14,2022-06-09,,,elivaldogene,,,True,,2022-08022,https://www.federalregister.gov/documents/2022/04/14/2022-08022/cellular-tissue-and-gene-therapies-advisory-committee-notice-of-meeting-establishment-of-a-public,"Cellular, Tissue and Gene Therapies Advisory Committee; Notice of Meeting; Establishment of a Public Docket; Request for Comments"
2022-04-20,2022-05-18,,,,,,True,,2022-08460,https://www.federalregister.gov/documents/2022/04/20/2022-08460/science-advisory-board-to-the-national-center-for-toxicological-research-advisory-committee-notice,Science Advisory Board to the National Center for Toxicological Research Advisory Committee; Notice of Meeting
2022-04-28,2022-05-31,Pediatric Advisory Committee,,,,,True,,2022-09071,https://www.federalregister.gov/documents/2022/04/28/2022-09071/request-for-nominations-on-the-pediatric-advisory-committee,Request for Nominations on the Pediatric Advisory Committee
2022-04-28,,,,,,,False,no_meeting_date,2022-09076,https://www.federalregister.gov/documents/2022/04/28/2022-09076/advisory-committee-pharmaceutical-science-and-clinical-pharmacology-advisory-committee-renewal,Advisory Committee; Pharmaceutical Science and Clinical Pharmacology Advisory Committee; Renewal
2022-05-02,2022-05-02,Oncologic Drugs Advisory Committee,,MARQIBO,,,False,short_lead,2022-09235,https://www.federalregister.gov/documents/2022/05/02/2022-09235/acrotech-biopharma-llc-withdrawal-of-approval-of-new-drug-application-for-marqibo-vincristine,"Acrotech Biopharma LLC; Withdrawal of Approval of New Drug Application for MARQIBO (VinCRIStine Sulfate LIPOSOME Injection), 5 milligrams/5 milliliters"
2022-05-03,2022-06-17,Psychopharmacologic Drugs Advisory Committee,,,,,True,,2022-09433,https://www.federalregister.gov/documents/2022/05/03/2022-09433/psychopharmacologic-drugs-advisory-committee-notice-of-meeting-establishment-of-a-public-docket,Psychopharmacologic Drugs Advisory Committee; Notice of Meeting; Establishment of a Public Docket; Request for Comments
2022-05-04,2022-07-05,,,,,,True,,2022-08993,https://www.federalregister.gov/documents/2022/05/04/2022-08993/tobacco-product-standard-for-characterizing-flavors-in-cigars,Tobacco Product Standard for Characterizing Flavors in Cigars
2022-05-04,2022-07-05,,,,,,True,,2022-08994,https://www.federalregister.gov/documents/2022/05/04/2022-08994/tobacco-product-standard-for-menthol-in-cigarettes,Tobacco Product Standard for Menthol in Cigarettes
2022-05-05,,,,,,,False,no_meeting_date,2022-09610,https://www.federalregister.gov/documents/2022/05/05/2022-09610/advisory-committee-anesthetic-and-analgesic-drug-products-advisory-committee-renewal,Advisory Committee; Anesthetic and Analgesic Drug Products Advisory Committee; Renewal
2022-05-06,2022-06-08,,,,,,True,,2022-09797,https://www.federalregister.gov/documents/2022/05/06/2022-09797/pharmacy-compounding-advisory-committee-notice-of-meeting-establishment-of-a-public-docket-request,Pharmacy Compounding Advisory Committee; Notice of Meeting; Establishment of a Public Docket; Request for Comments
2022-05-11,,Gastrointestinal Drugs Advisory Committee,,,,,False,no_meeting_date,2022-10040,https://www.federalregister.gov/documents/2022/05/11/2022-10040/advisory-committee-gastrointestinal-drugs-advisory-committee-renewal,Advisory Committee; Gastrointestinal Drugs Advisory Committee; Renewal
2022-05-16,2022-06-15,,,,,,True,,2022-10461,https://www.federalregister.gov/documents/2022/05/16/2022-10461/microbiology-devices-reclassification-of-human-immunodeficiency-virus-serological-diagnostic-and,Microbiology Devices; Reclassification of Human Immunodeficiency Virus Serological Diagnostic and Supplemental Tests and Human Immunodeficiency Virus Nucleic Acid Diagnostic and Supplemental Tests
2022-05-18,2022-06-14,,,,,,True,,2022-10697,https://www.federalregister.gov/documents/2022/05/18/2022-10697/science-board-to-the-food-and-drug-administration-advisory-committee-notice-of-meeting,Science Board to the Food and Drug Administration Advisory Committee; Notice of Meeting
2022-05-20,2022-05-20,,,,,,False,short_lead,2022-10530,https://www.federalregister.gov/documents/2022/05/20/2022-10530/natural-resources-defense-council-et-al-denial-of-food-additive-petition-denial-without-prejudice-of,"Natural Resources Defense Council, et al.; Denial of Food Additive Petition; Denial Without Prejudice of Food Additive Petition"
2022-05-20,2022-05-20,,,,,,False,short_lead,2022-10925,https://www.federalregister.gov/documents/2022/05/20/2022-10925/medical-devices-510k-sterility-change-master-file-pilot-program,Medical Devices; 510(k) Sterility Change Master File Pilot Program
2022-05-23,2022-05-23,Gastrointestinal Drugs Advisory Committee,,,,,False,short_lead,2022-10941,https://www.federalregister.gov/documents/2022/05/23/2022-10941/advisory-committee-gastrointestinal-drugs-advisory-committee-renewal-correction,Advisory Committee; Gastrointestinal Drugs Advisory Committee; Renewal; Correction
2022-05-24,2022-05-24,,,,,,False,short_lead,2022-11119,https://www.federalregister.gov/documents/2022/05/24/2022-11119/recommendations-to-reduce-the-possible-risk-of-transmission-of-creutzfeldt-jakob-disease-and-variant,Recommendations To Reduce the Possible Risk of Transmission of Creutzfeldt-Jakob Disease and Variant Creutzfeldt-Jakob Disease by Blood and Blood Components; Guidance for Industry; Availability
2022-05-26,2022-05-26,Oncologic Drugs Advisory Committee,,ZYDELIG,,,False,short_lead,2022-11277,https://www.federalregister.gov/documents/2022/05/26/2022-11277/gilead-sciences-inc-withdrawal-of-approval-of-indications-for-relapsed-follicular-lymphoma-and,"Gilead Sciences, Inc.; Withdrawal of Approval of Indications for Relapsed Follicular Lymphoma and Relapsed Small Lymphocytic Lymphoma for ZYDELIG (Idelalisib) Tablets"
2022-05-27,2022-07-28,,,,,,True,,2022-11420,https://www.federalregister.gov/documents/2022/05/27/2022-11420/general-and-plastic-surgery-devices-panel-of-the-medical-devices-advisory-committee-notice-of,General and Plastic Surgery Devices Panel of the Medical Devices Advisory Committee; Notice of Meeting; Establishment of a Public Docket; Request for Comments
2022-05-27,2022-07-26,,,,,,True,,2022-11477,https://www.federalregister.gov/documents/2022/05/27/2022-11477/withdrawing-rule-on-securing-updated-and-necessary-statutory-evaluations-timely,Withdrawing Rule on Securing Updated and Necessary Statutory Evaluations Timely
2022-05-31,2022-06-29,"Cellular, Tissue, and Gene Therapies Advisory Committee",,,,,True,,2022-11563,https://www.federalregister.gov/documents/2022/05/31/2022-11563/cellular-tissue-and-gene-therapies-advisory-committee-notice-of-meeting-establishment-of-a-public,"Cellular, Tissue, and Gene Therapies Advisory Committee; Notice of Meeting; Establishment of a Public Docket; Request for Comments"
2022-05-31,2022-05-31,Oncologic Drugs Advisory Committee,,UKONIQ,,,False,short_lead,2022-11631,https://www.federalregister.gov/documents/2022/05/31/2022-11631/tg-therapeutics-inc-withdrawal-of-approval-of-new-drug-application-for-ukoniq-umbralisib-tosylate,"TG Therapeutics, Inc.; Withdrawal of Approval of New Drug Application for UKONIQ (Umbralisib Tosylate) Tablets, Equivalent to 200 Milligrams Base"
2022-05-31,2022-06-07,Vaccines and Related Biological Products Advisory Committee,,,,,True,,2022-11668,https://www.federalregister.gov/documents/2022/05/31/2022-11668/vaccines-and-related-biological-products-advisory-committee-notice-of-meeting-establishment-of-a,Vaccines and Related Biological Products Advisory Committee; Notice of Meeting; Establishment of a Public Docket; Request for Comments
2022-05-31,2022-06-15,Vaccines and Related Biological Products Advisory Committee,,,,,True,,2022-11669,https://www.federalregister.gov/documents/2022/05/31/2022-11669/vaccines-and-related-biological-products-advisory-committee-notice-of-meeting-establishment-of-a,Vaccines and Related Biological Products Advisory Committee; Notice of Meeting; Establishment of a Public Docket; Request for Comments
2022-05-31,2022-06-28,Vaccines and Related Biological Products Advisory Committee,,,,,True,,2022-11670,https://www.federalregister.gov/documents/2022/05/31/2022-11670/vaccines-and-related-biological-products-advisory-committee-notice-of-meeting-establishment-of-a,Vaccines and Related Biological Products Advisory Committee; Notice of Meeting; Establishment of a Public Docket; Request for Comments
2022-06-07,2022-07-07,,,,,,True,,2022-12176,https://www.federalregister.gov/documents/2022/06/07/2022-12176/effects-of-the-covid-19-public-health-emergency-on-formal-meetings-and-user-fee-applications-for,Effects of the COVID-19 Public Health Emergency on Formal Meetings and User Fee Applications for Medical Devices-Questions and Answers (Revised); Withdrawal of Guidance
2022-06-08,,Psychopharmacologic Drugs Advisory Committee,,,,,False,no_meeting_date,2022-12366,https://www.federalregister.gov/documents/2022/06/08/2022-12366/advisory-committee-psychopharmacologic-drugs-advisory-committee-renewal,Advisory Committee; Psychopharmacologic Drugs Advisory Committee; Renewal
2022-06-08,,Peripheral and Central Nervous System Drugs Advisory Committee,,,,,False,no_meeting_date,2022-12368,https://www.federalregister.gov/documents/2022/06/08/2022-12368/advisory-committee-peripheral-and-central-nervous-system-drugs-advisory-committee-renewal,Advisory Committee; Peripheral and Central Nervous System Drugs Advisory Committee; Renewal
2022-06-08,,,,,,,False,no_meeting_date,2022-12369,https://www.federalregister.gov/documents/2022/06/08/2022-12369/advisory-committee-drug-safety-and-risk-management-advisory-committee-renewal,Advisory Committee; Drug Safety and Risk Management Advisory Committee; Renewal
2022-06-08,,Pulmonary-Allergy Drugs Advisory Committee,,,,,False,no_meeting_date,2022-12370,https://www.federalregister.gov/documents/2022/06/08/2022-12370/advisory-committee-pulmonary-allergy-drugs-advisory-committee-renewal,Advisory Committee; Pulmonary-Allergy Drugs Advisory Committee; Renewal
2022-06-13,,,,,,,False,no_meeting_date,2022-12655,https://www.federalregister.gov/documents/2022/06/13/2022-12655/advisory-committee-science-advisory-board-to-the-national-center-for-toxicological-research-renewal,Advisory Committee; Science Advisory Board to the National Center for Toxicological Research; Renewal
2022-06-30,2022-08-29,,,,,,True,,2022-13954,https://www.federalregister.gov/documents/2022/06/30/2022-13954/general-and-plastic-surgery-devices-reclassification-of-optical-diagnostic-devices-for-melanoma,"General and Plastic Surgery Devices; Reclassification of Optical Diagnostic Devices for Melanoma Detection and Electrical Impedance Spectrometers, To Be Renamed Computer-Aided Devices Which Provide Ad"
2022-07-01,2022-08-15,Endocrinologic and Metabolic Drugs Advisory Committee,,,,,True,,2022-14135,https://www.federalregister.gov/documents/2022/07/01/2022-14135/request-for-nominations-for-individuals-and-consumer-organizations-for-advisory-committees,Request for Nominations for Individuals and Consumer Organizations for Advisory Committees
2022-07-06,,,,,,,False,no_meeting_date,2022-14346,https://www.federalregister.gov/documents/2022/07/06/2022-14346/advisory-committee-pharmacy-compounding-advisory-committee-renewal,Advisory Committee; Pharmacy Compounding Advisory Committee; Renewal
2022-07-06,2022-08-05,,,,,,True,,2022-14359,https://www.federalregister.gov/documents/2022/07/06/2022-14359/request-for-nominations-on-public-advisory-panels-of-the-medical-devices-advisory-committee,Request for Nominations on Public Advisory Panels of the Medical Devices Advisory Committee
2022-07-11,2022-07-11,,,,,,False,short_lead,2022-14680,https://www.federalregister.gov/documents/2022/07/11/2022-14680/xellia-pharmaceuticals-usa-llc-withdrawal-of-approval-of-an-abbreviated-new-drug-application-for,"Xellia Pharmaceuticals USA, LLC; Withdrawal of Approval of an Abbreviated New Drug Application for Bacitracin for Injection"
2022-07-21,2022-09-22,Oncologic Drugs Advisory Committee,,,,,True,,2022-15609,https://www.federalregister.gov/documents/2022/07/21/2022-15609/oncologic-drugs-advisory-committee-notice-of-meeting-establishment-of-a-public-docket-request-for,Oncologic Drugs Advisory Committee; Notice of Meeting; Establishment of a Public Docket; Request for Comments
2022-07-28,2022-10-26,,,,,,True,,2022-16166,https://www.federalregister.gov/documents/2022/07/28/2022-16166/laser-assisted-in-situ-keratomileusis-lasers-patient-labeling-recommendations-draft-guidance-for,Laser-Assisted In Situ Keratomileusis Lasers-Patient Labeling Recommendations; Draft Guidance for Industry and Food and Drug Administration Staff; Availability
2022-08-03,2022-09-07,Peripheral and Central Nervous System Drugs Advisory Committee,,,,,True,,2022-16570,https://www.federalregister.gov/documents/2022/08/03/2022-16570/peripheral-and-central-nervous-system-drugs-advisory-committee-notice-of-meeting-establishment-of-a,Peripheral and Central Nervous System Drugs Advisory Committee; Notice of Meeting; Establishment of a Public Docket; Request for Comments
2022-08-03,2022-08-24,,,Protonitazene,,,True,,2022-16572,https://www.federalregister.gov/documents/2022/08/03/2022-16572/international-drug-scheduling-convention-on-psychotropic-substances-single-convention-on-narcotic,International Drug Scheduling; Convention on Psychotropic Substances; Single Convention on Narcotic Drugs; ADB-BUTINACA; Adinazolam; Bromazolam; Protonitazene (Propoxynitazene); Etazene (Etodesnitazen
2022-08-03,,,,,,,False,no_meeting_date,2022-16577,https://www.federalregister.gov/documents/2022/08/03/2022-16577/advisory-committee-blood-products-advisory-committee-renewal,Advisory Committee; Blood Products Advisory Committee; Renewal
2022-08-09,,,,,,,False,no_meeting_date,2022-17052,https://www.federalregister.gov/documents/2022/08/09/2022-17052/advisory-committee-allergenic-products-advisory-committee-renewal,"Advisory Committee; Allergenic Products Advisory Committee, Renewal"
2022-08-09,2022-09-22,Vaccines and Related Biological Products Advisory Committee,,,,,True,,2022-17059,https://www.federalregister.gov/documents/2022/08/09/2022-17059/vaccines-and-related-biological-products-advisory-committee-notice-of-meeting-establishment-of-a,Vaccines and Related Biological Products Advisory Committee; Notice of Meeting; Establishment of a Public Docket; Request for Comments
2022-08-10,2022-10-11,,,,,,True,,2022-17151,https://www.federalregister.gov/documents/2022/08/10/2022-17151/agency-information-collection-activities-proposed-collection-comment-request-mammography-quality,Agency Information Collection Activities; Proposed Collection; Comment Request; Mammography Quality Standards Act Requirements
2022-08-17,2022-10-17,,,,,,True,,2022-17230,https://www.federalregister.gov/documents/2022/08/17/2022-17230/medical-devices-ear-nose-and-throat-devices-establishing-over-the-counter-hearing-aids,"Medical Devices; Ear, Nose, and Throat Devices; Establishing Over-the-Counter Hearing Aids"
2022-08-17,2022-10-17,,,,,,True,,2022-17642,https://www.federalregister.gov/documents/2022/08/17/2022-17642/hydrogen-peroxide-based-contact-lens-care-products-consumer-labeling-recommendations-premarket,Hydrogen Peroxide-Based Contact Lens Care Products: Consumer Labeling Recommendations-Premarket Notification (510(k)) Submissions; Draft Guidance for Industry and Food and Drug Administration Staff; A
2022-08-17,2022-11-03,,,,,,True,,2022-17715,https://www.federalregister.gov/documents/2022/08/17/2022-17715/proposal-to-withdraw-approval-of-makena-hearing,Proposal To Withdraw Approval of MAKENA; Hearing
2022-08-18,2022-10-06,Vaccines and Related Biological Products Advisory Committee,,,,,True,,2022-17784,https://www.federalregister.gov/documents/2022/08/18/2022-17784/vaccines-and-related-biological-products-advisory-committee-notice-of-meeting-establishment-of-a,Vaccines and Related Biological Products Advisory Committee; Notice of Meeting; Establishment of a Public Docket; Request for Comments
2022-08-23,2022-11-02,,,,,,True,,2022-18087,https://www.federalregister.gov/documents/2022/08/23/2022-18087/pharmaceutical-science-and-clinical-pharmacology-advisory-committee-notice-of-meeting-establishment,Pharmaceutical Science and Clinical Pharmacology Advisory Committee; Notice of Meeting; Establishment of a Public Docket; Request for Comments
2022-08-23,2022-10-31,Endocrinologic and Metabolic Drugs Advisory Committee,,,,,True,,2022-18143,https://www.federalregister.gov/documents/2022/08/23/2022-18143/endocrinologic-and-metabolic-drugs-advisory-committee-notice-of-meeting-establishment-of-a-public,Endocrinologic and Metabolic Drugs Advisory Committee; Notice of Meeting; Establishment of a Public Docket; Request for Comments
2022-09-02,2022-10-20,,,,,,True,,2022-19030,https://www.federalregister.gov/documents/2022/09/02/2022-19030/clinical-chemistry-and-clinical-toxicology-devices-panel-of-the-medical-devices-advisory-committee,Clinical Chemistry and Clinical Toxicology Devices Panel of the Medical Devices Advisory Committee; Notice of Meeting; Establishment of a Public Docket; Request for Comments
2022-09-02,2022-10-28,Oncologic Drugs Advisory Committee,,,,,True,,2022-19047,https://www.federalregister.gov/documents/2022/09/02/2022-19047/oncologic-drugs-advisory-committee-notice-of-meeting-establishment-of-a-public-docket-request-for,Oncologic Drugs Advisory Committee; Notice of Meeting; Establishment of a Public Docket; Request for Comments
2022-09-06,2022-10-26,Cardiovascular and Renal Drugs Advisory Committee,,,,,True,,2022-19156,https://www.federalregister.gov/documents/2022/09/06/2022-19156/cardiovascular-and-renal-drugs-advisory-committee-notice-of-meeting-establishment-of-a-public-docket,Cardiovascular and Renal Drugs Advisory Committee; Notice of Meeting; Establishment of a Public Docket; Request for Comments
2022-09-06,2022-11-08,Pulmonary-Allergy Drugs Advisory Committee,,,,,True,,2022-19159,https://www.federalregister.gov/documents/2022/09/06/2022-19159/pulmonary-allergy-drugs-advisory-committee-notice-of-meeting-establishment-of-a-public-docket,Pulmonary-Allergy Drugs Advisory Committee; Notice of Meeting; Establishment of a Public Docket; Request for Comments
2022-09-08,2022-10-06,Pulmonary-Allergy Drugs Advisory Committee,,,,,True,,2022-19385,https://www.federalregister.gov/documents/2022/09/08/2022-19385/pulmonary-allergy-drugs-advisory-committee-notice-of-meeting-establishment-of-a-public-docket,Pulmonary-Allergy Drugs Advisory Committee; Notice of Meeting; Establishment of a Public Docket; Request for Comments
2022-09-13,2022-11-18,Nonprescription Drugs Advisory Committee,,,,,True,,2022-19718,https://www.federalregister.gov/documents/2022/09/13/2022-19718/joint-meeting-of-the-nonprescription-drugs-advisory-committee-and-the-obstetrics-reproductive-and,"Joint Meeting of the Nonprescription Drugs Advisory Committee and the Obstetrics, Reproductive and Urologic Drugs Advisory Committee; Notice of Meeting; Establishment of a Public Docket; Request for C"
2022-09-13,2022-10-13,,,,,,True,,2022-19736,https://www.federalregister.gov/documents/2022/09/13/2022-19736/public-information,Public Information
2022-09-13,2022-09-13,,,VIOXX,,,False,short_lead,2022-19740,https://www.federalregister.gov/documents/2022/09/13/2022-19740/merck-sharp-and-dohme-corp-withdrawal-of-approval-of-new-drug-applications-for-vioxx-rofecoxib,Merck Sharp & Dohme Corp.; Withdrawal of Approval of New Drug Applications for VIOXX (Rofecoxib) Tablets and Suspension
2022-09-15,2022-11-01,,,,,,True,,2022-19943,https://www.federalregister.gov/documents/2022/09/15/2022-19943/anesthesiology-and-respiratory-therapy-devices-panel-of-the-medical-devices-advisory-committee,Anesthesiology and Respiratory Therapy Devices Panel of the Medical Devices Advisory Committee; Notice of Meeting; Establishment of a Public Docket; Request for Comments
2022-09-15,2022-09-15,,,,,,False,short_lead,2022-19995,https://www.federalregister.gov/documents/2022/09/15/2022-19995/determination-that-bacitracin-for-injection-10000-unitsvial-and-50000-unitsvial-was-withdrawn-from,"Determination That Bacitracin for Injection, 10,000 Units/Vial and 50,000 Units/Vial, Was Withdrawn From Sale for Reasons of Safety or Effectiveness"
2022-09-19,2022-11-16,Cardiovascular and Renal Drugs Advisory Committee,,,,,True,,2022-20198,https://www.federalregister.gov/documents/2022/09/19/2022-20198/cardiovascular-and-renal-drugs-advisory-committee-notice-of-meeting-establishment-of-a-public-docket,Cardiovascular and Renal Drugs Advisory Committee; Notice of Meeting; Establishment of a Public Docket; Request for Comments
2022-09-22,,,,,,,False,no_meeting_date,2022-20516,https://www.federalregister.gov/documents/2022/09/22/2022-20516/advisory-committee-arthritis-advisory-committee-renewal,Advisory Committee; Arthritis Advisory Committee; Renewal
2022-09-22,2022-11-22,Oncologic Drugs Advisory Committee,,,,,True,,2022-20524,https://www.federalregister.gov/documents/2022/09/22/2022-20524/oncologic-drugs-advisory-committee-notice-of-meeting-establishment-of-a-public-docket-request-for,Oncologic Drugs Advisory Committee; Notice of Meeting; Establishment of a Public Docket; Request for Comments
2022-09-27,2022-11-28,,,,,,True,,2022-20866,https://www.federalregister.gov/documents/2022/09/27/2022-20866/request-for-nominations-for-voting-members-on-the-tobacco-products-scientific-advisory-committee,Request for Nominations for Voting Members on the Tobacco Products Scientific Advisory Committee
2022-09-28,2022-09-28,,,,,,False,short_lead,2022-20985,https://www.federalregister.gov/documents/2022/09/28/2022-20985/clinical-chemistry-and-clinical-toxicology-devices-panel-of-the-medical-devices-advisory-committee,Clinical Chemistry and Clinical Toxicology Devices Panel of the Medical Devices Advisory Committee; Notice of Meeting; Establishment of a Public Docket; Request for Comments; Amendment of Notice
2022-09-28,2022-10-28,,,,,,True,,2022-20990,https://www.federalregister.gov/documents/2022/09/28/2022-20990/request-for-nominations-on-the-tobacco-products-scientific-advisory-committee-small-business-pool,Request for Nominations on the Tobacco Products Scientific Advisory Committee-Small Business Pool
2022-09-28,2022-11-28,,,,,,True,,2022-21088,https://www.federalregister.gov/documents/2022/09/28/2022-21088/protection-of-human-subjects-and-institutional-review-boards,Protection of Human Subjects and Institutional Review Boards
2022-09-28,2022-11-28,,,,,,True,,2022-21089,https://www.federalregister.gov/documents/2022/09/28/2022-21089/institutional-review-boards-cooperative-research,Institutional Review Boards; Cooperative Research
2022-09-29,2022-12-28,,,,,,True,,2022-20975,https://www.federalregister.gov/documents/2022/09/29/2022-20975/food-labeling-nutrient-content-claims-definition-of-term-healthy,Food Labeling: Nutrient Content Claims; Definition of Term “Healthy”
2022-10-06,2022-10-26,,,,,,True,,2022-21746,https://www.federalregister.gov/documents/2022/10/06/2022-21746/general-and-plastic-surgery-devices-panel-of-the-medical-devices-advisory-committee-notice-of,General and Plastic Surgery Devices Panel of the Medical Devices Advisory Committee; Notice of Meeting; Establishment of a Public Docket; Request for Comments
2022-10-06,2022-12-13,Cardiovascular and Renal Drugs Advisory Committee,,,,,True,,2022-21769,https://www.federalregister.gov/documents/2022/10/06/2022-21769/cardiovascular-and-renal-drugs-advisory-committee-notice-of-meeting-establishment-of-a-public-docket,Cardiovascular and Renal Drugs Advisory Committee; Notice of Meeting; Establishment of a Public Docket; Request for Comments
2022-10-06,2022-12-14,Cardiovascular and Renal Drugs Advisory Committee,,,,,True,,2022-21775,https://www.federalregister.gov/documents/2022/10/06/2022-21775/cardiovascular-and-renal-drugs-advisory-committee-notice-of-meeting-establishment-of-a-public-docket,Cardiovascular and Renal Drugs Advisory Committee; Notice of Meeting; Establishment of a Public Docket; Request for Comments
2022-10-07,2022-11-10,,,,,,True,,2022-21831,https://www.federalregister.gov/documents/2022/10/07/2022-21831/ophthalmic-devices-panel-of-the-medical-devices-advisory-committee-notice-of-meeting,Ophthalmic Devices Panel of the Medical Devices Advisory Committee; Notice of Meeting
2022-10-11,2022-11-10,,,,,,True,,2022-21932,https://www.federalregister.gov/documents/2022/10/11/2022-21932/proposal-to-refuse-to-approve-a-new-drug-application-supplement-for-hetlioz-tasimelteon-opportunity,Proposal To Refuse To Approve a New Drug Application Supplement for HETLIOZ (Tasimelteon); Opportunity for a Hearing
2022-10-14,2022-11-28,Cardiovascular and Renal Drugs Advisory Committee,,,,,True,,2022-22305,https://www.federalregister.gov/documents/2022/10/14/2022-22305/request-for-nominations-for-individuals-and-consumer-organizations-for-advisory-committees,Request for Nominations for Individuals and Consumer Organizations for Advisory Committees
2022-10-18,2022-12-08,,,,,,True,,2022-22612,https://www.federalregister.gov/documents/2022/10/18/2022-22612/blood-products-advisory-committee-notice-of-meeting,Blood Products Advisory Committee; Notice of Meeting
2022-10-19,2022-11-09,Pulmonary-Allergy Drugs Advisory Committee,,,,,True,,2022-22700,https://www.federalregister.gov/documents/2022/10/19/2022-22700/pulmonary-allergy-drugs-advisory-committee-amendment-of-notice,Pulmonary-Allergy Drugs Advisory Committee; Amendment of Notice
2022-10-24,2022-11-23,,,,,,True,,2022-23028,https://www.federalregister.gov/documents/2022/10/24/2022-23028/agency-information-collection-activities-submission-for-office-of-management-and-budget-review,Agency Information Collection Activities; Submission for Office of Management and Budget Review; Comment Request; Mammography Quality Standards Act Requirements
2022-10-27,2022-10-27,Nonprescription Drugs Advisory Committee,,,,,False,short_lead,2022-23379,https://www.federalregister.gov/documents/2022/10/27/2022-23379/joint-meeting-of-the-nonprescription-drugs-advisory-committee-and-the-obstetrics-reproductive-and,"Joint Meeting of the Nonprescription Drugs Advisory Committee and the Obstetrics, Reproductive and Urologic Drugs Advisory Committee; Postponement of Meeting"
2022-11-09,2022-11-09,Oncologic Drugs Advisory Committee,,,,,False,short_lead,2022-24470,https://www.federalregister.gov/documents/2022/11/09/2022-24470/oncologic-drugs-advisory-committee-cancellation,Oncologic Drugs Advisory Committee; Cancellation
2022-11-16,2023-01-17,,,,,,True,,2022-24874,https://www.federalregister.gov/documents/2022/11/16/2022-24874/safety-and-effectiveness-of-certain-naloxone-hydrochloride-drug-products-for-nonprescription-use,Safety and Effectiveness of Certain Naloxone Hydrochloride Drug Products for Nonprescription Use; Request for Comments
2022-11-22,2022-12-08,,,,,,True,,2022-25405,https://www.federalregister.gov/documents/2022/11/22/2022-25405/science-board-to-the-food-and-drug-administration-advisory-committee-notice-of-meeting,Science Board to the Food and Drug Administration Advisory Committee; Notice of Meeting
2022-11-23,2023-01-23,,,,,,True,,2022-25549,https://www.federalregister.gov/documents/2022/11/23/2022-25549/list-of-bulk-drug-substances-for-which-there-is-a-clinical-need-under-section-503b-of-the-federal,"List of Bulk Drug Substances for Which There is a Clinical Need Under Section 503B of the Federal Food, Drug, and Cosmetic Act"
2022-11-25,2023-01-09,Dermatologic and Ophthalmic Drugs Advisory Committee,,,,,True,,2022-25642,https://www.federalregister.gov/documents/2022/11/25/2022-25642/dermatologic-and-ophthalmic-drugs-advisory-committee-notice-of-meeting-establishment-of-a-public,Dermatologic and Ophthalmic Drugs Advisory Committee; Notice of Meeting; Establishment of a Public Docket; Request for Comments
2022-11-25,2023-01-24,,,,,,True,,2022-25643,https://www.federalregister.gov/documents/2022/11/25/2022-25643/antimicrobial-drugs-advisory-committee-notice-of-meeting-establishment-of-a-public-docket-request,Antimicrobial Drugs Advisory Committee; Notice of Meeting; Establishment of a Public Docket; Request for Comments
2022-11-28,2023-01-27,,,,,,True,,2022-25813,https://www.federalregister.gov/documents/2022/11/28/2022-25813/request-for-nominations-for-voting-members-on-public-advisory-panels-of-the-medical-devices-advisory,Request for Nominations for Voting Members on Public Advisory Panels of the Medical Devices Advisory Committee
2022-12-01,2023-01-30,,,,,,True,,2022-26125,https://www.federalregister.gov/documents/2022/12/01/2022-26125/request-for-nominations-for-voting-members-on-a-public-advisory-committee-technical-electronic,Request for Nominations for Voting Members on a Public Advisory Committee; Technical Electronic Product Radiation Safety Standards Committee
2022-12-05,,Oncologic Drugs Advisory Committee,,,,,False,no_meeting_date,2022-26363,https://www.federalregister.gov/documents/2022/12/05/2022-26363/advisory-committee-oncologic-drugs-advisory-committee-renewal,Advisory Committee; Oncologic Drugs Advisory Committee; Renewal
2022-12-09,2023-03-09,,,,,,True,,2022-26731,https://www.federalregister.gov/documents/2022/12/09/2022-26731/investigational-new-drug-application-annual-reporting,Investigational New Drug Application Annual Reporting
2022-12-13,,Cardiovascular and Renal Drugs Advisory Committee,,,,,False,no_meeting_date,2022-27014,https://www.federalregister.gov/documents/2022/12/13/2022-27014/advisory-committee-cardiovascular-and-renal-drugs-advisory-committee-renewal,Advisory Committee; Cardiovascular and Renal Drugs Advisory Committee; Renewal
2022-12-14,,Endocrinologic and Metabolic Drugs Advisory Committee,,,,,False,no_meeting_date,2022-27022,https://www.federalregister.gov/documents/2022/12/14/2022-27022/advisory-committee-endocrinologic-and-metabolic-drugs-advisory-committee-renewal,Advisory Committee; Endocrinologic and Metabolic Drugs Advisory Committee; Renewal
2022-12-19,2023-01-26,Vaccines and Related Biological Products Advisory Committee,,,,,True,,2022-27428,https://www.federalregister.gov/documents/2022/12/19/2022-27428/vaccines-and-related-biological-products-advisory-committee-notice-of-meeting-establishment-of-a,Vaccines and Related Biological Products Advisory Committee; Notice of Meeting; Establishment of a Public Docket; Request for Comments
2022-12-22,2023-02-09,Oncologic Drugs Advisory Committee,,,,,True,,2022-27834,https://www.federalregister.gov/documents/2022/12/22/2022-27834/oncologic-drugs-advisory-committee-notice-of-meeting-establishment-of-a-public-docket-request-for,Oncologic Drugs Advisory Committee; Notice of Meeting; Establishment of a Public Docket; Request for Comments
2022-12-22,2023-02-21,,,,,,True,,2022-27883,https://www.federalregister.gov/documents/2022/12/22/2022-27883/request-for-nominations-of-voting-members-on-a-public-advisory-committee-national-mammography,Request for Nominations of Voting Members on a Public Advisory Committee; National Mammography Quality Assurance Advisory Committee
2023-01-09,2023-02-15,Nonprescription Drugs Advisory Committee,,,,,True,,2023-00110,https://www.federalregister.gov/documents/2023/01/09/2023-00110/joint-meeting-of-the-nonprescription-drugs-advisory-committee-and-the-anesthetic-and-analgesic-drug,Joint Meeting of the Nonprescription Drugs Advisory Committee and the Anesthetic and Analgesic Drug Products Advisory Committee; Notice of Meeting; Establishment of a Public Docket; Request for Commen
2023-01-11,2023-01-11,Cardiovascular and Renal Drugs Advisory Committee,,,,,False,short_lead,2023-00390,https://www.federalregister.gov/documents/2023/01/11/2023-00390/advisory-committee-cardiovascular-and-renal-drugs-advisory-committee-renewal-correction,Advisory Committee; Cardiovascular and Renal Drugs Advisory Committee; Renewal; Correction
2023-01-18,,Dermatologic and Ophthalmic Drugs Advisory Committee,,,,,False,no_meeting_date,2023-00795,https://www.federalregister.gov/documents/2023/01/18/2023-00795/joint-meeting-of-the-drug-safety-and-risk-management-advisory-committee-and-the-dermatologic-and,Joint Meeting of the Drug Safety and Risk Management Advisory Committee and the Dermatologic and Ophthalmic Drugs Advisory Committee; Notice of Meeting; Establishment of a Public Docket; Request for C
2023-01-24,2023-03-22,Peripheral and Central Nervous System Drugs Advisory Committee,,,,,True,,2023-01216,https://www.federalregister.gov/documents/2023/01/24/2023-01216/peripheral-and-central-nervous-system-drugs-advisory-committee-notice-of-meeting-establishment-of-a,Peripheral and Central Nervous System Drugs Advisory Committee; Notice of Meeting; Establishment of a Public Docket; Request for Comments
2023-01-24,,,,,,,False,no_meeting_date,2023-01219,https://www.federalregister.gov/documents/2023/01/24/2023-01219/advisory-committee-technical-electronic-product-radiation-safety-standards-committee-renewal,Advisory Committee; Technical Electronic Product Radiation Safety Standards Committee; Renewal
2023-01-26,2023-03-09,Oncologic Drugs Advisory Committee,,,,,True,,2023-01553,https://www.federalregister.gov/documents/2023/01/26/2023-01553/oncologic-drugs-advisory-committee-notice-of-meeting-establishment-of-a-public-docket-request-for,Oncologic Drugs Advisory Committee; Notice of Meeting; Establishment of a Public Docket; Request for Comments
2023-01-30,2023-03-20,Nonprescription Drugs Advisory Committee,,,,,True,,2023-01761,https://www.federalregister.gov/documents/2023/01/30/2023-01761/joint-meeting-of-the-nonprescription-drugs-advisory-committee-and-the-anesthetic-and-analgesic-drug,Joint Meeting of the Nonprescription Drugs Advisory Committee and the Anesthetic and Analgesic Drug Products Advisory Committee; Notice of Meeting; Establishment of a Public Docket; Request for Commen
2023-02-01,2023-04-04,,,,,,True,,2023-02095,https://www.federalregister.gov/documents/2023/02/01/2023-02095/science-advisory-board-to-the-national-center-for-toxicological-research-advisory-committee-notice,Science Advisory Board to the National Center for Toxicological Research Advisory Committee; Notice of Meeting
2023-02-01,2023-02-28,Vaccines and Related Biological Products Advisory Committee,,,,,True,,2023-02096,https://www.federalregister.gov/documents/2023/02/01/2023-02096/vaccines-and-related-biological-products-advisory-committee-notice-of-meeting-establishment-of-a,Vaccines and Related Biological Products Advisory Committee; Notice of Meeting; Establishment of a Public Docket; Request for Comments
2023-02-07,,"Cellular, Tissue, and Gene Therapies Advisory Committee",,,,,False,no_meeting_date,2023-02499,https://www.federalregister.gov/documents/2023/02/07/2023-02499/advisory-committee-cellular-tissue-and-gene-therapies-advisory-committee-renewal,"Advisory Committee; Cellular, Tissue, and Gene Therapies Advisory Committee; Renewal"
2023-02-09,2023-03-07,Vaccines and Related Biological Products Advisory Committee,,,,,True,,2023-02742,https://www.federalregister.gov/documents/2023/02/09/2023-02742/vaccines-and-related-biological-products-advisory-committee-notice-of-meeting-establishment-of-a,Vaccines and Related Biological Products Advisory Committee; Notice of Meeting; Establishment of a Public Docket; Request for Comments
2023-02-13,2023-04-14,,,,,,True,,2023-02961,https://www.federalregister.gov/documents/2023/02/13/2023-02961/agency-information-collection-activities-proposed-collection-comment-request-food-and-drug,Agency Information Collection Activities; Proposed Collection; Comment Request; Food and Drug Administration Advisory Committees
2023-02-17,2023-04-19,,,,,,True,,2023-03370,https://www.federalregister.gov/documents/2023/02/17/2023-03370/anesthetic-and-analgesic-drug-products-advisory-committee-notice-of-meeting-establishment-of-a,Anesthetic and Analgesic Drug Products Advisory Committee; Notice of Meeting; Establishment of a Public Docket; Request for Comments
2023-02-17,2023-02-28,,,,,,True,,2023-03375,https://www.federalregister.gov/documents/2023/02/17/2023-03375/international-drug-scheduling-convention-on-psychotropic-substances-single-convention-on-narcotic,International Drug Scheduling; Convention on Psychotropic Substances; Single Convention on Narcotic Drugs; World Health Organization; Scheduling Recommendations; ADB-BUTINACA; Alpha-PiHP; 3-Methylmeth
2023-02-27,2023-03-16,,,,,,True,,2023-03971,https://www.federalregister.gov/documents/2023/02/27/2023-03971/antimicrobial-drugs-advisory-committee-notice-of-meeting-establishment-of-a-public-docket-request,Antimicrobial Drugs Advisory Committee; Notice of Meeting; Establishment of a Public Docket; Request for Comments
2023-03-01,2023-05-01,,,,,,True,,2023-04169,https://www.federalregister.gov/documents/2023/03/01/2023-04169/request-for-nominations-for-voting-members-for-the-patient-engagement-advisory-committee,Request for Nominations for Voting Members for the Patient Engagement Advisory Committee
2023-03-01,2023-04-17,Cardiovascular and Renal Drugs Advisory Committee,,,,,True,,2023-04170,https://www.federalregister.gov/documents/2023/03/01/2023-04170/request-for-nominations-for-individuals-and-consumer-organizations-for-advisory-committees,Request for Nominations for Individuals and Consumer Organizations for Advisory Committees
2023-03-02,2023-04-28,Oncologic Drugs Advisory Committee,,,,,True,,2023-04268,https://www.federalregister.gov/documents/2023/03/02/2023-04268/oncologic-drugs-advisory-committee-notice-of-meeting-establishment-of-a-public-docket-request-for,Oncologic Drugs Advisory Committee; Notice of Meeting; Establishment of a Public Docket; Request for Comments
2023-03-02,2023-04-26,,,,,,True,,2023-04270,https://www.federalregister.gov/documents/2023/03/02/2023-04270/blood-products-advisory-committee-notice-of-meeting-establishment-of-a-public-docket-request-for,Blood Products Advisory Committee; Notice of Meeting; Establishment of a Public Docket; Request for Comments
2023-03-02,2023-03-02,Nonprescription Drugs Advisory Committee,,,,,False,short_lead,2023-04271,https://www.federalregister.gov/documents/2023/03/02/2023-04271/joint-meeting-of-the-nonprescription-drugs-advisory-committee-and-the-anesthetic-and-analgesic-drug,Joint Meeting of the Nonprescription Drugs Advisory Committee and the Anesthetic and Analgesic Drug Products Advisory Committee; Cancellation
2023-03-07,2023-04-20,,,,,,True,,2023-04561,https://www.federalregister.gov/documents/2023/03/07/2023-04561/orthopaedic-and-rehabilitation-devices-panel-of-the-medical-devices-advisory-committee-notice-of,Orthopaedic and Rehabilitation Devices Panel of the Medical Devices Advisory Committee; Notice of Meeting
2023-03-10,,,,,,,False,no_meeting_date,2023-04550,https://www.federalregister.gov/documents/2023/03/10/2023-04550/mammography-quality-standards-act,Mammography Quality Standards Act
2023-03-10,2023-09-06,,,,,,True,,2023-04591,https://www.federalregister.gov/documents/2023/03/10/2023-04591/requirements-for-tobacco-product-manufacturing-practice,Requirements for Tobacco Product Manufacturing Practice
2023-03-10,2023-05-18,,,,,,True,,2023-04593,https://www.federalregister.gov/documents/2023/03/10/2023-04593/proposed-requirements-for-tobacco-products-manufacturing-practice-tobacco-products-scientific,Proposed Requirements for Tobacco Products Manufacturing Practice; Tobacco Products Scientific Advisory Committee; Notice of Meeting; Request for Comments
2023-03-13,2023-05-19,Gastrointestinal Drugs Advisory Committee,,,,,True,,2023-05066,https://www.federalregister.gov/documents/2023/03/13/2023-05066/gastrointestinal-drugs-advisory-committee-notice-of-meeting-establishment-of-a-public-docket-request,Gastrointestinal Drugs Advisory Committee; Notice of Meeting; Establishment of a Public Docket; Request for Comments
2023-03-13,2023-04-17,,,,,,True,,2023-05068,https://www.federalregister.gov/documents/2023/03/13/2023-05068/antimicrobial-drugs-advisory-committee-notice-of-meeting-establishment-of-a-public-docket-request,Antimicrobial Drugs Advisory Committee; Notice of Meeting; Establishment of a Public Docket; Request for Comments
2023-03-16,2023-04-17,,,,,,True,,2023-05358,https://www.federalregister.gov/documents/2023/03/16/2023-05358/request-for-nominations-from-industry-organizations-interested-in-participating-in-the-selection,Request for Nominations From Industry Organizations Interested in Participating in the Selection Process for Nonvoting Industry Representatives and Request for Nominations for Nonvoting Industry Repre
2023-03-27,2023-06-26,,,,,,True,,2023-06304,https://www.federalregister.gov/documents/2023/03/27/2023-06304/questions-and-answers-about-dietary-guidance-statements-in-food-labeling-draft-guidance-for-industry,Questions and Answers About Dietary Guidance Statements in Food Labeling: Draft Guidance for Industry; Availability; Agency Information Collection Activities; Proposed Collection; Comment Request
2023-03-29,2023-05-11,Pulmonary-Allergy Drugs Advisory Committee,,,,,True,,2023-06481,https://www.federalregister.gov/documents/2023/03/29/2023-06481/pulmonary-allergy-drugs-advisory-committee-notice-of-meeting-establishment-of-a-public-docket,Pulmonary-Allergy Drugs Advisory Committee; Notice of Meeting; Establishment of a Public Docket; Request for Comments
2023-03-29,2023-05-09,Nonprescription Drugs Advisory Committee,,,,,True,,2023-06524,https://www.federalregister.gov/documents/2023/03/29/2023-06524/joint-meeting-of-the-nonprescription-drugs-advisory-committee-and-the-obstetrics-reproductive-and,"Joint Meeting of the Nonprescription Drugs Advisory Committee and the Obstetrics, Reproductive and Urologic Drugs Advisory Committee; Notice of Meeting; Establishment of a Public Docket; Request for C"
2023-03-30,2023-05-01,,,,,,True,,2023-06565,https://www.federalregister.gov/documents/2023/03/30/2023-06565/effective-date-of-requirement-for-premarket-approval-applications-for-spinal-spheres-for-use-in,Effective Date of Requirement for Premarket Approval Applications for Spinal Spheres for Use in Intervertebral Fusion Procedures
2023-03-30,2023-04-14,Peripheral and Central Nervous System Drugs Advisory Committee,,,,,True,,2023-06577,https://www.federalregister.gov/documents/2023/03/30/2023-06577/joint-meeting-of-the-psychopharmacologic-drugs-advisory-committee-and-the-peripheral-and-central,Joint Meeting of the Psychopharmacologic Drugs Advisory Committee and the Peripheral and Central Nervous System Drugs Advisory Committee; Notice of Meeting; Establishment of a Public Docket; Request f
2023-04-06,2023-04-06,,,,,,False,short_lead,2023-07237,https://www.federalregister.gov/documents/2023/04/06/2023-07237/list-of-bulk-drug-substances-for-which-there-is-a-clinical-need-under-section-503b-of-the-federal,"List of Bulk Drug Substances for Which There Is a Clinical Need Under Section 503B of the Federal Food, Drug, and Cosmetic Act"
2023-04-11,2023-05-12,"Cellular, Tissue, and Gene Therapies Advisory Committee",,,,,True,,2023-07518,https://www.federalregister.gov/documents/2023/04/11/2023-07518/cellular-tissue-and-gene-therapies-advisory-committee-notice-of-meeting-establishment-of-a-public,"Cellular, Tissue, and Gene Therapies Advisory Committee; Notice of Meeting; Establishment of a Public Docket; Request for Comments"
2023-04-11,2023-06-09,Peripheral and Central Nervous System Drugs Advisory Committee,,,,,True,,2023-07526,https://www.federalregister.gov/documents/2023/04/11/2023-07526/peripheral-and-central-nervous-system-drugs-advisory-committee-notice-of-meeting-establishment-of-a,Peripheral and Central Nervous System Drugs Advisory Committee; Notice of Meeting; Establishment of a Public Docket; Request for Comments
2023-04-11,2023-05-18,Vaccines and Related Biological Products Advisory Committee,,,,,True,,2023-07550,https://www.federalregister.gov/documents/2023/04/11/2023-07550/vaccines-and-related-biological-products-advisory-committee-notice-of-meeting-establishment-of-a,Vaccines and Related Biological Products Advisory Committee; Notice of Meeting; Establishment of a Public Docket; Request for Comments
2023-04-12,2023-04-12,,,,,,False,short_lead,2023-07598,https://www.federalregister.gov/documents/2023/04/12/2023-07598/center-for-devices-and-radiological-health-radiation-sterilization-master-file-pilot-program,Center for Devices and Radiological Health Radiation Sterilization Master File Pilot Program
2023-04-19,2023-04-19,Vaccines and Related Biological Products Advisory Committee,,,,,False,short_lead,2023-08279,https://www.federalregister.gov/documents/2023/04/19/2023-08279/vaccines-and-related-biological-products-advisory-committee-notice-of-meeting-establishment-of-a,Vaccines and Related Biological Products Advisory Committee; Notice of Meeting; Establishment of a Public Docket; Request for Comments; Correction
2023-05-03,2023-06-08,,,,,,True,,2023-09321,https://www.federalregister.gov/documents/2023/05/03/2023-09321/antimicrobial-drugs-advisory-committee-notice-of-meeting-establishment-of-a-public-docket-request,Antimicrobial Drugs Advisory Committee; Notice of Meeting; Establishment of a Public Docket; Request for Comments
2023-05-04,2023-06-15,Vaccines and Related Biological Products Advisory Committee,,,,,True,,2023-09490,https://www.federalregister.gov/documents/2023/05/04/2023-09490/vaccines-and-related-biological-products-advisory-committee-notice-of-meeting-establishment-of-a,Vaccines and Related Biological Products Advisory Committee; Notice of Meeting; Establishment of a Public Docket; Request for Comments
2023-05-11,2023-06-16,Oncologic Drugs Advisory Committee,,,,,True,,2023-10051,https://www.federalregister.gov/documents/2023/05/11/2023-10051/pediatric-oncology-subcommittee-of-the-oncologic-drugs-advisory-committee-notice-of-meeting,Pediatric Oncology Subcommittee of the Oncologic Drugs Advisory Committee; Notice of Meeting; Establishment of a Public Docket; Request for Comments
2023-05-15,,,,MAKENA,,,False,no_meeting_date,2023-10264,https://www.federalregister.gov/documents/2023/05/15/2023-10264/final-decision-on-withdrawal-of-makena-hydroxyprogesterone-caproate-and-eight-abbreviated-new-drug,Final Decision on Withdrawal of MAKENA (Hydroxyprogesterone Caproate) and Eight Abbreviated New Drug Applications Following Public Hearing; Availability of Final Decision
2023-05-18,2023-09-06,,,,,,True,,2023-10609,https://www.federalregister.gov/documents/2023/05/18/2023-10609/patient-engagement-advisory-committee-notice-of-meeting,Patient Engagement Advisory Committee; Notice of Meeting
2023-05-25,2023-06-28,Endocrinologic and Metabolic Drugs Advisory Committee,,,,,True,,2023-11164,https://www.federalregister.gov/documents/2023/05/25/2023-11164/endocrinologic-and-metabolic-drugs-advisory-committee-notice-of-meeting-establishment-of-a-public,Endocrinologic and Metabolic Drugs Advisory Committee; Notice of Meeting; Establishment of a Public Docket; Request for Comments
2023-05-31,2023-11-27,,,,,,True,,2023-11354,https://www.federalregister.gov/documents/2023/05/31/2023-11354/medication-guides-patient-medication-information,Medication Guides: Patient Medication Information
2023-06-05,2023-08-04,,,,,,True,,2023-11899,https://www.federalregister.gov/documents/2023/06/05/2023-11899/interstitial-cystitisbladder-pain-syndrome-establishing-drug-development-programs-for-treatment,Interstitial Cystitis/Bladder Pain Syndrome: Establishing Drug Development Programs for Treatment; Revised Draft Guidance for Industry; Availability
2023-06-08,,,,,,,False,no_meeting_date,2023-12288,https://www.federalregister.gov/documents/2023/06/08/2023-12288/advisory-committee-antimicrobial-drugs-advisory-committee-renewal,Advisory Committee; Antimicrobial Drugs Advisory Committee; Renewal
2023-06-09,,Dermatologic and Ophthalmic Drugs Advisory Committee,,,,,False,no_meeting_date,2023-12293,https://www.federalregister.gov/documents/2023/06/09/2023-12293/advisory-committee-dermatologic-and-ophthalmic-drugs-advisory-committee-renewal,Advisory Committee; Dermatologic and Ophthalmic Drugs Advisory Committee; Renewal
2023-06-21,,,,,,,False,no_meeting_date,2023-13136,https://www.federalregister.gov/documents/2023/06/21/2023-13136/circulatory-system-devices-panel-of-the-medical-devices-advisory-committee-notice-of-meeting,Circulatory System Devices Panel of the Medical Devices Advisory Committee; Notice of Meeting
2023-06-23,,,,,,,False,no_meeting_date,2023-13330,https://www.federalregister.gov/documents/2023/06/23/2023-13330/advisory-committee-medical-imaging-drugs-advisory-committee-renewal,Advisory Committee; Medical Imaging Drugs Advisory Committee; Renewal
2023-06-28,2023-06-28,,,Oxandrin,,,False,short_lead,2023-13733,https://www.federalregister.gov/documents/2023/06/28/2023-13733/gemini-laboratories-llc-et-al-withdrawal-of-approval-of-one-new-drug-application-for-oxandrin,"Gemini Laboratories, LLC, et al.; Withdrawal of Approval of One New Drug Application for OXANDRIN (Oxandrolone) Tablets and Four Abbreviated New Drug Applications for Oxandrolone Tablets"
2023-06-29,2023-07-31,,,,,,True,,2023-13863,https://www.federalregister.gov/documents/2023/06/29/2023-13863/agency-information-collection-activities-submission-for-office-of-management-and-budget-review,Agency Information Collection Activities; Submission for Office of Management and Budget Review; Comment Request; Food and Drug Administration Advisory Committee Regulations
2023-07-03,2023-09-13,Cardiovascular and Renal Drugs Advisory Committee,,,,,True,,2023-14037,https://www.federalregister.gov/documents/2023/07/03/2023-14037/cardiovascular-and-renal-drugs-advisory-committee-notice-of-meeting-establishment-of-a-public-docket,Cardiovascular and Renal Drugs Advisory Committee; Notice of Meeting; Establishment of a Public Docket; Request for Comments
2023-07-10,2023-08-01,,,,,,True,,2023-14460,https://www.federalregister.gov/documents/2023/07/10/2023-14460/medical-imaging-drugs-advisory-committee-notice-of-meeting-establishment-of-a-public-docket-request,Medical Imaging Drugs Advisory Committee; Notice of Meeting; Establishment of a Public Docket; Request for Comments
2023-07-12,2023-08-28,Cardiovascular and Renal Drugs Advisory Committee,,,,,True,,2023-14690,https://www.federalregister.gov/documents/2023/07/12/2023-14690/request-for-nominations-for-individuals-and-consumer-organizations-for-advisory-committees,Request for Nominations for Individuals and Consumer Organizations for Advisory Committees
2023-07-12,2023-09-11,Nonprescription Drugs Advisory Committee,,,,,True,,2023-14713,https://www.federalregister.gov/documents/2023/07/12/2023-14713/nonprescription-drugs-advisory-committee-notice-of-meeting-establishment-of-a-public-docket-request,Nonprescription Drugs Advisory Committee; Notice of Meeting; Establishment of a Public Docket; Request for Comments
2023-07-14,2023-07-14,,,,,,False,short_lead,2023-14716,https://www.federalregister.gov/documents/2023/07/14/2023-14716/nomenclature-change-for-dockets-management-technical-amendment,Nomenclature Change for Dockets Management; Technical Amendment
2023-07-14,,,,,,,False,no_meeting_date,2023-14919,https://www.federalregister.gov/documents/2023/07/14/2023-14919/advisory-committee-national-mammography-quality-assurance-advisory-committee-renewal,Advisory Committee; National Mammography Quality Assurance Advisory Committee; Renewal
2023-07-14,2023-08-14,Oncologic Drugs Advisory Committee,,,,,True,,2023-14922,https://www.federalregister.gov/documents/2023/07/14/2023-14922/request-for-nominations-from-industry-organizations-interested-in-participating-in-the-selection,Request for Nominations From Industry Organizations Interested in Participating in the Selection Process for Nonvoting Industry Representatives and Request for Nominations for Nonvoting Industry Repre
2023-07-14,2023-09-19,Pediatric Advisory Committee,,,,,True,,2023-14923,https://www.federalregister.gov/documents/2023/07/14/2023-14923/pediatric-advisory-committee-notice-of-meeting-establishment-of-a-public-docket-request-for-comments,Pediatric Advisory Committee; Notice of Meeting; Establishment of a Public Docket; Request for Comments
2023-07-27,2023-07-27,,,,,,False,short_lead,2023-15879,https://www.federalregister.gov/documents/2023/07/27/2023-15879/hydrogen-peroxide-based-contact-lens-care-products-consumer-labeling-recommendations-premarket,Hydrogen Peroxide-Based Contact Lens Care Products: Consumer Labeling Recommendations-Premarket Notification (510(k)) Submissions; Guidance for Industry and Food and Drug Administration Staff; Availab
2023-07-27,2023-09-27,"Cellular, Tissue, and Gene Therapies Advisory Committee",,,,,True,,2023-15923,https://www.federalregister.gov/documents/2023/07/27/2023-15923/cellular-tissue-and-gene-therapies-advisory-committee-notice-of-meeting-establishment-of-a-public,"Cellular, Tissue, and Gene Therapies Advisory Committee; Notice of Meeting; Establishment of a Public Docket; Request for Comments"
2023-08-07,2023-08-24,,,,,,True,,2023-16812,https://www.federalregister.gov/documents/2023/08/07/2023-16812/international-drug-scheduling-convention-on-psychotropic-substances-single-convention-on-narcotic,International Drug Scheduling; Convention on Psychotropic Substances; Single Convention on Narcotic Drugs; Bromazolam; Flubromazepam; Butonitazene; 3-Chloromethcathinone (3-CMC); Dipentylone; 2-Fluoro
2023-08-10,2023-09-11,,,,,,True,,2023-17149,https://www.federalregister.gov/documents/2023/08/10/2023-17149/request-for-nominations-on-the-tobacco-products-scientific-advisory-committee-small-business-pool,Request for Nominations on the Tobacco Products Scientific Advisory Committee-Small Business Pool
2023-08-14,2023-09-07,,,,,,True,,2023-17287,https://www.federalregister.gov/documents/2023/08/14/2023-17287/microbiology-devices-panel-of-the-medical-devices-advisory-committee-notice-of-meeting-establishment,Microbiology Devices Panel of the Medical Devices Advisory Committee; Notice of Meeting; Establishment of a Public Docket; Request for Comments
2023-08-16,2023-10-04,Oncologic Drugs Advisory Committee,,,,,True,,2023-17510,https://www.federalregister.gov/documents/2023/08/16/2023-17510/oncologic-drugs-advisory-committee-notice-of-meeting-establishment-of-a-public-docket-request-for,Oncologic Drugs Advisory Committee; Notice of Meeting; Establishment of a Public Docket; Request for Comments
2023-08-21,2023-08-21,,,,,,False,short_lead,2023-17881,https://www.federalregister.gov/documents/2023/08/21/2023-17881/list-of-bulk-drug-substances-for-which-there-is-a-clinical-need-under-section-503b-of-the-federal,"List of Bulk Drug Substances for Which There is a Clinical Need Under Section 503B of the Federal Food, Drug, and Cosmetic Act"
2023-08-22,2023-10-05,Oncologic Drugs Advisory Committee,,,,,True,,2023-18024,https://www.federalregister.gov/documents/2023/08/22/2023-18024/oncologic-drugs-advisory-committee-notice-of-meeting-establishment-of-a-public-docket-request-for,Oncologic Drugs Advisory Committee; Notice of Meeting; Establishment of a Public Docket; Request for Comments
2023-08-24,2023-09-21,Endocrinologic and Metabolic Drugs Advisory Committee,Intarcia,ITCA,,,True,,2023-18241,https://www.federalregister.gov/documents/2023/08/24/2023-18241/endocrinologic-and-metabolic-drugs-advisory-committee-notice-of-alternative-form-of-hearing,Endocrinologic and Metabolic Drugs Advisory Committee; Notice of Alternative Form of Hearing
2023-08-24,2023-10-05,Vaccines and Related Biological Products Advisory Committee,,,,,True,,2023-18243,https://www.federalregister.gov/documents/2023/08/24/2023-18243/vaccines-and-related-biological-products-advisory-committee-notice-of-meeting-establishment-of-a,Vaccines and Related Biological Products Advisory Committee; Notice of Meeting; Establishment of a Public Docket; Request for Comments
2023-08-24,2023-09-21,Endocrinologic and Metabolic Drugs Advisory Committee,,,,,True,,2023-18250,https://www.federalregister.gov/documents/2023/08/24/2023-18250/endocrinologic-and-metabolic-drugs-advisory-committee-notice-of-meeting-establishment-of-a-public,Endocrinologic and Metabolic Drugs Advisory Committee; Notice of Meeting; Establishment of a Public Docket; Request for Comments
2023-08-25,2023-09-25,,,,,,True,,2023-18320,https://www.federalregister.gov/documents/2023/08/25/2023-18320/notice-of-opportunity-for-public-comment-on-proposal-to-withdraw-approval-of-new-drug-application,"Notice of Opportunity for Public Comment on Proposal To Withdraw Approval of New Drug Application for PEPAXTO, Equivalent to 20 Milligrams Base per Vial"
2023-09-07,2023-10-31,"Cellular, Tissue, and Gene Therapies Advisory Committee",,,,,True,,2023-19284,https://www.federalregister.gov/documents/2023/09/07/2023-19284/cellular-tissue-and-gene-therapies-advisory-committee-notice-of-meeting-establishment-of-a-public,"Cellular, Tissue, and Gene Therapies Advisory Committee; Notice of Meeting; Establishment of a Public Docket; Request for Comments-Sickle Cell Disease"
2023-09-08,2023-11-17,Pulmonary-Allergy Drugs Advisory Committee,,,,,True,,2023-19407,https://www.federalregister.gov/documents/2023/09/08/2023-19407/pulmonary-allergy-drugs-advisory-committee-notice-of-meeting-establishment-of-a-public-docket,Pulmonary-Allergy Drugs Advisory Committee; Notice of Meeting; Establishment of a Public Docket; Request for Comments
2023-09-11,2023-10-11,Vaccines and Related Biological Products Advisory Committee,,,,,True,,2023-19496,https://www.federalregister.gov/documents/2023/09/11/2023-19496/request-for-nominations-from-industry-organizations-interested-in-participating-in-the-selection,Request for Nominations From Industry Organizations Interested in Participating in the Selection Process for Nonvoting Industry Representatives and Request for Nominations for Nonvoting Industry Repre
2023-09-11,2023-10-11,,,,,,True,,2023-19499,https://www.federalregister.gov/documents/2023/09/11/2023-19499/request-for-nominations-of-a-nonvoting-representative-of-the-interest-of-the-tobacco-manufacturing,Request for Nominations of a Nonvoting Representative of the Interest of the Tobacco Manufacturing Industry on the Tobacco Products Scientific Advisory Committee
2023-09-13,2023-09-13,,,Oxandrin,,,False,short_lead,2023-19796,https://www.federalregister.gov/documents/2023/09/13/2023-19796/determination-that-oxandrin-oxandrolone-tablets-25-milligrams-and-10-milligrams-were-withdrawn-from,"Determination That Oxandrin (Oxandrolone) Tablets, 2.5 Milligrams and 10 Milligrams, Were Withdrawn From Sale for Reasons of Safety or Effectiveness"
2023-09-15,2023-12-14,,,,,,True,,2023-20015,https://www.federalregister.gov/documents/2023/09/15/2023-20015/quality-management-maturity-program-for-drug-manufacturing-establishments-establishment-of-a-public,Quality Management Maturity Program for Drug Manufacturing Establishments; Establishment of a Public Docket; Request for Comments
2023-09-19,2023-09-19,,,,,,False,short_lead,2023-20012,https://www.federalregister.gov/documents/2023/09/19/2023-20012/advisory-committee-board-of-tea-experts-termination-and-technical-amendment-to-the-citation-for-the,Advisory Committee; Board of Tea Experts; Termination and Technical Amendment to the Citation for the Federal Advisory Committee Act
2023-10-03,2023-12-04,,,,,,True,,2023-21662,https://www.federalregister.gov/documents/2023/10/03/2023-21662/medical-devices-laboratory-developed-tests,Medical Devices; Laboratory Developed Tests
2023-10-04,2023-11-16,Oncologic Drugs Advisory Committee,Acrotech Biopharma Inc,,,,True,,2023-21984,https://www.federalregister.gov/documents/2023/10/04/2023-21984/oncologic-drugs-advisory-committee-notice-of-meeting-establishment-of-a-public-docket-request-for,Oncologic Drugs Advisory Committee; Notice of Meeting; Establishment of a Public Docket; Request for Comments
2023-10-05,2023-11-07,,,,,,True,,2023-22106,https://www.federalregister.gov/documents/2023/10/05/2023-22106/radiological-devices-panel-of-the-medical-devices-advisory-committee-notice-of-meeting,Radiological Devices Panel of the Medical Devices Advisory Committee; Notice of Meeting
2023-10-11,2023-10-11,,,,,,False,short_lead,2023-22465,https://www.federalregister.gov/documents/2023/10/11/2023-22465/agency-information-collection-activities-announcement-of-office-of-management-and-budget-approvals,Agency Information Collection Activities; Announcement of Office of Management and Budget Approvals
2023-10-12,2023-12-11,,,,,,True,,2023-22566,https://www.federalregister.gov/documents/2023/10/12/2023-22566/advisory-committee-digital-health-committee-establishment,Advisory Committee; Digital Health Committee; Establishment
2023-10-12,2023-11-27,,,,,,True,,2023-22567,https://www.federalregister.gov/documents/2023/10/12/2023-22567/request-for-nominations-of-individuals-and-consumer-organizations-for-the-digital-health-advisory,Request for Nominations of Individuals and Consumer Organizations for the Digital Health Advisory Committee
2023-10-12,2023-11-13,,,,,,True,,2023-22568,https://www.federalregister.gov/documents/2023/10/12/2023-22568/request-for-nominations-of-individuals-and-industry-organizations-for-the-digital-health-advisory,Request for Nominations of Individuals and Industry Organizations for the Digital Health Advisory Committee
2023-10-12,2023-12-11,,,,,,True,,2023-22569,https://www.federalregister.gov/documents/2023/10/12/2023-22569/request-for-nominations-for-voting-members-for-the-digital-health-advisory-committee,Request for Nominations for Voting Members for the Digital Health Advisory Committee
2023-11-01,2023-12-01,,,,,,True,,2023-24123,https://www.federalregister.gov/documents/2023/11/01/2023-24123/request-for-nominations-on-public-advisory-panels-of-the-medical-devices-advisory-committee,Request for Nominations on Public Advisory Panels of the Medical Devices Advisory Committee
2023-11-02,,,,,,,False,no_meeting_date,2023-24212,https://www.federalregister.gov/documents/2023/11/02/2023-24212/advisory-committee-patient-engagement-advisory-committee-renewal,Advisory Committee; Patient Engagement Advisory Committee; Renewal
2023-11-13,2023-11-29,,,,,,True,,2023-24896,https://www.federalregister.gov/documents/2023/11/13/2023-24896/molecular-and-clinical-genetics-panel-of-the-medical-devices-advisory-committee-notice-of-meeting,Molecular and Clinical Genetics Panel of the Medical Devices Advisory Committee; Notice of Meeting; Establishment of a Public Docket; Request for Comments-Multi-Cancer Detection Devices
2023-11-15,,Nonprescription Drugs Advisory Committee,,,,,False,no_meeting_date,2023-25100,https://www.federalregister.gov/documents/2023/11/15/2023-25100/advisory-committee-nonprescription-drugs-advisory-committee-renewal,Advisory Committee; Nonprescription Drugs Advisory Committee; Renewal
2023-11-17,2024-01-16,,,,,,True,,2023-25367,https://www.federalregister.gov/documents/2023/11/17/2023-25367/request-for-nominations-for-voting-members-on-public-advisory-panels-or-committees-device-good,Request for Nominations for Voting Members on Public Advisory Panels or Committees; Device Good Manufacturing Practice Advisory Committee and the Medical Devices Advisory Committee
2023-11-17,2024-02-06,,,,,,True,,2023-25459,https://www.federalregister.gov/documents/2023/11/17/2023-25459/general-hospital-and-personal-use-devices-panel-of-the-medical-devices-advisory-committee-notice-of,General Hospital and Personal Use Devices Panel of the Medical Devices Advisory Committee; Notice of Meeting; Establishment of a Public Docket; Request for Comments-506J Device List
2023-11-17,2024-02-02,,,,,,True,,2023-25475,https://www.federalregister.gov/documents/2023/11/17/2023-25475/anesthesiology-and-respiratory-therapy-devices-panel-of-the-medical-devices-advisory-committee,Anesthesiology and Respiratory Therapy Devices Panel of the Medical Devices Advisory Committee; Notice of Meeting; Establishment of a Public Docket; Request for Comments-Pulse Oximeters
2023-11-30,2024-02-28,,,,,,True,,2023-26208,https://www.federalregister.gov/documents/2023/11/30/2023-26208/effective-date-of-requirement-for-premarket-approval-applications-for-certain-solid-wound-dressings,"Effective Date of Requirement for Premarket Approval Applications for Certain Solid Wound Dressings; Wound Dressings Formulated as a Gel, Cream, or Ointment; and Liquid Wound Washes Containing Medical"
2023-11-30,2024-02-28,,,,,,True,,2023-26209,https://www.federalregister.gov/documents/2023/11/30/2023-26209/medical-devices-general-and-plastic-surgery-devices-classification-of-certain-solid-wound-dressings,"Medical Devices; General and Plastic Surgery Devices; Classification of Certain Solid Wound Dressings; Wound Dressings Formulated as a Gel, Creams, or Ointment; and Liquid Wound Washes"
2023-12-13,2024-02-12,,,,,,True,,2023-27301,https://www.federalregister.gov/documents/2023/12/13/2023-27301/request-for-nominations-for-voting-members-for-the-genetic-metabolic-diseases-advisory-committee,Request for Nominations for Voting Members for the Genetic Metabolic Diseases Advisory Committee
2023-12-13,2024-02-12,,,,,,True,,2023-27302,https://www.federalregister.gov/documents/2023/12/13/2023-27302/request-for-nominations-of-individuals-and-consumer-organizations-for-the-genetic-metabolic-diseases,Request for Nominations of Individuals and Consumer Organizations for the Genetic Metabolic Diseases Advisory Committee
2023-12-13,2024-02-12,,,,,,True,,2023-27303,https://www.federalregister.gov/documents/2023/12/13/2023-27303/request-for-nominations-of-individuals-and-industry-organizations-for-the-genetic-metabolic-diseases,Request for Nominations of Individuals and Industry Organizations for the Genetic Metabolic Diseases Advisory Committee
2023-12-13,2024-02-12,,,,,,True,,2023-27304,https://www.federalregister.gov/documents/2023/12/13/2023-27304/advisory-committee-genetic-metabolic-diseases-advisory-committee-establishment,Advisory Committee; Genetic Metabolic Diseases Advisory Committee; Establishment
2023-12-13,2024-01-29,Cardiovascular and Renal Drugs Advisory Committee,,,,,True,,2023-27308,https://www.federalregister.gov/documents/2023/12/13/2023-27308/request-for-nominations-for-individuals-and-consumer-organizations-for-advisory-committees,Request for Nominations for Individuals and Consumer Organizations for Advisory Committees
2023-12-18,2023-12-18,,,IMBRUVICA,,,False,short_lead,2023-27662,https://www.federalregister.gov/documents/2023/12/18/2023-27662/pharmacyclics-llc-withdrawal-of-approval-of-indications-for-mantle-cell-lymphoma-and-marginal-zone,Pharmacyclics LLC.; Withdrawal of Approval of Indications for Mantle Cell Lymphoma and Marginal Zone Lymphoma for IMBRUVICA (ibrutinib) Capsules and Tablets
2023-12-21,2024-01-22,,,,,,True,,2023-27935,https://www.federalregister.gov/documents/2023/12/21/2023-27935/institutional-review-board-waiver-or-alteration-of-informed-consent-for-minimal-risk-clinical,Institutional Review Board Waiver or Alteration of Informed Consent for Minimal Risk Clinical Investigations
2024-01-19,2024-03-05,,,,,,True,,2024-01016,https://www.federalregister.gov/documents/2024/01/19/2024-01016/medical-imaging-drugs-advisory-committee-notice-of-meeting-establishment-of-a-public-docket-request,Medical Imaging Drugs Advisory Committee; Notice of Meeting; Establishment of a Public Docket; Request for Comments
2024-01-22,2024-02-13,,,,,,True,,2024-01082,https://www.federalregister.gov/documents/2024/01/22/2024-01082/circulatory-system-devices-panel-of-the-medical-devices-advisory-committee-notice-of-meeting-triclip,Circulatory System Devices Panel of the Medical Devices Advisory Committee; Notice of Meeting-TriClip G4 System
2024-01-23,2024-02-22,"Cellular, Tissue, and Gene Therapies Advisory Committee",,,,,True,,2024-01154,https://www.federalregister.gov/documents/2024/01/23/2024-01154/request-for-nominations-from-industry-organizations-interested-in-participating-in-the-selection,Request for Nominations From Industry Organizations Interested in Participating in the Selection Process for Nonvoting Industry Representatives and Request for Nominations for Nonvoting Industry Repre
2024-01-26,,,,,,,False,no_meeting_date,2024-01585,https://www.federalregister.gov/documents/2024/01/26/2024-01585/advisory-committee-vaccines-and-related-biological-products-advisory-committee-renewal,"Advisory Committee; Vaccines and Related Biological Products Advisory Committee, Renewal"
2024-01-30,2024-03-14,Oncologic Drugs Advisory Committee,,,,,True,,2024-01797,https://www.federalregister.gov/documents/2024/01/30/2024-01797/oncologic-drugs-advisory-committee-notice-of-meeting-establishment-of-a-public-docket-request-for,Oncologic Drugs Advisory Committee; Notice of Meeting; Establishment of a Public Docket; Request for Comments
2024-02-02,,,,,,,False,no_meeting_date,2024-01709,https://www.federalregister.gov/documents/2024/02/02/2024-01709/medical-devices-quality-system-regulation-amendments,Medical Devices; Quality System Regulation Amendments
2024-02-05,2024-03-15,Oncologic Drugs Advisory Committee,,,,,True,,2024-02229,https://www.federalregister.gov/documents/2024/02/05/2024-02229/oncologic-drugs-advisory-committee-notice-of-meeting-establishment-of-a-public-docket-request-for,Oncologic Drugs Advisory Committee; Notice of Meeting; Establishment of a Public Docket; Request for Comments
2024-02-06,2024-03-21,,,,,,True,,2024-02361,https://www.federalregister.gov/documents/2024/02/06/2024-02361/ophthalmic-devices-panel-of-the-medical-devices-advisory-committee-notice-of-meeting-fsyx-ocular,Ophthalmic Devices Panel of the Medical Devices Advisory Committee; Notice of Meeting-FSYX Ocular Pressure Adjusting Pump System
2024-02-08,2024-02-27,,,,,,True,,2024-02573,https://www.federalregister.gov/documents/2024/02/08/2024-02573/international-drug-scheduling-convention-on-psychotropic-substances-single-convention-on-narcotic,International Drug Scheduling; Convention on Psychotropic Substances; Single Convention on Narcotic Drugs; World Health Organization; Scheduling Recommendations; Butonitazene; 3-Chloromethcathinone; D
2024-02-09,2024-03-05,Vaccines and Related Biological Products Advisory Committee,,,,,True,,2024-02709,https://www.federalregister.gov/documents/2024/02/09/2024-02709/vaccines-and-related-biological-products-advisory-committee-notice-of-meeting-establishment-of-a,Vaccines and Related Biological Products Advisory Committee; Notice of Meeting; Establishment of a Public Docket; Request for Comments
2024-02-16,2024-02-16,,,,,,False,short_lead,2024-03302,https://www.federalregister.gov/documents/2024/02/16/2024-03302/request-for-nominations-for-voting-members-for-the-genetic-metabolic-diseases-advisory-committee,Request for Nominations for Voting Members for the Genetic Metabolic Diseases Advisory Committee; Amendment of Notice
2024-02-22,2024-02-22,,,,,,False,short_lead,2024-03618,https://www.federalregister.gov/documents/2024/02/22/2024-03618/advisory-committee-digital-health-advisory-committee-addition-to-list-of-standing-committees,Advisory Committee; Digital Health Advisory Committee; Addition to List of Standing Committees
2024-03-04,2024-05-16,Vaccines and Related Biological Products Advisory Committee,,,,,True,,2024-04523,https://www.federalregister.gov/documents/2024/03/04/2024-04523/vaccines-and-related-biological-products-advisory-committee-notice-of-meeting-establishment-of-a,Vaccines and Related Biological Products Advisory Committee; Notice of Meeting; Establishment of a Public Docket; Request for Comments: Selection of Strain(s) To Be Included in the 2024 to 2025 Formul
2024-03-06,2024-03-06,,,,,,False,short_lead,2024-04751,https://www.federalregister.gov/documents/2024/03/06/2024-04751/advisory-committee-genetic-metabolic-diseases-advisory-committee-addition-to-list-of-standing,Advisory Committee; Genetic Metabolic Diseases Advisory Committee; Addition to List of Standing Committees
2024-03-07,,Gastrointestinal Drugs Advisory Committee,,,,,False,no_meeting_date,2024-04845,https://www.federalregister.gov/documents/2024/03/07/2024-04845/advisory-committee-gastrointestinal-drugs-advisory-committee-renewal,Advisory Committee; Gastrointestinal Drugs Advisory Committee; Renewal
2024-03-11,2024-05-09,,,,,,True,,2024-05074,https://www.federalregister.gov/documents/2024/03/11/2024-05074/blood-products-advisory-committee-notice-of-meeting-establishment-of-a-public-docket-request-for,Blood Products Advisory Committee; Notice of Meeting; Establishment of a Public Docket; Request for Comments-Strategies for Testing Blood Donations for Malaria Infection
2024-03-12,,,,,,,False,no_meeting_date,2024-05218,https://www.federalregister.gov/documents/2024/03/12/2024-05218/advisory-committee-pharmaceutical-science-and-clinical-pharmacology-advisory-committee-renewal,Advisory Committee; Pharmaceutical Science and Clinical Pharmacology Advisory Committee; Renewal
2024-03-20,2024-06-18,,,,,,True,,2024-05801,https://www.federalregister.gov/documents/2024/03/20/2024-05801/drug-products-or-categories-of-drug-products-that-present-demonstrable-difficulties-for-compounding,"Drug Products or Categories of Drug Products That Present Demonstrable Difficulties for Compounding Under Sections 503A or 503B of the Federal Food, Drug, and Cosmetic Act"
2024-03-26,2024-05-28,,,,,,True,,2024-06037,https://www.federalregister.gov/documents/2024/03/26/2024-06037/banned-devices-proposal-to-ban-electrical-stimulation-devices-for-self-injurious-or-aggressive,Banned Devices; Proposal To Ban Electrical Stimulation Devices for Self-Injurious or Aggressive Behavior
2024-03-26,2024-04-12,Oncologic Drugs Advisory Committee,,,,,True,,2024-06314,https://www.federalregister.gov/documents/2024/03/26/2024-06314/oncologic-drugs-advisory-committee-notice-of-meeting-establishment-of-a-public-docket-request-for,Oncologic Drugs Advisory Committee; Notice of Meeting; Establishment of a Public Docket; Request for Comments-Use of Minimal Residual Disease as an Endpoint in Multiple Myeloma Clinical Trials
2024-04-05,2024-06-04,,,,,,True,,2024-07254,https://www.federalregister.gov/documents/2024/04/05/2024-07254/request-for-nominations-for-voting-members-for-the-patient-engagement-advisory-committee,Request for Nominations for Voting Members for the Patient Engagement Advisory Committee
2024-04-05,2024-05-06,,,,,,True,,2024-07261,https://www.federalregister.gov/documents/2024/04/05/2024-07261/request-for-nominations-on-device-good-manufacturing-practice-advisory-committee,Request for Nominations on Device Good Manufacturing Practice Advisory Committee
2024-04-05,2024-05-22,Oncologic Drugs Advisory Committee,,,,,True,,2024-07273,https://www.federalregister.gov/documents/2024/04/05/2024-07273/pediatric-oncology-subcommittee-of-the-oncologic-drugs-advisory-committee-notice-of-meeting,Pediatric Oncology Subcommittee of the Oncologic Drugs Advisory Committee; Notice of Meeting; Establishment of a Public Docket; Request for Comments-General Topic
2024-04-18,,Oncologic Drugs Advisory Committee,,PEPAXTO,,,False,no_meeting_date,2024-08274,https://www.federalregister.gov/documents/2024/04/18/2024-08274/final-decision-on-withdrawal-of-pepaxto-melphalan-flufenamide-following-appeal-of-the-proposal-to,Final Decision on Withdrawal of PEPAXTO (melphalan flufenamide) Following Appeal of the Proposal To Withdraw Approval; Availability of Final Decision
2024-04-23,2024-05-23,,,,,,True,,2024-08656,https://www.federalregister.gov/documents/2024/04/23/2024-08656/molecular-and-clinical-genetics-panel-of-the-medical-devices-advisory-committee-notice-of,Molecular and Clinical Genetics Panel of the Medical Devices Advisory Committee; Notice of Meeting-Guardant Shield Blood Collection Kit
2024-04-29,2024-05-24,Endocrinologic and Metabolic Drugs Advisory Committee,,,,,True,,2024-09158,https://www.federalregister.gov/documents/2024/04/29/2024-09158/endocrinologic-and-metabolic-drugs-advisory-committee-notice-of-meeting-establishment-of-a-public,Endocrinologic and Metabolic Drugs Advisory Committee; Notice of Meeting; Establishment of a Public Docket; Request for Comments-Biologics License Application 761326 for NNC0148-0287 Injection (Insuli
2024-04-30,2024-06-13,,,,,,True,,2024-09014,https://www.federalregister.gov/documents/2024/04/30/2024-09014/listening-session-optimizing-the-food-and-drug-administrations-use-of-and-processes-for-advisory,Listening Session: Optimizing the Food and Drug Administration's Use of and Processes for Advisory Committees; Public Meeting; Request for Comments
2024-05-02,2024-06-03,,,,,,True,,2024-09532,https://www.federalregister.gov/documents/2024/05/02/2024-09532/request-for-nominations-of-a-nonvoting-representative-of-the-interest-of-tobacco-growers-on-the,Request for Nominations of a Nonvoting Representative of the Interest of Tobacco Growers on the Tobacco Products Scientific Advisory Committee
2024-05-06,2024-07-05,,,,,,True,,2024-08935,https://www.federalregister.gov/documents/2024/05/06/2024-08935/medical-devices-laboratory-developed-tests,Medical Devices; Laboratory Developed Tests
2024-05-06,2024-07-05,,,,,,True,,2024-09153,https://www.federalregister.gov/documents/2024/05/06/2024-09153/standards-for-the-growing-harvesting-packing-and-holding-of-produce-for-human-consumption-relating,"Standards for the Growing, Harvesting, Packing, and Holding of Produce for Human Consumption Relating to Agricultural Water"
2024-05-06,2024-06-26,,,,,,True,,2024-09786,https://www.federalregister.gov/documents/2024/05/06/2024-09786/the-tobacco-products-scientific-advisory-committee-notice-of-meeting,The Tobacco Products Scientific Advisory Committee; Notice of Meeting
2024-05-08,2024-06-10,Peripheral and Central Nervous System Drugs Advisory Committee,,,,,True,,2024-10051,https://www.federalregister.gov/documents/2024/05/08/2024-10051/peripheral-and-central-nervous-system-drugs-advisory-committee-notice-of-meeting-establishment-of-a,"Peripheral and Central Nervous System Drugs Advisory Committee; Notice of Meeting; Establishment of a Public Docket; Request for Comments-Biologics License Application 761248, for Donanemab Solution f"
2024-05-08,2024-06-04,Psychopharmacologic Drugs Advisory Committee,,,,,True,,2024-10053,https://www.federalregister.gov/documents/2024/05/08/2024-10053/psychopharmacologic-drugs-advisory-committee-notice-of-meeting-establishment-of-a-public-docket,Psychopharmacologic Drugs Advisory Committee; Notice of Meeting; Establishment of a Public Docket; Request for Comments-Midomafetamine Capsules
2024-05-22,2024-06-21,,,,,,True,,2024-11178,https://www.federalregister.gov/documents/2024/05/22/2024-11178/request-for-nominations-on-public-advisory-panels-of-the-medical-devices-advisory-committee,Request for Nominations on Public Advisory Panels of the Medical Devices Advisory Committee
2024-05-22,2024-06-05,Vaccines and Related Biological Products Advisory Committee,,,,,True,,2024-11216,https://www.federalregister.gov/documents/2024/05/22/2024-11216/vaccines-and-related-biological-products-advisory-committee-amendment-of-notice-selection-of-the,Vaccines and Related Biological Products Advisory Committee; Amendment of Notice-Selection of the 2024 to 2025 Formula for COVID-19 Vaccines
2024-05-30,2024-05-30,,,,,,False,short_lead,2024-11811,https://www.federalregister.gov/documents/2024/05/30/2024-11811/advisory-committee-science-advisory-board-to-the-national-center-for-toxicological-research,Advisory Committee; Science Advisory Board to the National Center for Toxicological Research; Termination; Removal From List of Standing Committees
2024-06-03,,,,,,,False,no_meeting_date,2024-11893,https://www.federalregister.gov/documents/2024/06/03/2024-11893/statement-of-organization-functions-and-delegations-of-authority,"Statement of Organization, Functions, and Delegations of Authority"
2024-06-07,,,,,,,False,no_meeting_date,2024-12525,https://www.federalregister.gov/documents/2024/06/07/2024-12525/advisory-committee-arthritis-advisory-committee-renewal,Advisory Committee; Arthritis Advisory Committee; Renewal
2024-06-07,,,,,,,False,no_meeting_date,2024-12528,https://www.federalregister.gov/documents/2024/06/07/2024-12528/advisory-committee-obstetrics-reproductive-and-urologic-drugs-advisory-renewal,"Advisory Committee; Obstetrics, Reproductive and Urologic Drugs Advisory; Renewal"
2024-06-07,2024-07-25,Oncologic Drugs Advisory Committee,,,,,True,,2024-12532,https://www.federalregister.gov/documents/2024/06/07/2024-12532/oncologic-drugs-advisory-committee-notice-of-meeting-establishment-of-a-public-docket-request-for,Oncologic Drugs Advisory Committee; Notice of Meeting; Establishment of a Public Docket; Request for Comments-Supplemental Biologics License Application 761069/S-043 for IMFINZI (durvalumab) Injection
2024-06-12,2024-06-12,,,,,,False,short_lead,2024-12784,https://www.federalregister.gov/documents/2024/06/12/2024-12784/the-tobacco-products-scientific-advisory-committee-notice-of-meeting-amendment-of-notice,The Tobacco Products Scientific Advisory Committee; Notice of Meeting; Amendment of Notice
2024-06-13,2024-07-29,Oncologic Drugs Advisory Committee,,,,,True,,2024-12999,https://www.federalregister.gov/documents/2024/06/13/2024-12999/request-for-nominations-for-individuals-and-consumer-organizations-for-advisory-committees,Request for Nominations for Individuals and Consumer Organizations for Advisory Committees
2024-06-21,2024-07-22,Cardiovascular and Renal Drugs Advisory Committee,,,,,True,,2024-13672,https://www.federalregister.gov/documents/2024/06/21/2024-13672/request-for-nominations-from-industry-organizations-interested-in-participating-in-the-selection,Request for Nominations From Industry Organizations Interested in Participating in the Selection Process for Nonvoting Industry Representatives and Request for Nominations for Nonvoting Industry Repre
2024-07-10,2024-08-02,,,,,,True,,2024-15127,https://www.federalregister.gov/documents/2024/07/10/2024-15127/genetic-metabolic-diseases-advisory-committee-notice-of-meeting-establishment-of-a-public-docket,"Genetic Metabolic Diseases Advisory Committee; Notice of Meeting; Establishment of a Public Docket; Request for Comments-New Drug Application 214927, for Arimoclomol"
2024-07-10,2024-07-10,,,,,,False,short_lead,2024-15136,https://www.federalregister.gov/documents/2024/07/10/2024-15136/advisory-committee-allergenic-products-advisory-committee-termination-removal-from-list-of-standing,Advisory Committee; Allergenic Products Advisory Committee; Termination; Removal From List of Standing Committees
2024-07-29,2024-09-18,Pediatric Advisory Committee,,,,,True,,2024-16618,https://www.federalregister.gov/documents/2024/07/29/2024-16618/pediatric-advisory-committee-notice-of-meeting-establishment-of-a-public-docket-request-for-comments,Pediatric Advisory Committee; Notice of Meeting; Establishment of a Public Docket; Request for Comments
2024-07-29,,Pulmonary-Allergy Drugs Advisory Committee,,,,,False,no_meeting_date,2024-16629,https://www.federalregister.gov/documents/2024/07/29/2024-16629/advisory-committee-pulmonary-allergy-drugs-advisory-committee-renewal,Advisory Committee; Pulmonary-Allergy Drugs Advisory Committee; Renewal
2024-07-30,,,,,,,False,no_meeting_date,2024-16667,https://www.federalregister.gov/documents/2024/07/30/2024-16667/advisory-committee-pharmacy-compounding-advisory-committee-renewal,Advisory Committee; Pharmacy Compounding Advisory Committee; Renewal
2024-08-02,,Psychopharmacologic Drugs Advisory Committee,,,,,False,no_meeting_date,2024-17089,https://www.federalregister.gov/documents/2024/08/02/2024-17089/advisory-committee-psychopharmacologic-drugs-advisory-committee-renewal,Advisory Committee; Psychopharmacologic Drugs Advisory Committee; Renewal
2024-08-05,,,,,,,False,no_meeting_date,2024-17243,https://www.federalregister.gov/documents/2024/08/05/2024-17243/advisory-committee-drug-safety-and-risk-management-advisory-committee-renewal,Advisory Committee; Drug Safety and Risk Management Advisory Committee; Renewal
2024-08-05,,,,,,,False,no_meeting_date,2024-17248,https://www.federalregister.gov/documents/2024/08/05/2024-17248/advisory-committee-anesthetic-and-analgesic-drug-products-advisory-committee-renewal,Advisory Committee; Anesthetic and Analgesic Drug Products Advisory Committee; Renewal
2024-08-08,,,,,,,False,no_meeting_date,2024-17518,https://www.federalregister.gov/documents/2024/08/08/2024-17518/advisory-committee-blood-products-advisory-committee-renewal,Advisory Committee; Blood Products Advisory Committee; Renewal
2024-08-08,2024-09-09,,,,,,True,,2024-17642,https://www.federalregister.gov/documents/2024/08/08/2024-17642/antimicrobial-drugs-advisory-committee-notice-of-meeting-establishment-of-a-public-docket-request,Antimicrobial Drugs Advisory Committee; Notice of Meeting; Establishment of a Public Docket; Request for Comments-New Drug Application 213972 for Sulopenem Etzadroxil/Probenecid Tablets
2024-08-09,2024-11-19,Psychopharmacologic Drugs Advisory Committee,,,,,True,,2024-17752,https://www.federalregister.gov/documents/2024/08/09/2024-17752/joint-meeting-of-the-drug-safety-and-risk-management-advisory-committee-and-the-psychopharmacologic,Joint Meeting of the Drug Safety and Risk Management Advisory Committee and the Psychopharmacologic Drugs Advisory Committee; Notice of Meeting; Establishment of a Public Docket; Request for Comments-
2024-08-12,2024-09-13,Gastrointestinal Drugs Advisory Committee,,,,,True,,2024-17926,https://www.federalregister.gov/documents/2024/08/12/2024-17926/gastrointestinal-drugs-advisory-committee-notice-of-meeting-establishment-of-a-public-docket-request,Gastrointestinal Drugs Advisory Committee; Notice of Meeting; Establishment of a Public Docket; Request for Comments-Supplemental New Drug Application 207999 S-011 for OCALIVA (obeticholic acid) Oral 
2024-08-13,,,,,,,False,no_meeting_date,2024-18004,https://www.federalregister.gov/documents/2024/08/13/2024-18004/advisory-committee-peripheral-and-central-nervous-system-drugs-advisory-committee-renewal,Advisory Committee; Peripheral and Central Nervous System Drugs Advisory Committee; Renewal
2024-08-15,2024-10-07,,,,,,True,,2024-18263,https://www.federalregister.gov/documents/2024/08/15/2024-18263/science-board-to-the-food-and-drug-administration-advisory-committee-notice-of-meeting,Science Board to the Food and Drug Administration Advisory Committee; Notice of Meeting
2024-08-20,2024-09-20,Vaccines and Related Biological Products Advisory Committee,,,,,True,,2024-18617,https://www.federalregister.gov/documents/2024/08/20/2024-18617/vaccines-and-related-biological-products-advisory-committee-notice-of-meeting-establishment-of-a,Vaccines and Related Biological Products Advisory Committee; Notice of Meeting; Establishment of a Public Docket; Request for Comments
2024-08-23,2024-08-23,Endocrinologic and Metabolic Drugs Advisory Committee,,ITCA,,,False,short_lead,2024-18898,https://www.federalregister.gov/documents/2024/08/23/2024-18898/final-decision-on-the-proposal-to-refuse-to-approve-a-new-drug-application-for-itca-650,Final Decision on the Proposal To Refuse To Approve a New Drug Application for ITCA 650
2024-08-23,2024-09-26,Oncologic Drugs Advisory Committee,,tislelizumab,,,True,,2024-18970,https://www.federalregister.gov/documents/2024/08/23/2024-18970/oncologic-drugs-advisory-committee-notice-of-meeting-establishment-of-a-public-docket-request-for,Oncologic Drugs Advisory Committee; Notice of Meeting; Establishment of a Public Docket; Request for Comments-Immune Checkpoint Inhibitors in Patients With Unresectable or Metastatic Gastric and Gastr
2024-08-28,2024-10-30,,,,,,True,,2024-19323,https://www.federalregister.gov/documents/2024/08/28/2024-19323/patient-engagement-advisory-committee-notice-of-meeting-patient-centered-informed-consent-in,Patient Engagement Advisory Committee; Notice of Meeting-Patient-Centered Informed Consent in Clinical Study
2024-09-06,2024-10-10,Cardiovascular and Renal Drugs Advisory Committee,,,,,True,,2024-20062,https://www.federalregister.gov/documents/2024/09/06/2024-20062/cardiovascular-and-renal-drugs-advisory-committee-notice-of-meeting-establishment-of-a-public-docket,Cardiovascular and Renal Drugs Advisory Committee; Notice of Meeting; Establishment of a Public Docket; Request for Comments-New Drug Application 215244 for Elamipretide Hydrochloride Injection
2024-09-13,2024-11-07,,,,,,True,,2024-20889,https://www.federalregister.gov/documents/2024/09/13/2024-20889/general-and-plastic-surgery-devices-panel-of-the-medical-devices-advisory-committee-notice-of,General and Plastic Surgery Devices Panel of the Medical Devices Advisory Committee; Notice of Meeting; Establishment of Public Docket; Request for Comments-ProSense Cryoablation System
2024-09-17,2024-11-20,,,,,,True,,2024-21074,https://www.federalregister.gov/documents/2024/09/17/2024-21074/digital-health-advisory-committee-notice-of-meeting-establishment-of-a-public-docket-request-for,Digital Health Advisory Committee; Notice of Meeting; Establishment of a Public Docket; Request for Comments-Total Product Lifecycle Considerations for Generative Artificial Intelligence-Enabled Medic
2024-09-18,2024-10-29,,,Ipamorelin,,,True,,2024-21241,https://www.federalregister.gov/documents/2024/09/18/2024-21241/pharmacy-compounding-advisory-committee-notice-of-meeting-establishment-of-a-public-docket-request,Pharmacy Compounding Advisory Committee; Notice of Meeting; Establishment of a Public Docket; Request for Comments-Bulk Drug Substances Nominated for Inclusion on the Section 503A Bulk Drug Substances
2024-09-19,2024-10-10,Vaccines and Related Biological Products Advisory Committee,,,,,True,,2024-21431,https://www.federalregister.gov/documents/2024/09/19/2024-21431/vaccines-and-related-biological-products-advisory-committee-notice-of-meeting-establishment-of-a,Vaccines and Related Biological Products Advisory Committee; Notice of Meeting; Establishment of a Public Docket; Request for Comments: Strain Selection for Influenza Vaccines
2024-09-23,2024-10-23,,,,,,True,,2024-21616,https://www.federalregister.gov/documents/2024/09/23/2024-21616/microbiology-devices-reclassification-of-cytomegalovirus-deoxyribonucleic-acid-quantitative-assay,Microbiology Devices; Reclassification of Cytomegalovirus Deoxyribonucleic Acid Quantitative Assay Devices Intended for Transplant Patient Management
2024-09-25,2024-11-25,,,,,,True,,2024-21932,https://www.federalregister.gov/documents/2024/09/25/2024-21932/microbiology-devices-reclassification-of-antigen-antibody-and-nucleic-acid-based-hepatitis-b-virus,"Microbiology Devices; Reclassification of Antigen, Antibody, and Nucleic Acid-Based Hepatitis B Virus Assay Devices"
2024-09-30,2024-11-14,Oncologic Drugs Advisory Committee,,,,,True,,2024-22292,https://www.federalregister.gov/documents/2024/09/30/2024-22292/request-for-nominations-for-individuals-and-consumer-organizations-for-advisory-committees,Request for Nominations for Individuals and Consumer Organizations for Advisory Committees
2024-10-02,2024-11-21,"Cellular, Tissue, and Gene Therapies Advisory Committee",,,,,True,,2024-22561,https://www.federalregister.gov/documents/2024/10/02/2024-22561/cellular-tissue-and-gene-therapies-advisory-committee-notice-of-meeting-establishment-of-a-public,"Cellular, Tissue, and Gene Therapies Advisory Committee; Notice of Meeting; Establishment of a Public Docket; Request for Comments-Supplemental Biologics License Application 125586/546 From AstraZenec"
2024-10-02,2024-10-31,Endocrinologic and Metabolic Drugs Advisory Committee,,,,,True,,2024-22570,https://www.federalregister.gov/documents/2024/10/02/2024-22570/endocrinologic-and-metabolic-drugs-advisory-committee-notice-of-meeting-establishment-of-a-public,Endocrinologic and Metabolic Drugs Advisory Committee; Notice of Meeting; Establishment of a Public Docket; Request for Comments-New Drug Application 210934 for Sotagliflozin Oral Tablet
2024-10-24,2024-12-12,Vaccines and Related Biological Products Advisory Committee,,,,,True,,2024-24713,https://www.federalregister.gov/documents/2024/10/24/2024-24713/vaccines-and-related-biological-products-advisory-committee-notice-of-meeting-establishment-of-a,Vaccines and Related Biological Products Advisory Committee; Notice of Meeting; Establishment of a Public Docket; Request for Comments
2024-10-25,2024-12-04,,,,,,True,,2024-24828,https://www.federalregister.gov/documents/2024/10/25/2024-24828/pharmacy-compounding-advisory-committee-notice-of-meeting-establishment-of-a-public-docket-request,Pharmacy Compounding Advisory Committee; Notice of Meeting; Establishment of a Public Docket; Request for Comments-Bulk Drug Substances Nominated for Inclusion on the Section 503A Bulk Drug Substances
2024-11-01,2024-11-20,,,,,,True,,2024-25458,https://www.federalregister.gov/documents/2024/11/01/2024-25458/reauthorization-of-the-over-the-counter-monograph-drug-user-fee-program-public-meeting-request-for,Reauthorization of the Over-The-Counter Monograph Drug User Fee Program; Public Meeting; Request for Comments
2024-11-27,,Oncologic Drugs Advisory Committee,,,,,False,no_meeting_date,2024-27797,https://www.federalregister.gov/documents/2024/11/27/2024-27797/advisory-committee-oncologic-drugs-advisory-committee-renewal,Advisory Committee; Oncologic Drugs Advisory Committee; Renewal
2024-12-02,2025-01-10,,,,,,True,,2024-28210,https://www.federalregister.gov/documents/2024/12/02/2024-28210/anesthetic-and-analgesic-drug-products-advisory-committee-notice-of-meeting-establishment-of-a,Anesthetic and Analgesic Drug Products Advisory Committee; Notice of Meeting; Establishment of a Public Docket; Request for Comments-Biologics License Application 761393 for Condoliase Injection
2024-12-09,2025-02-05,,,,,,True,,2024-28811,https://www.federalregister.gov/documents/2024/12/09/2024-28811/joint-meeting-of-the-drug-safety-and-risk-management-advisory-committee-and-the-anesthetic-and,Joint Meeting of the Drug Safety and Risk Management Advisory Committee and the Anesthetic and Analgesic Drug Products Advisory Committee; Notice of Meeting; Establishment of a Public Docket; Request 
2024-12-12,,,,,,,False,no_meeting_date,2024-29231,https://www.federalregister.gov/documents/2024/12/12/2024-29231/advisory-committee-science-board-to-the-food-and-drug-administration-renewal,Advisory Committee; Science Board to the Food and Drug Administration; Renewal
2024-12-26,2025-01-27,Nonprescription Drugs Advisory Committee,,,,,True,,2024-30261,https://www.federalregister.gov/documents/2024/12/26/2024-30261/nonprescription-drug-product-with-an-additional-condition-for-nonprescription-use,Nonprescription Drug Product With an Additional Condition for Nonprescription Use
2024-12-26,2024-12-26,,,,,,False,short_lead,2024-30782,https://www.federalregister.gov/documents/2024/12/26/2024-30782/privacy-act-of-1974-system-of-records,Privacy Act of 1974; System of Records
2024-12-27,2025-02-25,,,,,,True,,2024-29957,https://www.federalregister.gov/documents/2024/12/27/2024-29957/food-labeling-nutrient-content-claims-definition-of-term-healthy,Food Labeling: Nutrient Content Claims; Definition of Term “Healthy”
2024-12-27,2024-12-27,,,Buprenorphine,,,False,short_lead,2024-30776,https://www.federalregister.gov/documents/2024/12/27/2024-30776/modifications-to-labeling-of-buprenorphine-containing-transmucosal-products-for-the-treatment-of,Modifications to Labeling of Buprenorphine-Containing Transmucosal Products for the Treatment of Opioid Dependence
2024-12-30,2025-02-20,,,,,,True,,2024-31260,https://www.federalregister.gov/documents/2024/12/30/2024-31260/general-and-plastic-surgery-devices-panel-of-the-medical-devices-advisory-committee-notice-of,General and Plastic Surgery Devices Panel of the Medical Devices Advisory Committee; Notice of Meeting; Establishment of Public Docket; Request for Comments-Dermal Fillers
2024-12-30,2025-02-13,Oncologic Drugs Advisory Committee,,,,,True,,2024-31270,https://www.federalregister.gov/documents/2024/12/30/2024-31270/request-for-nominations-for-individuals-and-consumer-organizations-for-advisory-committees,Request for Nominations for Individuals and Consumer Organizations for Advisory Committees
2024-12-30,2025-01-29,,,,,,True,,2024-31272,https://www.federalregister.gov/documents/2024/12/30/2024-31272/request-for-nominations-of-individuals-and-industry-organizations-for-the-patient-engagement,Request for Nominations of Individuals and Industry Organizations for the Patient Engagement Advisory Committee
2024-12-30,2025-02-28,Oncologic Drugs Advisory Committee,,,,,True,,2024-31305,https://www.federalregister.gov/documents/2024/12/30/2024-31305/combined-food-and-drug-administration-and-sponsor-oncologic-drugs-advisory-committee-briefing,Combined Food and Drug Administration and Sponsor Oncologic Drugs Advisory Committee Briefing Document; Draft Guidance for Industry; Availability
2024-12-30,2025-02-24,Cardiovascular and Renal Drugs Advisory Committee,,,,,True,,2024-31309,https://www.federalregister.gov/documents/2024/12/30/2024-31309/cardiovascular-and-renal-drugs-advisory-committee-notice-of-meeting-establishment-of-a-public-docket,Cardiovascular and Renal Drugs Advisory Committee; Notice of Meeting; Establishment of a Public Docket; Request for Comments-Supplemental New Drug Application 218276 S-004 for FABHALTA (iptacopan) Ora
2024-12-31,,,,,,,False,no_meeting_date,2024-31363,https://www.federalregister.gov/documents/2024/12/31/2024-31363/advisory-committee-dermatologic-and-ophthalmic-drugs-advisory-committee-renewal,Advisory Committee; Dermatologic and Ophthalmic Drugs Advisory Committee; Renewal
2025-01-06,2025-03-07,,,,,,True,,2024-31703,https://www.federalregister.gov/documents/2025/01/06/2024-31703/request-for-nominations-of-voting-members-on-a-public-advisory-committee-national-mammography,Request for Nominations of Voting Members on a Public Advisory Committee; National Mammography Quality Assurance Advisory Committee
2025-01-07,2025-03-10,,,,,,True,,2024-31540,https://www.federalregister.gov/documents/2025/01/07/2024-31540/pulse-oximeters-for-medical-purposes-non-clinical-and-clinical-performance-testing-labeling-and,"Pulse Oximeters for Medical Purposes-Non-Clinical and Clinical Performance Testing, Labeling, and Premarket Submission Recommendations; Draft Guidance for Industry and Food and Drug Administration Sta"
2025-01-07,2025-01-07,,,,,,False,short_lead,2024-31547,https://www.federalregister.gov/documents/2025/01/07/2024-31547/notifying-the-food-and-drug-administration-of-a-permanent-discontinuance-or-interruption-in,"Notifying the Food and Drug Administration of a Permanent Discontinuance or Interruption in Manufacturing of a Device Under Section 506J of the Federal Food, Drug, and Cosmetic Act; Guidance for Indus"
2025-01-10,2025-03-11,,,,,,True,,2025-00310,https://www.federalregister.gov/documents/2025/01/10/2025-00310/request-for-nominations-for-voting-members-on-a-public-advisory-committee-technical-electronic,Request for Nominations for Voting Members on a Public Advisory Committee; Technical Electronic Product Radiation Safety Standards Committee
2025-01-10,,,,,,,False,no_meeting_date,2025-00357,https://www.federalregister.gov/documents/2025/01/10/2025-00357/advisory-committee-antimicrobial-drugs-advisory-committee-renewal,Advisory Committee; Antimicrobial Drugs Advisory Committee; Renewal
2025-01-16,2025-09-15,,,,,,True,,2025-00397,https://www.federalregister.gov/documents/2025/01/16/2025-00397/tobacco-product-standard-for-nicotine-yield-of-cigarettes-and-certain-other-combusted-tobacco,Tobacco Product Standard for Nicotine Yield of Cigarettes and Certain Other Combusted Tobacco Products
2025-01-16,2025-05-16,,,,,,True,,2025-00778,https://www.federalregister.gov/documents/2025/01/16/2025-00778/food-labeling-front-of-package-nutrition-information,Food Labeling: Front-of-Package Nutrition Information
2025-01-16,2025-02-18,,,,,,True,,2025-00830,https://www.federalregister.gov/documents/2025/01/16/2025-00830/color-additive-petition-from-center-for-science-in-the-public-interest-et-al-request-to-revoke-color,"Color Additive Petition From Center for Science in the Public Interest, et al.; Request To Revoke Color Additive Listing for Use of FD&C Red No. 3 in Food and Ingested Drugs"
2025-04-21,2025-05-05,,,,,,True,,2025-06787,https://www.federalregister.gov/documents/2025/04/21/2025-06787/joint-meeting-of-the-drug-safety-and-risk-management-advisory-committee-and-the-anesthetic-and,Joint Meeting of the Drug Safety and Risk Management Advisory Committee and the Anesthetic and Analgesic Drug Products Advisory Committee; Amendment of Notice-Extended-Release/Long-Acting Opioid Analg
2025-05-08,2025-05-20,Oncologic Drugs Advisory Committee,,,,,True,,2025-08060,https://www.federalregister.gov/documents/2025/05/08/2025-08060/oncologic-drugs-advisory-committee-notice-of-meeting-establishment-of-a-public-docket-request-for,"Oncologic Drugs Advisory Committee; Notice of Meeting; Establishment of a Public Docket; Request for Comments-Supplemental Biologics License Application 761309/S-001, for COLUMVI (glofitamab) Injectio"
2025-05-08,2025-05-22,Vaccines and Related Biological Products Advisory Committee,,,,,True,,2025-08083,https://www.federalregister.gov/documents/2025/05/08/2025-08083/vaccines-and-related-biological-products-advisory-committee-notice-of-meeting-establishment-of-a,Vaccines and Related Biological Products Advisory Committee; Notice of Meeting; Establishment of a Public Docket; Request for Comments-2025-2026 Formula for COVID-19 Vaccines for Use in the United Sta
2025-06-13,2025-07-09,Pediatric Advisory Committee,,,,,True,,2025-10749,https://www.federalregister.gov/documents/2025/06/13/2025-10749/pediatric-advisory-committee-pac-notice-of-meeting-establishment-of-a-public-docket-request-for,Pediatric Advisory Committee (PAC); Notice of Meeting; Establishment of a Public Docket; Request for Comments
2025-06-13,2025-07-28,Oncologic Drugs Advisory Committee,,,,,True,,2025-10757,https://www.federalregister.gov/documents/2025/06/13/2025-10757/request-for-nominations-for-individuals-and-consumer-organizations-for-advisory-committees,Request for Nominations for Individuals and Consumer Organizations for Advisory Committees
2025-06-16,2025-07-17,Oncologic Drugs Advisory Committee,,,,,True,,2025-10855,https://www.federalregister.gov/documents/2025/06/16/2025-10855/oncologic-drugs-advisory-committee-notice-of-meeting-establishment-of-a-public-docket-request-for,Oncologic Drugs Advisory Committee; Notice of Meeting; Establishment of a Public Docket; Request for Comments-Biologic License Application (BLA) 761440 for Belantamab Mafodotin
2025-06-17,2025-07-18,Psychopharmacologic Drugs Advisory Committee,,,,,True,,2025-10989,https://www.federalregister.gov/documents/2025/06/17/2025-10989/psychopharmacologic-drugs-advisory-committee-notice-of-meeting-establishment-of-a-public-docket,Psychopharmacologic Drugs Advisory Committee; Notice of Meeting; Establishment of a Public Docket; Request for Comments-Supplemental New Drug Application (sNDA) 205422/S-012 for REXULTI (brexpiprazole
2025-06-25,2025-06-25,,,,,,False,short_lead,2025-11600,https://www.federalregister.gov/documents/2025/06/25/2025-11600/request-for-nominations-for-voting-members-on-the-tobacco-products-scientific-advisory-committee,Request for Nominations for Voting Members on the Tobacco Products Scientific Advisory Committee
2025-07-03,2025-08-13,,,,,,True,,2025-12421,https://www.federalregister.gov/documents/2025/07/03/2025-12421/general-and-plastic-surgery-devices-panel-of-the-medical-devices-advisory-committee-notice-of,General and Plastic Surgery Devices Panel of the Medical Devices Advisory Committee; Notice of Meeting; Establishment of Public Docket; Request for Comments-Dermal Fillers
2025-07-11,2025-07-11,,,,,,False,short_lead,C1-2025-11600,https://www.federalregister.gov/documents/2025/07/11/C1-2025-11600/request-for-nominations-for-voting-members-on-the-tobacco-products-scientific-advisory-committee,Request for Nominations for Voting Members on the Tobacco Products Scientific Advisory Committee
2025-07-30,,,,,,,False,no_meeting_date,2025-14345,https://www.federalregister.gov/documents/2025/07/30/2025-14345/arthritis-advisory-committee-termination,Arthritis Advisory Committee; Termination
2025-07-30,2025-07-30,,,,,,False,short_lead,2025-14346,https://www.federalregister.gov/documents/2025/07/30/2025-14346/general-and-plastic-surgery-devices-panel-of-the-medical-devices-advisory-committee-amendment-of,General and Plastic Surgery Devices Panel of the Medical Devices Advisory Committee; Amendment of Notice-Establishment of Public Docket; Request for Comments-Dermal Fillers
2025-07-30,2025-10-07,,,,,,True,,2025-14347,https://www.federalregister.gov/documents/2025/07/30/2025-14347/tobacco-products-scientific-advisory-committee-notice-of-meeting,Tobacco Products Scientific Advisory Committee; Notice of Meeting
2025-08-29,2025-08-29,,,,,,False,short_lead,2025-16629,https://www.federalregister.gov/documents/2025/08/29/2025-16629/advisory-committee-arthritis-advisory-committee-termination-removal-from-list-of-standing-committees,Advisory Committee; Arthritis Advisory Committee; Termination; Removal From List of Standing Committees
2025-09-03,2025-10-08,,,,,,True,,2025-16852,https://www.federalregister.gov/documents/2025/09/03/2025-16852/general-hospital-and-personal-use-devices-panel-of-the-medical-devices-advisory-committee-notice-of,General Hospital and Personal Use Devices Panel of the Medical Devices Advisory Committee; Notice of Meeting; Establishment of a Public Docket; Request for Comments
2025-09-12,2025-11-06,,,,,,True,,2025-17651,https://www.federalregister.gov/documents/2025/09/12/2025-17651/digital-health-advisory-committee-notice-of-meeting-establishment-of-a-public-docket-request-for,Digital Health Advisory Committee; Notice of Meeting; Establishment of a Public Docket; Request for Comments-Generative Artificial Intelligence-Enabled Digital Mental Health Medical Devices
2025-09-19,2025-10-09,Vaccines and Related Biological Products Advisory Committee,,,,,True,,2025-18185,https://www.federalregister.gov/documents/2025/09/19/2025-18185/vaccines-and-related-biological-products-advisory-committee-notice-of-meeting-establishment-of-a,Vaccines and Related Biological Products Advisory Committee; Notice of Meeting; Establishment of a Public Docket; Request for Comments-Southern Hemisphere Influenza Virus Vaccines; Center for Biologic
2025-10-02,2025-11-13,Pediatric Advisory Committee,,,,,True,,2025-19281,https://www.federalregister.gov/documents/2025/10/02/2025-19281/pediatric-advisory-committee-pac-notice-of-meeting-establishment-of-a-public-docket-request-for,Pediatric Advisory Committee (PAC); Notice of Meeting; Establishment of a Public Docket; Request for Comments
2025-11-04,2025-12-03,,,,,,True,,2025-19762,https://www.federalregister.gov/documents/2025/11/04/2025-19762/circulatory-system-devices-panel-of-the-medical-devices-advisory-committee-notice-of-meeting,Circulatory System Devices Panel of the Medical Devices Advisory Committee; Notice of Meeting; Establishment of a Public Docket; Request for Comments-V-Wave Ventura Interatrial Shunt System
2025-11-21,2025-11-21,,,,,,False,short_lead,2025-20608,https://www.federalregister.gov/documents/2025/11/21/2025-20608/general-hospital-and-personal-use-devices-panel-of-the-medical-devices-advisory-committee-amendment,General Hospital and Personal Use Devices Panel of the Medical Devices Advisory Committee; Amendment of Notice-Establishment of Public Docket; Request for Comments
2025-11-24,2026-01-22,,,,,,True,,2025-20768,https://www.federalregister.gov/documents/2025/11/24/2025-20768/tobacco-products-scientific-advisory-committee-notice-of-meeting-establishment-of-a-public-docket,Tobacco Products Scientific Advisory Committee; Notice of Meeting; Establishment of a Public Docket; Request for Comments
2025-12-09,2026-02-09,,,,,,True,,2025-22276,https://www.federalregister.gov/documents/2025/12/09/2025-22276/agency-information-collection-activities-proposed-collection-comment-request-mammography-standards,Agency Information Collection Activities; Proposed Collection; Comment Request; Mammography Standards Quality Act Requirements
2026-01-21,2026-03-23,,,,,,True,,2026-01068,https://www.federalregister.gov/documents/2026/01/21/2026-01068/minimal-residual-disease-and-complete-response-in-multiple-myeloma-use-as-endpoints-to-support,Minimal Residual Disease and Complete Response in Multiple Myeloma: Use as Endpoints To Support Accelerated Approval; Draft Guidance for Industry; Availability
2026-02-06,2026-04-07,,,,,,True,,2026-02386,https://www.federalregister.gov/documents/2026/02/06/2026-02386/agency-information-collection-activities-proposed-collection-comment-request-expedited-programs-for,Agency Information Collection Activities; Proposed Collection; Comment Request; Expedited Programs for Serious Conditions-Accelerated Approval of Drugs and Biologics
2026-02-12,2026-03-12,Vaccines and Related Biological Products Advisory Committee,,,,,True,,2026-02787,https://www.federalregister.gov/documents/2026/02/12/2026-02787/vaccines-and-related-biological-products-advisory-committee-notice-of-meeting-establishment-of-a,Vaccines and Related Biological Products Advisory Committee; Notice of Meeting; Establishment of a Public Docket; Request for Comments-United States (U.S.) 2026-2027 Influenza Vaccine Strain Compositi
2026-02-24,2026-03-03,Oncologic Drugs Advisory Committee,,,,,True,,2026-03587,https://www.federalregister.gov/documents/2026/02/24/2026-03587/advisory-committee-gastrointestinal-drugs-advisory-committee-renewal,Advisory Committee; Gastrointestinal Drugs Advisory Committee; Renewal
2026-03-09,2026-04-30,Oncologic Drugs Advisory Committee,,Truqap,,,True,,2026-04497,https://www.federalregister.gov/documents/2026/03/09/2026-04497/oncologic-drugs-advisory-committee-notice-of-meeting-establishment-of-a-public-docket-request-for,"Oncologic Drugs Advisory Committee; Notice of Meeting; Establishment of a Public Docket; Request for Comments-New Drug Application 220359, for Camizestrant Tablets; Supplemental New Drug Application ("
2026-03-13,2026-04-13,,,,,,True,,2026-04939,https://www.federalregister.gov/documents/2026/03/13/2026-04939/agency-information-collection-activities-submission-for-office-of-management-and-budget-review,Agency Information Collection Activities; Submission for Office of Management and Budget Review; Comment Request; Mammography Standards Quality Act Requirements
2026-03-18,2026-03-23,Oncologic Drugs Advisory Committee,,,,,False,short_lead,2026-05313,https://www.federalregister.gov/documents/2026/03/18/2026-05313/advisory-committee-obstetrics-reproductive-and-urologic-drugs-advisory-committee-renewal,"Advisory Committee; Obstetrics, Reproductive and Urologic Drugs Advisory Committee; Renewal"
2026-03-18,2026-05-18,,,,,,True,,2026-05320,https://www.federalregister.gov/documents/2026/03/18/2026-05320/medical-devices-radiology-devices-classification-of-blood-irradiators,Medical Devices; Radiology Devices; Classification of Blood Irradiators
2026-03-18,2026-05-18,,,,,,True,,2026-05322,https://www.federalregister.gov/documents/2026/03/18/2026-05322/effective-date-of-requirement-for-premarket-approval-applications-for-blood-irradiators-intended-to,Effective Date of Requirement for Premarket Approval Applications for Blood Irradiators Intended To Prevent Metastasis
2026-03-23,2026-05-22,,,,,,True,,2026-05623,https://www.federalregister.gov/documents/2026/03/23/2026-05623/agency-information-collection-activities-proposed-collection-comment-request-food-and-drug,Agency Information Collection Activities; Proposed Collection; Comment Request; Food and Drug Administration Advisory Committees
2026-03-25,2026-04-24,,,,,,True,,2026-05772,https://www.federalregister.gov/documents/2026/03/25/2026-05772/general-and-plastic-surgery-devices-reclassification-of-optical-diagnostic-devices-for-melanoma,"General and Plastic Surgery Devices; Reclassification of Optical Diagnostic Devices for Melanoma Detection and Electrical Impedance Spectrometers, To Be Renamed Software-Aided Adjunctive Diagnostic De"
2026-03-30,2026-05-29,,,,,,True,,2026-06064,https://www.federalregister.gov/documents/2026/03/30/2026-06064/microbiology-devices-reclassification-of-mycobacterium-tuberculosis-cell-mediated-immunity-tests-and,Microbiology Devices; Reclassification of Mycobacterium Tuberculosis Cell-Mediated Immunity Tests and Immune Response Enzyme-Linked Immunospot Tests
2026-04-16,2026-07-23,,,Emideltide,,,True,,2026-07361,https://www.federalregister.gov/documents/2026/04/16/2026-07361/pharmacy-compounding-advisory-committee-notice-of-meeting-establishment-of-a-public-docket-request,Pharmacy Compounding Advisory Committee; Notice of Meeting; Establishment of a Public Docket; Request for Comments-Bulk Drug Substances Nominated for Inclusion on the Section 503A Bulk Drug Substances
2026-04-16,2026-05-18,,,,,,True,,2026-07366,https://www.federalregister.gov/documents/2026/04/16/2026-07366/physical-medicine-devices-reclassification-of-non-invasive-bone-growth-stimulators,Physical Medicine Devices; Reclassification of Non-Invasive Bone Growth Stimulators
2026-04-27,2026-05-28,Vaccines and Related Biological Products Advisory Committee,,,,,True,,2026-08122,https://www.federalregister.gov/documents/2026/04/27/2026-08122/vaccines-and-related-biological-products-advisory-committee-notice-of-meeting-establishment-of-a,Vaccines and Related Biological Products Advisory Committee; Notice of Meeting; Establishment of a Public Docket; Request for Comments-United States (U.S.) 2026-2027 Formula for COVID-19 Vaccine Compo
2026-04-27,2026-05-01,Oncologic Drugs Advisory Committee,,,,,False,short_lead,2026-08125,https://www.federalregister.gov/documents/2026/04/27/2026-08125/advisory-committee-anesthetic-and-analgesic-drug-products-advisory-committee-renewal,Advisory Committee; Anesthetic and Analgesic Drug Products Advisory Committee; Renewal
2026-04-30,,,,,,,False,no_meeting_date,2026-08378,https://www.federalregister.gov/documents/2026/04/30/2026-08378/advisory-committee-pharmacy-compounding-advisory-committee-renewal,Advisory Committee; Pharmacy Compounding Advisory Committee; Renewal
2026-04-30,2026-06-01,,,,,,True,,2026-08455,https://www.federalregister.gov/documents/2026/04/30/2026-08455/chemocentryx-inc-proposal-to-withdraw-approval-of-new-drug-application-for-tavneos-avacopan-capsule,"ChemoCentryx, Inc.; Proposal To Withdraw Approval of New Drug Application for TAVNEOS (Avacopan) Capsule, 10 Milligrams; Opportunity for a Hearing"
2026-05-01,2026-06-30,,,,,,True,,2026-08552,https://www.federalregister.gov/documents/2026/05/01/2026-08552/list-of-bulk-drug-substances-for-which-there-is-a-clinical-need-under-section-503b-of-the-federal,"List of Bulk Drug Substances for Which There Is a Clinical Need Under Section 503B of the Federal Food, Drug, and Cosmetic Act"
2026-05-07,2026-05-13,Oncologic Drugs Advisory Committee,,,,,True,,2026-09108,https://www.federalregister.gov/documents/2026/05/07/2026-09108/advisory-committee-blood-products-advisory-committee-renewal,Advisory Committee; Blood Products Advisory Committee; Renewal
2026-05-22,2026-05-22,,,,,,False,short_lead,2026-10268,https://www.federalregister.gov/documents/2026/05/22/2026-10268/notice-of-decision-not-to-designate-hepatitis-delta-virus-diseases-as-an-addition-to-the-current,"Notice of Decision Not To Designate Hepatitis Delta Virus Diseases as an Addition to the Current List of Tropical Diseases in the Federal Food, Drug, and Cosmetic Act"
2026-05-22,2026-06-18,Vaccines and Related Biological Products Advisory Committee,,,,,True,,2026-10321,https://www.federalregister.gov/documents/2026/05/22/2026-10321/vaccines-and-related-biological-products-advisory-committee-notice-of-meeting-establishment-of-a,"Vaccines and Related Biological Products Advisory Committee; Notice of Meeting; Establishment of a Public Docket; Request for Comments-Safety and Effectiveness of MFLUSIVA (Influenza Vaccine, mRNA) Ma"
2026-05-26,2026-05-31,Oncologic Drugs Advisory Committee,,,,,False,short_lead,2026-10371,https://www.federalregister.gov/documents/2026/05/26/2026-10371/advisory-committee-drug-safety-and-risk-management-advisory-committee-renewal,Advisory Committee; Drug Safety and Risk Management Advisory Committee; Renewal
2026-05-26,2026-05-30,Oncologic Drugs Advisory Committee,,,,,False,short_lead,2026-10410,https://www.federalregister.gov/documents/2026/05/26/2026-10410/advisory-committee-pulmonary-allergy-drugs-advisory-committee-renewal,Advisory Committee; Pulmonary-Allergy Drugs Advisory Committee; Renewal
2026-05-29,2026-06-04,Oncologic Drugs Advisory Committee,,,,,True,,2026-10674,https://www.federalregister.gov/documents/2026/05/29/2026-10674/advisory-committee-psychopharmacologic-drugs-advisory-committee-renewal,Advisory Committee; Psychopharmacologic Drugs Advisory Committee; Renewal
2026-06-18,2026-06-26,Oncologic Drugs Advisory Committee,,,,,True,,2026-12235,https://www.federalregister.gov/documents/2026/06/18/2026-12235/advisory-committee-science-board-to-the-food-and-drug-administration-renewal,Advisory Committee; Science Board to the Food and Drug Administration; Renewal
2026-06-29,2026-07-29,"Cellular, Tissue, and Gene Therapies Advisory Committee",,,,,True,,2026-13096,https://www.federalregister.gov/documents/2026/06/29/2026-13096/cellular-tissue-and-gene-therapies-advisory-committee-notice-of-meeting-establishment-of-a-public,"Cellular, Tissue, and Gene Therapies Advisory Committee; Notice of Meeting; Establishment of a Public Docket; Request for Comments-Biologics License Application (BLA) 125842 From Capricor, Inc. for De"
2026-07-08,2026-08-05,,,,,,True,,2026-13778,https://www.federalregister.gov/documents/2026/07/08/2026-13778/medical-device-user-fee-amendments-public-meeting-request-for-comments,Medical Device User Fee Amendments; Public Meeting; Request for Comments
2026-07-08,2026-07-30,"Cellular, Tissue, and Gene Therapies Advisory Committee",,,,,True,,2026-13810,https://www.federalregister.gov/documents/2026/07/08/2026-13810/cellular-tissue-and-gene-therapies-advisory-committee-notice-of-meeting-establishment-of-a-public,"Cellular, Tissue, and Gene Therapies Advisory Committee; Notice of Meeting; Establishment of a Public Docket; Request for Comments-Biologics License Application (BLA) 125827, From Replimune, Inc. for "
2026-07-23,2026-07-30,Oncologic Drugs Advisory Committee,,,,,True,,2026-14829,https://www.federalregister.gov/documents/2026/07/23/2026-14829/advisory-committee-peripheral-and-central-nervous-system-drugs-advisory-committee-termination-and,Advisory Committee; Peripheral and Central Nervous System Drugs Advisory Committee; Termination and Reestablishment
2026-07-24,2026-07-24,"Cellular, Tissue, and Gene Therapies Advisory Committee",,,,,False,short_lead,2026-15016,https://www.federalregister.gov/documents/2026/07/24/2026-15016/cellular-tissue-and-gene-therapies-advisory-committee-amendment-of-notice-biologics-license,"Cellular, Tissue, and Gene Therapies Advisory Committee; Amendment of Notice-Biologics License Application (BLA) 125842 From Capricor, Inc. for Deramiocel (Human Allogeneic Cardiosphere-Derived Cells)"
2026-07-24,2026-07-24,"Cellular, Tissue, and Gene Therapies Advisory Committee",,,,,False,short_lead,2026-15017,https://www.federalregister.gov/documents/2026/07/24/2026-15017/cellular-tissue-and-gene-therapies-advisory-committee-notice-of-meeting-establishment-of-a-public,"Cellular, Tissue, and Gene Therapies Advisory Committee; Notice of Meeting; Establishment of a Public Docket; Request for Comments-Biologics License Application (BLA) 125827, From Replimune, Inc. for "
2026-07-28,2026-09-16,Pediatric Advisory Committee,,Aranesp,,,True,,2026-15149,https://www.federalregister.gov/documents/2026/07/28/2026-15149/pediatric-advisory-committee-pac-notice-of-meeting-establishment-of-a-public-docket-request-for,Pediatric Advisory Committee (PAC); Notice of Meeting; Establishment of a Public Docket; Request for Comments
2026-07-29,2026-07-29,,,,,,False,short_lead,2026-15297,https://www.federalregister.gov/documents/2026/07/29/2026-15297/statement-of-organization-functions-and-delegations-of-authority,"Statement of Organization, Functions, and Delegations of Authority"
2026-08-05,2026-09-04,,,,,,True,,2026-15846,https://www.federalregister.gov/documents/2026/08/05/2026-15846/agency-information-collection-activities-submission-for-office-of-management-and-budget-review,Agency Information Collection Activities; Submission for Office of Management and Budget Review; Comment Request; Food and Drug Administration Advisory Committees
2026-08-05,2027-01-15,,,,,,True,,2026-15920,https://www.federalregister.gov/documents/2026/08/05/2026-15920/micro-tracers-inc-response-to-objections-and-requests-for-a-public-hearing,"Micro-Tracers, Inc.; Response to Objections and Requests for a Public Hearing"
2026-08-10,2026-09-23,,,,,,True,,2026-16245,https://www.federalregister.gov/documents/2026/08/10/2026-16245/molecular-and-clinical-genetics-panel-of-the-medical-devices-advisory-committee-notice-of-meeting,"Molecular and Clinical Genetics Panel of the Medical Devices Advisory Committee; Notice of Meeting; Establishment of a Public Docket; Request for Comments-GRAIL, Inc. Galleri"
2026-08-17,2026-10-16,,,,,,True,,2026-16728,https://www.federalregister.gov/documents/2026/08/17/2026-16728/gastroenterology-urology-devices-reclassification-of-diagnostic-endoscopic-light-source-systems-to,Gastroenterology-Urology Devices; Reclassification of Diagnostic Endoscopic Light Source Systems To Be Renamed Cystoscopic Systems Intended as an Aid for Detection of Bladder Cancer
2026-08-20,2026-08-27,Oncologic Drugs Advisory Committee,,,,,True,,2026-16998,https://www.federalregister.gov/documents/2026/08/20/2026-16998/advisory-committee-endocrinologic-and-metabolic-drugs-advisory-committee-renewal,Advisory Committee; Endocrinologic and Metabolic Drugs Advisory Committee; Renewal
2026-08-20,2026-08-27,Oncologic Drugs Advisory Committee,,,,,True,,2026-16999,https://www.federalregister.gov/documents/2026/08/20/2026-16999/advisory-committee-cardiovascular-and-renal-drugs-advisory-committee-renewal,Advisory Committee; Cardiovascular and Renal Drugs Advisory Committee; Renewal
2026-08-21,2026-09-01,Oncologic Drugs Advisory Committee,,,,,True,,2026-17084,https://www.federalregister.gov/documents/2026/08/21/2026-17084/advisory-committee-oncologic-drugs-advisory-committee-renewal,Advisory Committee; Oncologic Drugs Advisory Committee; Renewal
2026-08-26,2026-09-03,,,,,,True,,2026-17380,https://www.federalregister.gov/documents/2026/08/26/2026-17380/international-drug-scheduling-single-convention-on-narcotic-drugs-convention-on-psychotropic,International Drug Scheduling; Single Convention on Narcotic Drugs; Convention on Psychotropic Substances; Clobromazolam (Phenazolam); Cychlorphine (N-Propionitrile Chlorphine); Desalkylgidazepam (Bro
