event_id,target_cik,target_name,event_type,event_date,accession,institution,filer_cik
0001346824_0001104659-24-126367,0001653087,"Alector, Inc.",13G_new,2024-12-06,0001104659-24-126367,RA Capital,0001346824
0001346824_0001104659-24-125975,0001422143,"Kura Oncology, Inc.",13G_new,2024-12-05,0001104659-24-125975,RA Capital,0001346824
0001346824_0001104659-24-122103,0001786205,"Arcellx, Inc.",13G_new,2024-11-22,0001104659-24-122103,RA Capital,0001346824
0001346824_0001104659-24-116794,0001827401,BRIGHT MINDS BIOSCIENCES INC.,13G_new,2024-11-12,0001104659-24-116794,RA Capital,0001346824
0001346824_0001104659-24-114867,0001253689,GLYCOMIMETICS INC,13G_new,2024-11-06,0001104659-24-114867,RA Capital,0001346824
0001346824_0001104659-24-114798,0001716947,"Ensysce Biosciences, Inc.",13G_new,2024-11-06,0001104659-24-114798,RA Capital,0001346824
0001346824_0001104659-24-114322,0001404281,"Eledon Pharmaceuticals, Inc.",13G_new,2024-11-05,0001104659-24-114322,RA Capital,0001346824
0001346824_0001104659-24-113930,0001984086,"Septerna, Inc.",13D_new,2024-11-04,0001104659-24-113930,RA Capital,0001346824
0001346824_0001104659-24-113067,0001645469,Monopar Therapeutics,13G_new,2024-10-31,0001104659-24-113067,RA Capital,0001346824
0001346824_0001104659-24-106678,0001709941,"BioAge Labs, Inc.",13G_new,2024-10-07,0001104659-24-106678,RA Capital,0001346824
0001346824_0001104659-24-102048,0002023658,Bicara Therapeutics Inc.,13D_new,2024-09-23,0001104659-24-102048,RA Capital,0001346824
0001346824_0001104659-24-092443,0001534120,"Avalo Therapeutics, Inc.",13G_new,2024-08-23,0001104659-24-092443,RA Capital,0001346824
0001346824_0001104659-24-088367,0002006986,"Adagio Medical Holdings, Inc.",13G_new,2024-08-12,0001104659-24-088367,RA Capital,0001346824
0001346824_0001104659-24-083555,0001817241,"Artiva Biotherapeutics, Inc.",13D_new,2024-07-29,0001104659-24-083555,RA Capital,0001346824
0001346824_0001104659-24-082640,0001610618,"Cidara Therapeutics, Inc.",13D_new,2024-07-25,0001104659-24-082640,RA Capital,0001346824
0001346824_0001104659-24-078315,0001601830,"RECURSION PHARMACEUTICALS, INC.",13G_new,2024-07-08,0001104659-24-078315,RA Capital,0001346824
0001346824_0001104659-24-077011,0001689548,"Praxis Precision Medicines, Inc.",13G_new,2024-07-01,0001104659-24-077011,RA Capital,0001346824
0001346824_0001104659-24-074387,0002017526,Perceptive Capital Solutions Corp,13G_new,2024-06-24,0001104659-24-074387,RA Capital,0001346824
0001346824_0001104659-24-072466,0001628908,"Evolent Health, Inc.",13G_new,2024-06-17,0001104659-24-072466,RA Capital,0001346824
0001346824_0001104659-24-069660,0001761612,BICYCLE THERAPEUTICS plc,13G_new,2024-06-07,0001104659-24-069660,RA Capital,0001346824
0001346824_0001104659-24-067977,0001827506,"Tourmaline Bio, Inc.",13G_new,2024-06-03,0001104659-24-067977,RA Capital,0001346824
0001346824_0001104659-24-066763,0001888886,Structure Therapeutics Inc.,13G_new,2024-05-30,0001104659-24-066763,RA Capital,0001346824
0001346824_0001104659-24-060023,0001807983,Medicenna Therapeutics Corp.,13G_new,2024-05-10,0001104659-24-060023,RA Capital,0001346824
0001346824_0001104659-24-057562,0001599901,"Avidity Biosciences, Inc.",13G_new,2024-05-06,0001104659-24-057562,RA Capital,0001346824
0001346824_0001104659-24-056540,0001855644,Zura Bio Ltd,13G_new,2024-05-02,0001104659-24-056540,RA Capital,0001346824
0001346824_0001104659-24-052181,0001359931,"Protara Therapeutics, Inc.",13G_new,2024-04-25,0001104659-24-052181,RA Capital,0001346824
0001346824_0001104659-24-047308,0001824893,"Surrozen, Inc./DE",13G_new,2024-04-15,0001104659-24-047308,RA Capital,0001346824
0001346824_0001104659-24-046791,0001782303,"Boundless Bio, Inc.",13G_new,2024-04-12,0001104659-24-046791,RA Capital,0001346824
0001346824_0001104659-24-046428,0001053691,CervoMed Inc.,13G_new,2024-04-11,0001104659-24-046428,RA Capital,0001346824
0001346824_0001104659-24-043728,0001818794,"Dyne Therapeutics, Inc.",13G_new,2024-04-04,0001104659-24-043728,RA Capital,0001346824
0001346824_0001104659-24-042056,0001534969,"SERA PROGNOSTICS, INC.",13G_new,2024-04-01,0001104659-24-042056,RA Capital,0001346824
0001346824_0001104659-24-041071,0001999480,"Alto Neuroscience, Inc.",13G_new,2024-03-29,0001104659-24-041071,RA Capital,0001346824
0001346824_0001104659-24-040539,0001815776,"LENZ Therapeutics, Inc.",13D_new,2024-03-28,0001104659-24-040539,RA Capital,0001346824
0001346824_0001104659-24-038457,0001505512,Regulus Therapeutics Inc.,13G_new,2024-03-25,0001104659-24-038457,RA Capital,0001346824
0001346824_0001104659-24-038456,0001833141,CYBIN INC.,13G_new,2024-03-25,0001104659-24-038456,RA Capital,0001346824
0001346824_0001104659-24-027515,0001374690,"Larimar Therapeutics, Inc.",13G_new,2024-02-26,0001104659-24-027515,RA Capital,0001346824
0001346824_0001104659-24-026668,0001831915,"Cytek Biosciences, Inc.",13G_new,2024-02-22,0001104659-24-026668,RA Capital,0001346824
0001346824_0001104659-24-024013,0001974640,"Apogee Therapeutics, Inc.",13G_new,2024-02-14,0001104659-24-024013,RA Capital,0001346824
0001346824_0001104659-24-014646,0001595097,"Corbus Pharmaceuticals Holdings, Inc.",13G_new,2024-02-12,0001104659-24-014646,RA Capital,0001346824
0001346824_0001104659-24-014644,0001454789,"Astria Therapeutics, Inc.",13G_new,2024-02-12,0001104659-24-014644,RA Capital,0001346824
0001346824_0001104659-24-010651,0001720580,"Adicet Bio, Inc.",13G_new,2024-02-05,0001104659-24-010651,RA Capital,0001346824
0001346824_0001104659-24-009547,0001690585,"Dianthus Therapeutics, Inc. /DE/",13G_new,2024-02-02,0001104659-24-009547,RA Capital,0001346824
0001346824_0001104659-24-007744,0001710072,"Edgewise Therapeutics, Inc.",13G_new,2024-01-29,0001104659-24-007744,RA Capital,0001346824
0001346824_0001104659-24-005241,0000072444,"Vaxart, Inc.",13G_new,2024-01-19,0001104659-24-005241,RA Capital,0001346824
0001346824_0001104659-24-003746,0001832168,"Longboard Pharmaceuticals, Inc.",13G_new,2024-01-12,0001104659-24-003746,RA Capital,0001346824
0001346824_0001104659-23-130500,0001668243,UroGen Pharma Ltd.,13G_new,2023-12-29,0001104659-23-130500,RA Capital,0001346824
0001346824_0001104659-23-129222,0001662579,"C4 Therapeutics, Inc.",13G_new,2023-12-26,0001104659-23-129222,RA Capital,0001346824
0001346824_0001104659-23-121257,0001923840,"Third Harmonic Bio, Inc.",13G_new,2023-11-27,0001104659-23-121257,RA Capital,0001346824
0001346824_0001104659-23-114778,0001708493,"Harpoon Therapeutics, Inc.",13G_new,2023-11-06,0001104659-23-114778,RA Capital,0001346824
0001346824_0001104659-23-112608,0001125345,MACROGENICS INC,13G_new,2023-10-30,0001104659-23-112608,RA Capital,0001346824
0001346824_0001104659-23-107253,0001484565,SOLENO THERAPEUTICS INC,13G_new,2023-10-05,0001104659-23-107253,RA Capital,0001346824
0001346824_0001104659-23-105374,0001117480,CHIMERIX INC,13G_new,2023-09-29,0001104659-23-105374,RA Capital,0001346824
0001346824_0001104659-23-103210,0001042074,"CymaBay Therapeutics, Inc.",13G_new,2023-09-22,0001104659-23-103210,RA Capital,0001346824
0001346824_0001104659-23-097323,0001671858,"ARS Pharmaceuticals, Inc.",13D_new,2023-08-31,0001104659-23-097323,RA Capital,0001346824
0001346824_0001104659-23-095393,0001806310,"Taysha Gene Therapies, Inc.",13G_new,2023-08-25,0001104659-23-095393,RA Capital,0001346824
0001346824_0001104659-23-093948,0001826492,Gracell Biotechnologies Inc.,13G_new,2023-08-21,0001104659-23-093948,RA Capital,0001346824
0001346824_0001104659-23-093067,0000906709,NEKTAR THERAPEUTICS,13G_new,2023-08-17,0001104659-23-093067,RA Capital,0001346824
0001346824_0001104659-23-078764,0001827506,"Talaris Therapeutics, Inc.",13G_new,2023-07-06,0001104659-23-078764,RA Capital,0001346824
0001346824_0001104659-23-078756,0001766140,"Unicycive Therapeutics, Inc.",13G_new,2023-07-06,0001104659-23-078756,RA Capital,0001346824
0001346824_0001104659-23-068069,0001650648,"4D Molecular Therapeutics, Inc.",13G_new,2023-06-05,0001104659-23-068069,RA Capital,0001346824
0001346824_0001104659-23-043646,0001401708,NanoString Technologies Inc,13G_new,2023-04-10,0001104659-23-043646,RA Capital,0001346824
0001346824_0001104659-23-037170,0001809122,CureVac N.V.,13G_new,2023-03-27,0001104659-23-037170,RA Capital,0001346824
0001346824_0001104659-23-034475,0001748907,Orchard Therapeutics plc,13G_new,2023-03-20,0001104659-23-034475,RA Capital,0001346824
0001346824_0001104659-23-025333,0001933414,"Mineralys Therapeutics, Inc.",13D_new,2023-02-24,0001104659-23-025333,RA Capital,0001346824
0001346824_0001104659-23-021810,0001814114,"Orchestra BioMed Holdings, Inc.",13G_new,2023-02-14,0001104659-23-021810,RA Capital,0001346824
0001346824_0001104659-23-021809,0001888012,"HilleVax, Inc.",13G_new,2023-02-14,0001104659-23-021809,RA Capital,0001346824
0001346824_0001104659-22-131370,0001599901,"Avidity Biosciences, Inc.",13G_new,2022-12-30,0001104659-22-131370,RA Capital,0001346824
0001346824_0001104659-22-124124,0001936258,NewAmsterdam Pharma Co N.V.,13G_new,2022-12-02,0001104659-22-124124,RA Capital,0001346824
0001346824_0001104659-22-122435,0001781174,"Acrivon Therapeutics, Inc.",13D_new,2022-11-28,0001104659-22-122435,RA Capital,0001346824
0001346824_0001104659-22-110941,0001672619,IMARA Inc.,13G_new,2022-10-24,0001104659-22-110941,RA Capital,0001346824
0001346824_0001104659-22-109399,0001739614,"Inhibrx, Inc.",13G_new,2022-10-17,0001104659-22-109399,RA Capital,0001346824
0001346824_0001104659-22-109351,0001720580,"Adicet Bio, Inc.",13G_new,2022-10-17,0001104659-22-109351,RA Capital,0001346824
0001346824_0001104659-22-108513,0001807120,"Design Therapeutics, Inc.",13G_new,2022-10-13,0001104659-22-108513,RA Capital,0001346824
0001346824_0001104659-22-105295,0001626199,"ALPINE IMMUNE SCIENCES, INC.",13G_new,2022-10-03,0001104659-22-105295,RA Capital,0001346824
0001346824_0001104659-22-103011,0001690585,"Magenta Therapeutics, Inc.",13G_new,2022-09-26,0001104659-22-103011,RA Capital,0001346824
0001346824_0001104659-22-103003,0001923840,"Third Harmonic Bio, Inc.",13G_new,2022-09-26,0001104659-22-103003,RA Capital,0001346824
0001346824_0001104659-22-097869,0001622229,"Cogent Biosciences, Inc.",13G_new,2022-09-06,0001104659-22-097869,RA Capital,0001346824
0001346824_0001104659-22-095158,0001680581,"Fulcrum Therapeutics, Inc.",13G_new,2022-08-26,0001104659-22-095158,RA Capital,0001346824
0001346824_0001104659-22-073528,0001789769,"Instil Bio, Inc.",13G_new,2022-06-22,0001104659-22-073528,RA Capital,0001346824
0001346824_0001104659-22-064656,0001603454,Celcuity Inc.,13G_new,2022-05-25,0001104659-22-064656,RA Capital,0001346824
0001346824_0001104659-22-063397,0001835597,PepGen Inc.,13D_new,2022-05-20,0001104659-22-063397,RA Capital,0001346824
0001346824_0001104659-22-052374,0001401708,NanoString Technologies Inc,13G_new,2022-04-28,0001104659-22-052374,RA Capital,0001346824
0001346824_0001104659-22-049665,0001557746,"Aclaris Therapeutics, Inc.",13G_new,2022-04-25,0001104659-22-049665,RA Capital,0001346824
0001346824_0001104659-22-048415,0000863894,VERU INC.,13G_new,2022-04-21,0001104659-22-048415,RA Capital,0001346824
0001346824_0001104659-22-044249,0001880438,"AN2 Therapeutics, Inc.",13G_new,2022-04-08,0001104659-22-044249,RA Capital,0001346824
0001346824_0001104659-22-037517,0001162194,FLUIDIGM CORP,13G_new,2022-03-24,0001104659-22-037517,RA Capital,0001346824
0001346824_0001104659-22-026621,0001831828,"Vera Therapeutics, Inc.",13G_new,2022-02-24,0001104659-22-026621,RA Capital,0001346824
0001346824_0001104659-22-022778,0001710072,"Edgewise Therapeutics, Inc.",13G_new,2022-02-14,0001104659-22-022778,RA Capital,0001346824
0001346824_0001104659-22-002791,0001822711,"PARDES BIOSCIENCES, INC.",13G_new,2022-01-10,0001104659-22-002791,RA Capital,0001346824
0001346824_0001104659-21-152651,0001259942,BELLUS Health Inc.,13G_new,2021-12-22,0001104659-21-152651,RA Capital,0001346824
0001346824_0001104659-21-151724,0001553643,"RELMADA THERAPEUTICS, INC.",13G_new,2021-12-20,0001104659-21-151724,RA Capital,0001346824
0001346824_0001104659-21-141912,0001865494,"IO Biotech, Inc.",13G_new,2021-11-19,0001104659-21-141912,RA Capital,0001346824
0001346824_0001104659-21-139244,0001831283,LianBio,13G_new,2021-11-15,0001104659-21-139244,RA Capital,0001346824
0001346824_0001104659-21-135061,0001840233,"Xilio Therapeutics, Inc.",13G_new,2021-11-05,0001104659-21-135061,RA Capital,0001346824
0001346824_0001104659-21-129528,0001493566,"OTONOMY, INC.",13G_new,2021-10-25,0001104659-21-129528,RA Capital,0001346824
0001346824_0001104659-21-129526,0001782223,"Pyxis Oncology, Inc.",13G_new,2021-10-25,0001104659-21-129526,RA Capital,0001346824
0001346824_0001104659-21-122000,0001527599,"SYNLOGIC, INC.",13G_new,2021-10-01,0001104659-21-122000,RA Capital,0001346824
0001346824_0001104659-21-119800,0001645569,"DICE Therapeutics, Inc.",13D_new,2021-09-27,0001104659-21-119800,RA Capital,0001346824
0001346824_0001104659-21-119792,0001863127,"Tyra Biosciences, Inc.",13D_new,2021-09-27,0001104659-21-119792,RA Capital,0001346824
0001263508_0001104659-24-118994,0001603454,Celcuity Inc.,13G_new,2024-11-14,0001104659-24-118994,Baker Bros,0001263508
0001263508_0001104659-24-118991,0001623526,"Stoke Therapeutics, Inc.",13G_new,2024-11-14,0001104659-24-118991,Baker Bros,0001263508
0001263508_0001104659-24-118917,0001710072,"Edgewise Therapeutics, Inc.",13G_new,2024-11-14,0001104659-24-118917,Baker Bros,0001263508
0001263508_0001104659-24-076281,0001479419,"KALA BIO, Inc.",13D_new,2024-06-28,0001104659-24-076281,Baker Bros,0001263508
0001263508_0001104659-24-071864,0001760542,HOOKIPA Pharma Inc.,13D_new,2024-06-14,0001104659-24-071864,Baker Bros,0001263508
0001263508_0001104659-24-048601,0001761612,BICYCLE THERAPEUTICS plc,13D_new,2024-04-18,0001104659-24-048601,Baker Bros,0001263508
0001263508_0001104659-24-041578,0001815442,"Kymera Therapeutics, Inc.",13D_new,2024-04-01,0001104659-24-041578,Baker Bros,0001263508
0001263508_0001104659-24-031033,0001641489,vTv Therapeutics Inc.,13D_new,2024-03-05,0001104659-24-031033,Baker Bros,0001263508
0001263508_0001104659-24-023741,0001576263,"Mirati Therapeutics, Inc.",13G_new,2024-02-14,0001104659-24-023741,Baker Bros,0001263508
0001263508_0001104659-24-023719,0001703057,AbCellera Biologics Inc.,13G_new,2024-02-14,0001104659-24-023719,Baker Bros,0001263508
0001263508_0001104659-24-023744,0001620463,"Athira Pharma, Inc.",13G_new,2024-02-14,0001104659-24-023744,Baker Bros,0001263508
0001263508_0001104659-24-023739,0001400118,Sagimet Biosciences Inc.,13G_new,2024-02-14,0001104659-24-023739,Baker Bros,0001263508
0001263508_0001104659-24-023735,0001826457,"Monte Rosa Therapeutics, Inc.",13G_new,2024-02-14,0001104659-24-023735,Baker Bros,0001263508
0001263508_0001104659-24-014626,0001761612,BICYCLE THERAPEUTICS plc,13G_new,2024-02-12,0001104659-24-014626,Baker Bros,0001263508
0001263508_0001104659-24-003008,0001534969,"SERA PROGNOSTICS, INC.",13G_new,2024-01-10,0001104659-24-003008,Baker Bros,0001263508
0001263508_0001104659-24-003000,0001532346,"Atreca, Inc.",13G_new,2024-01-10,0001104659-24-003000,Baker Bros,0001263508
0001263508_0001104659-23-072412,0001157601,"MADRIGAL PHARMACEUTICALS, INC.",13D_new,2023-06-20,0001104659-23-072412,Baker Bros,0001263508
0001263508_0001104659-23-056574,0001358403,"BELLICUM PHARMACEUTICALS, INC",13D_new,2023-05-05,0001104659-23-056574,Baker Bros,0001263508
0001263508_0001104659-23-021485,0001860782,"2seventy bio, Inc.",13G_new,2023-02-14,0001104659-23-021485,Baker Bros,0001263508
0001263508_0001104659-23-021484,0001479419,"Kala Pharmaceuticals, Inc.",13G_new,2023-02-14,0001104659-23-021484,Baker Bros,0001263508
0001263508_0001104659-23-021482,0001760542,HOOKIPA Pharma Inc.,13G_new,2023-02-14,0001104659-23-021482,Baker Bros,0001263508
0001263508_0001104659-23-021468,0001513818,"Aravive, Inc.",13G_new,2023-02-14,0001104659-23-021468,Baker Bros,0001263508
0001263508_0001104659-23-021467,0001744659,"Akero Therapeutics, Inc.",13G_new,2023-02-14,0001104659-23-021467,Baker Bros,0001263508
0001263508_0001104659-23-021478,0001815442,"Kymera Therapeutics, Inc.",13G_new,2023-02-14,0001104659-23-021478,Baker Bros,0001263508
0001263508_0001104659-23-021477,0001693011,"Inozyme Pharma, Inc.",13G_new,2023-02-14,0001104659-23-021477,Baker Bros,0001263508
0001263508_0001104659-23-021475,0001737953,"Replimune Group, Inc.",13G_new,2023-02-14,0001104659-23-021475,Baker Bros,0001263508
0001263508_0001104659-23-021473,0001662244,"Cyteir Therapeutics, Inc.",13G_new,2023-02-14,0001104659-23-021473,Baker Bros,0001263508
0001263508_0001104659-23-021472,0001759138,"Cabaletta Bio, Inc.",13G_new,2023-02-14,0001104659-23-021472,Baker Bros,0001263508
0001263508_0001104659-23-021471,0001840439,"Biomea Fusion, Inc.",13G_new,2023-02-14,0001104659-23-021471,Baker Bros,0001263508
0001263508_0001104659-23-021466,0001636282,"Aeglea BioTherapeutics, Inc.",13G_new,2023-02-14,0001104659-23-021466,Baker Bros,0001263508
0001263508_0001104659-22-022840,0001824893,"Surrozen, Inc./DE",13G_new,2022-02-14,0001104659-22-022840,Baker Bros,0001263508
0001263508_0001104659-22-022826,0001549595,"Nurix Therapeutics, Inc.",13G_new,2022-02-14,0001104659-22-022826,Baker Bros,0001263508
0001263508_0001104659-22-022822,0001809196,Immatics N.V.,13G_new,2022-02-14,0001104659-22-022822,Baker Bros,0001263508
0001263508_0001104659-22-022818,0001629137,"Global Blood Therapeutics, Inc.",13G_new,2022-02-14,0001104659-22-022818,Baker Bros,0001263508
0001263508_0001104659-22-022817,0001798749,"Aerovate Therapeutics, Inc.",13G_new,2022-02-14,0001104659-22-022817,Baker Bros,0001263508
0001263508_0001104659-22-022802,0001799448,"Aligos Therapeutics, Inc.",13G_new,2022-02-14,0001104659-22-022802,Baker Bros,0001263508
0001263508_0001104659-22-022800,0001830749,Achilles Therapeutics plc,13G_new,2022-02-14,0001104659-22-022800,Baker Bros,0001263508
0001263508_0001104659-21-150588,0001689375,"Entrada Therapeutics, Inc.",13D_new,2021-12-16,0001104659-21-150588,Baker Bros,0001263508
0001263508_0001104659-21-137008,0001689375,"Entrada Therapeutics, Inc.",13G_new,2021-11-10,0001104659-21-137008,Baker Bros,0001263508
0001224962_0001193125-24-259175,0001649904,"RHYTHM PHARMACEUTICALS, INC.",13G_new,2024-11-14,0001193125-24-259175,Perceptive,0001224962
0001224962_0001193125-24-259034,0002007919,"Inhibrx Biosciences, Inc.",13G_new,2024-11-14,0001193125-24-259034,Perceptive,0001224962
0001224962_0001140361-24-046486,0002006986,"Adagio Medical Holdings, Inc.",13G_new,2024-11-13,0001140361-24-046486,Perceptive,0001224962
0001224962_0001193125-24-246648,0001716947,"Ensysce Biosciences, Inc.",13G_new,2024-10-29,0001193125-24-246648,Perceptive,0001224962
0001224962_0001193125-24-244246,0001658551,"Amylyx Pharmaceuticals, Inc.",13G_new,2024-10-25,0001193125-24-244246,Perceptive,0001224962
0001224962_0001193125-24-241067,0001750149,"Inhibikase Therapeutics, Inc.",13G_new,2024-10-22,0001193125-24-241067,Perceptive,0001224962
0001224962_0001193125-24-238029,0001827401,BRIGHT MINDS BIOSCIENCES INC.,13G_new,2024-10-16,0001193125-24-238029,Perceptive,0001224962
0001224962_0001193125-24-236085,0001637715,"OnKure Therapeutics, Inc.",13G_new,2024-10-10,0001193125-24-236085,Perceptive,0001224962
0001224962_0001193125-24-227976,0001789769,"Instil Bio, Inc.",13G_new,2024-09-27,0001193125-24-227976,Perceptive,0001224962
0001224962_0001193125-24-223820,0001689548,"Praxis Precision Medicines, Inc.",13G_new,2024-09-23,0001193125-24-223820,Perceptive,0001224962
0001224962_0001193125-24-187929,0001657312,Verona Pharma plc,13G_new,2024-07-29,0001193125-24-187929,Perceptive,0001224962
0001224962_0001193125-24-168118,0001253176,VAPOTHERM INC,13D_new,2024-06-25,0001193125-24-168118,Perceptive,0001224962
0001224962_0001193125-24-156378,0001809196,Immatics N.V.,13D_new,2024-06-06,0001193125-24-156378,Perceptive,0001224962
0001224962_0001193125-24-137327,0001439725,BIODESIX INC,13G_new,2024-05-13,0001193125-24-137327,Perceptive,0001224962
0001224962_0001193125-24-096240,0001855175,"Contineum Therapeutics, Inc.",13G_new,2024-04-15,0001193125-24-096240,Perceptive,0001224962
0001224962_0001193125-24-072901,0001649904,"RHYTHM PHARMACEUTICALS, INC.",13D_new,2024-03-20,0001193125-24-072901,Perceptive,0001224962
0001224962_0001193125-24-067909,0001357874,PRECISION BIOSCIENCES INC,13G_new,2024-03-14,0001193125-24-067909,Perceptive,0001224962
0001224962_0001193125-24-065012,0000784199,"ARTIVION, INC.",13G_new,2024-03-11,0001193125-24-065012,Perceptive,0001224962
0001224962_0001193125-24-056337,0001425205,"IOVANCE BIOTHERAPEUTICS, INC.",13G_new,2024-03-01,0001193125-24-056337,Perceptive,0001224962
0001224962_0001193125-24-032072,0001649904,"RHYTHM PHARMACEUTICALS, INC.",13G_new,2024-02-12,0001193125-24-032072,Perceptive,0001224962
0001224962_0001193125-24-030515,0000888721,TRINITY BIOTECH PLC,13D_new,2024-02-09,0001193125-24-030515,Perceptive,0001224962
0001224962_0001193125-24-018239,0001590750,"Viridian Therapeutics, Inc.\DE",13G_new,2024-01-29,0001193125-24-018239,Perceptive,0001224962
0001224962_0001193125-24-011292,0001805890,Fusion Pharmaceuticals Inc.,13G_new,2024-01-19,0001193125-24-011292,Perceptive,0001224962
0001224962_0001193125-24-000689,0001861560,"Nuvalent, Inc.",13G_new,2024-01-02,0001193125-24-000689,Perceptive,0001224962
0001224962_0001193125-23-303021,0001603454,Celcuity Inc.,13G_new,2023-12-26,0001193125-23-303021,Perceptive,0001224962
0001224962_0001193125-23-294297,0001636282,"Spyre Therapeutics, Inc.",13G_new,2023-12-13,0001193125-23-294297,Perceptive,0001224962
0001224962_0001193125-23-289911,0001697532,Applied Therapeutics Inc.,13G_new,2023-12-06,0001193125-23-289911,Perceptive,0001224962
0001224962_0001193125-23-283362,0001570562,"Evolus, Inc.",13G_new,2023-11-27,0001193125-23-283362,Perceptive,0001224962
0001224962_0001193125-23-277115,0001966494,"CARGO Therapeutics, Inc.",13G_new,2023-11-14,0001193125-23-277115,Perceptive,0001224962
0001224962_0001193125-23-234376,0001814114,"Orchestra BioMed Holdings, Inc.",13G_new,2023-09-13,0001193125-23-234376,Perceptive,0001224962
0001224962_0001193125-23-231369,0001419041,"Forte Biosciences, Inc.",13G_new,2023-09-08,0001193125-23-231369,Perceptive,0001224962
0001224962_0001193125-23-148210,0001484565,SOLENO THERAPEUTICS INC,13D_new,2023-05-18,0001193125-23-148210,Perceptive,0001224962
0001224962_0001193125-23-110738,0001805387,"Cerevel Therapeutics Holdings, Inc.",13D_new,2023-04-21,0001193125-23-110738,Perceptive,0001224962
0001224962_0001193125-23-108440,0001657312,Verona Pharma plc,13G_new,2023-04-20,0001193125-23-108440,Perceptive,0001224962
0001224962_0001193125-23-095377,0001092662,"CHEMBIO DIAGNOSTICS, INC.",13D_new,2023-04-07,0001193125-23-095377,Perceptive,0001224962
0001224962_0001193125-23-069782,0001600132,"Bellerophon Therapeutics, Inc.",13G_new,2023-03-14,0001193125-23-069782,Perceptive,0001224962
0001224962_0001193125-23-067374,0001042074,"CymaBay Therapeutics, Inc.",13G_new,2023-03-10,0001193125-23-067374,Perceptive,0001224962
0001224962_0001193125-23-062652,0001358762,REATA PHARMACEUTICALS INC,13G_new,2023-03-07,0001193125-23-062652,Perceptive,0001224962
0001224962_0001193125-23-038717,0001786205,"Arcellx, Inc.",13G_new,2023-02-14,0001193125-23-038717,Perceptive,0001224962
0001224962_0001193125-23-038712,0000863894,VERU INC.,13G_new,2023-02-14,0001193125-23-038712,Perceptive,0001224962
0001224962_0001193125-23-038711,0001374690,"Larimar Therapeutics, Inc.",13G_new,2023-02-14,0001193125-23-038711,Perceptive,0001224962
0001224962_0001193125-23-038710,0001868734,"CinCor Pharma, Inc.",13G_new,2023-02-14,0001193125-23-038710,Perceptive,0001224962
0001224962_0001193125-23-022824,0001300699,"Athenex, Inc.",13D_new,2023-02-02,0001193125-23-022824,Perceptive,0001224962
0001224962_0001193125-22-289031,0001781174,"Acrivon Therapeutics, Inc.",13G_new,2022-11-18,0001193125-22-289031,Perceptive,0001224962
0001224962_0001193125-22-250190,0001553643,"RELMADA THERAPEUTICS, INC.",13G_new,2022-09-23,0001193125-22-250190,Perceptive,0001224962
0001224962_0001193125-22-196480,0001739614,"Inhibrx, Inc.",13G_new,2022-07-19,0001193125-22-196480,Perceptive,0001224962
0001224962_0001193125-22-177148,0001658551,"Amylyx Pharmaceuticals, Inc.",13G_new,2022-06-21,0001193125-22-177148,Perceptive,0001224962
0001224962_0001193125-22-062992,0001178879,"AMICUS THERAPEUTICS, INC.",13G_new,2022-03-02,0001193125-22-062992,Perceptive,0001224962
0001224962_0001193125-22-048723,0001178879,"AMICUS THERAPEUTICS, INC.",13D_new,2022-02-22,0001193125-22-048723,Perceptive,0001224962
0001224962_0001193125-21-349034,0001259942,BELLUS Health Inc.,13G_new,2021-12-06,0001193125-21-349034,Perceptive,0001224962
0001224962_0001193125-21-330078,0001831283,LianBio,13D_new,2021-11-15,0001193125-21-330078,Perceptive,0001224962
0001224962_0001193125-21-305534,0001615055,IsoPlexis Corp,13G_new,2021-10-22,0001193125-21-305534,Perceptive,0001224962
0001224962_0001193125-21-276241,0001661053,"Hancock Jaffe Laboratories, Inc.",13G_new,2021-09-17,0001193125-21-276241,Perceptive,0001224962
0001856083_0001172661-24-005353,0001492422,"Apellis Pharmaceuticals, Inc.",13G_new,2024-11-22,0001172661-24-005353,Deep Track,0001856083
0001856083_0001172661-24-004242,0001637715,"OnKure Therapeutics, Inc.",13G_new,2024-10-11,0001172661-24-004242,Deep Track,0001856083
0001856083_0001172661-24-004155,0001576280,"Guardant Health, Inc.",13G_new,2024-10-07,0001172661-24-004155,Deep Track,0001856083
0001856083_0001172661-24-004091,0001776111,"MBX Biosciences, Inc.",13G_new,2024-09-23,0001172661-24-004091,Deep Track,0001856083
0001856083_0001193125-24-219592,0001029142,DYNAVAX TECHNOLOGIES CORP,13D_new,2024-09-16,0001193125-24-219592,Deep Track,0001856083
0001856083_0001172661-24-002756,0001657312,Verona Pharma plc,13G_new,2024-07-12,0001172661-24-002756,Deep Track,0001856083
0001856083_0001172661-24-002631,0001768446,"Eliem Therapeutics, Inc.",13G_new,2024-07-02,0001172661-24-002631,Deep Track,0001856083
0001856083_0001172661-24-002164,0001842952,Context Therapeutics Inc.,13G_new,2024-05-10,0001172661-24-002164,Deep Track,0001856083
0001856083_0001172661-24-001942,0001055726,"INOVIO PHARMACEUTICALS, INC.",13G_new,2024-04-26,0001172661-24-001942,Deep Track,0001856083
0001856083_0001172661-24-001941,0001703647,"Korro Bio, Inc.",13G_new,2024-04-26,0001172661-24-001941,Deep Track,0001856083
0001856083_0001172661-24-001836,0001576280,"Guardant Health, Inc.",13G_new,2024-04-12,0001172661-24-001836,Deep Track,0001856083
0001856083_0001172661-24-001737,0001534120,"Avalo Therapeutics, Inc.",13G_new,2024-04-05,0001172661-24-001737,Deep Track,0001856083
0001856083_0001172661-24-001695,0001750284,"Olema Pharmaceuticals, Inc.",13G_new,2024-03-22,0001172661-24-001695,Deep Track,0001856083
0001856083_0001172661-24-001694,0001505512,Regulus Therapeutics Inc.,13G_new,2024-03-22,0001172661-24-001694,Deep Track,0001856083
0001856083_0001172661-24-001693,0001833141,CYBIN INC.,13G_new,2024-03-22,0001172661-24-001693,Deep Track,0001856083
0001856083_0001172661-24-001691,0001813814,Mind Medicine (MindMed) Inc.,13G_new,2024-03-15,0001172661-24-001691,Deep Track,0001856083
0001856083_0001172661-24-001677,0001782223,"Pyxis Oncology, Inc.",13G_new,2024-03-08,0001172661-24-001677,Deep Track,0001856083
0001856083_0001172661-24-001669,0001980845,enGene Holdings Inc.,13G_new,2024-02-23,0001172661-24-001669,Deep Track,0001856083
0001856083_0001172661-24-000706,0001832038,"Invivyd, Inc.",13G_new,2024-02-12,0001172661-24-000706,Deep Track,0001856083
0001856083_0001172661-24-000349,0001564824,Allakos Inc.,13G_new,2024-01-26,0001172661-24-000349,Deep Track,0001856083
0001856083_0001172661-24-000285,0001818794,"Dyne Therapeutics, Inc.",13G_new,2024-01-19,0001172661-24-000285,Deep Track,0001856083
0001856083_0001172661-23-004087,0001393434,"OCULAR THERAPEUTIX, INC",13G_new,2023-12-22,0001172661-23-004087,Deep Track,0001856083
0001856083_0001172661-23-003593,0001990550,"Ambrx Biopharma, Inc.",13G_new,2023-11-02,0001172661-23-003593,Deep Track,0001856083
0001856083_0001172661-23-003592,0001799448,"Aligos Therapeutics, Inc.",13G_new,2023-11-02,0001172661-23-003592,Deep Track,0001856083
0001856083_0001172661-23-003538,0001956827,Abivax S.A.,13G_new,2023-10-30,0001172661-23-003538,Deep Track,0001856083
0001856083_0001172661-23-003516,0001827506,"Tourmaline Bio, Inc.",13G_new,2023-10-27,0001172661-23-003516,Deep Track,0001856083
0001856083_0001172661-23-003479,0001673772,"RAPT Therapeutics, Inc.",13G_new,2023-10-23,0001172661-23-003479,Deep Track,0001856083
0001856083_0001172661-23-003268,0001370053,"ANAPTYSBIO, INC",13G_new,2023-10-02,0001172661-23-003268,Deep Track,0001856083
0001856083_0001172661-23-003259,0001888012,"HilleVax, Inc.",13G_new,2023-09-29,0001172661-23-003259,Deep Track,0001856083
0001856083_0001172661-23-002763,0001650664,"Editas Medicine, Inc.",13G_new,2023-08-04,0001172661-23-002763,Deep Track,0001856083
0001856083_0001172661-23-002664,0001831363,"Terns Pharmaceuticals, Inc.",13G_new,2023-07-28,0001172661-23-002664,Deep Track,0001856083
0001856083_0001172661-23-002601,0001974640,"Apogee Therapeutics, Inc.",13G_new,2023-07-24,0001172661-23-002601,Deep Track,0001856083
0001856083_0001172661-23-002388,0001636282,"Aeglea BioTherapeutics, Inc.",13G_new,2023-06-30,0001172661-23-002388,Deep Track,0001856083
0001856083_0001172661-23-002376,0001855644,Zura Bio Ltd,13G_new,2023-06-15,0001172661-23-002376,Deep Track,0001856083
0001856083_0001172661-23-002355,0001029142,DYNAVAX TECHNOLOGIES CORP,13G_new,2023-05-19,0001172661-23-002355,Deep Track,0001856083
0001856083_0001172661-23-001703,0001773427,"SpringWorks Therapeutics, Inc.",13G_new,2023-04-14,0001172661-23-001703,Deep Track,0001856083
0001856083_0001172661-23-001702,0000906709,NEKTAR THERAPEUTICS,13G_new,2023-04-14,0001172661-23-001702,Deep Track,0001856083
0001856083_0001172661-23-001545,0001746473,"PLIANT THERAPEUTICS, INC.",13G_new,2023-03-20,0001172661-23-001545,Deep Track,0001856083
0001856083_0001172661-23-001544,0001748907,Orchard Therapeutics plc,13G_new,2023-03-20,0001172661-23-001544,Deep Track,0001856083
0001856083_0001172661-23-001518,0001549595,"Nurix Therapeutics, Inc.",13G_new,2023-02-24,0001172661-23-001518,Deep Track,0001856083
0001856083_0001172661-23-000436,0001888886,Structure Therapeutics Inc.,13G_new,2023-02-03,0001172661-23-000436,Deep Track,0001856083
0001856083_0001172661-23-000180,0000886744,GERON CORP,13G_new,2023-01-13,0001172661-23-000180,Deep Track,0001856083
0001856083_0001172661-22-002615,0001454789,"Astria Therapeutics, Inc.",13G_new,2022-12-22,0001172661-22-002615,Deep Track,0001856083
0001856083_0001172661-22-002614,0001730463,Autolus Therapeutics plc,13G_new,2022-12-19,0001172661-22-002614,Deep Track,0001856083
0001856083_0001172661-22-002260,0001600620,Aurinia Pharmaceuticals Inc.,13G_new,2022-10-28,0001172661-22-002260,Deep Track,0001856083
0001856083_0001172661-22-002225,0001553643,"RELMADA THERAPEUTICS, INC.",13G_new,2022-10-21,0001172661-22-002225,Deep Track,0001856083
0001856083_0001172661-22-002221,0001280776,"IMMUNIC, INC.",13G_new,2022-10-20,0001172661-22-002221,Deep Track,0001856083
0001856083_0001172661-22-002147,0001836564,Valneva SE,13G_new,2022-10-07,0001172661-22-002147,Deep Track,0001856083
0001856083_0001172661-22-002111,0001322505,"ALBIREO PHARMA, INC.",13G_new,2022-10-03,0001172661-22-002111,Deep Track,0001856083
0001856083_0001172661-22-002100,0001564824,Allakos Inc.,13G_new,2022-09-30,0001172661-22-002100,Deep Track,0001856083
0001856083_0001172661-22-002096,0001710072,"Edgewise Therapeutics, Inc.",13G_new,2022-09-23,0001172661-22-002096,Deep Track,0001856083
0001856083_0001172661-22-002095,0001556263,"Syros Pharmaceuticals, Inc.",13G_new,2022-09-19,0001172661-22-002095,Deep Track,0001856083
0001856083_0001172661-22-002093,0001410939,"IVERIC bio, Inc.",13G_new,2022-09-16,0001172661-22-002093,Deep Track,0001856083
0001856083_0001172661-22-002087,0001437402,"ARDELYX, INC.",13G_new,2022-09-12,0001172661-22-002087,Deep Track,0001856083
0001856083_0001172661-22-002029,0001827087,"Vigil Neuroscience, Inc.",13G_new,2022-08-22,0001172661-22-002029,Deep Track,0001856083
0001856083_0001172661-22-002030,0001479615,Silence Therapeutics plc,13G_new,2022-08-22,0001172661-22-002030,Deep Track,0001856083
0001856083_0001172661-22-002028,0000818033,"HERON THERAPEUTICS, INC. /DE/",13G_new,2022-08-19,0001172661-22-002028,Deep Track,0001856083
0001856083_0001172661-22-001557,0001785173,"89bio, Inc.",13G_new,2022-07-06,0001172661-22-001557,Deep Track,0001856083
0001856083_0001172661-22-001537,0001811063,Nuvation Bio Inc.,13G_new,2022-06-23,0001172661-22-001537,Deep Track,0001856083
0001856083_0001172661-22-001536,0001629137,"Global Blood Therapeutics, Inc.",13G_new,2022-06-17,0001172661-22-001536,Deep Track,0001856083
0001856083_0001172661-22-001530,0001549595,"Nurix Therapeutics, Inc.",13G_new,2022-06-10,0001172661-22-001530,Deep Track,0001856083
0001856083_0001172661-22-001526,0001538927,"Forma Therapeutics Holdings, Inc.",13G_new,2022-06-03,0001172661-22-001526,Deep Track,0001856083
0001856083_0001172661-22-001503,0001157601,"MADRIGAL PHARMACEUTICALS, INC.",13G_new,2022-05-19,0001172661-22-001503,Deep Track,0001856083
0001856083_0001172661-22-001492,0001438533,"Travere Therapeutics, Inc.",13G_new,2022-05-16,0001172661-22-001492,Deep Track,0001856083
0001856083_0001172661-22-001138,0001693011,"Inozyme Pharma, Inc.",13G_new,2022-04-18,0001172661-22-001138,Deep Track,0001856083
0001856083_0001172661-22-001085,0001098972,AGENUS INC,13G_new,2022-04-08,0001172661-22-001085,Deep Track,0001856083
0001856083_0001172661-22-001012,0001760542,HOOKIPA Pharma Inc.,13G_new,2022-03-04,0001172661-22-001012,Deep Track,0001856083
0001856083_0001172661-22-000996,0001787400,"Nkarta, Inc.",13G_new,2022-02-18,0001172661-22-000996,Deep Track,0001856083
0001856083_0001172661-22-000986,0001435049,"CHINOOK THERAPEUTICS, INC.",13G_new,2022-02-16,0001172661-22-000986,Deep Track,0001856083
0001856083_0001172661-22-000395,0001764013,"Immunovant, Inc.",13G_new,2022-02-11,0001172661-22-000395,Deep Track,0001856083
0001856083_0001172661-22-000237,0001422143,"Kura Oncology, Inc.",13G_new,2022-02-04,0001172661-22-000237,Deep Track,0001856083
0001856083_0001172661-22-000197,0001761612,BICYCLE THERAPEUTICS plc,13G_new,2022-01-27,0001172661-22-000197,Deep Track,0001856083
0001856083_0001172661-22-000196,0001576885,"Acumen Pharmaceuticals, Inc.",13G_new,2022-01-27,0001172661-22-000196,Deep Track,0001856083
0001856083_0001172661-22-000161,0001818794,"Dyne Therapeutics, Inc.",13G_new,2022-01-20,0001172661-22-000161,Deep Track,0001856083
0001856083_0001172661-21-002445,0001664710,"Keros Therapeutics, Inc.",13G_new,2021-12-30,0001172661-21-002445,Deep Track,0001856083
0001856083_0001172661-21-002426,0001434868,"Esperion Therapeutics, Inc.",13G_new,2021-12-09,0001172661-21-002426,Deep Track,0001856083
0001856083_0001172661-21-002410,0001595585,"Tricida, Inc.",13G_new,2021-11-17,0001172661-21-002410,Deep Track,0001856083
0001856083_0001172661-21-002113,0001650648,4D Molecular Therapeutics Inc.,13G_new,2021-11-04,0001172661-21-002113,Deep Track,0001856083
0001856083_0001172661-21-002073,0001808158,Repare Therapeutics Inc.,13G_new,2021-10-29,0001172661-21-002073,Deep Track,0001856083
0001856083_0001172661-21-002058,0001348911,"KalVista Pharmaceuticals, Inc.",13G_new,2021-10-25,0001172661-21-002058,Deep Track,0001856083
0001856083_0001172661-21-002057,0001787297,"Passage BIO, Inc.",13G_new,2021-10-25,0001172661-21-002057,Deep Track,0001856083
0001856083_0001172661-21-002028,0001426800,"ASSEMBLY BIOSCIENCES, INC.",13G_new,2021-10-12,0001172661-21-002028,Deep Track,0001856083
0001856083_0001172661-21-001921,0001590750,"Viridian Therapeutics, Inc.\DE",13G_new,2021-09-24,0001172661-21-001921,Deep Track,0001856083
0001856083_0001172661-21-001908,0001640455,"Jounce Therapeutics, Inc.",13G_new,2021-09-01,0001172661-21-001908,Deep Track,0001856083
0001175707_0000908834-24-000339,0001521036,"Lantheus Holdings, Inc.",13G_new,2024-11-14,0000908834-24-000339,Farallon,0001175707
0001175707_0000908834-24-000262,0001496963,"Squarespace, Inc.",13D_new,2024-10-16,0000908834-24-000262,Farallon,0001175707
0001175707_0000908834-24-000150,0001401708,NanoString Technologies Inc,13G_new,2024-05-17,0000908834-24-000150,Farallon,0001175707
0001175707_0000908834-24-000014,0001783032,"Elevation Oncology, Inc.",13G_new,2024-01-22,0000908834-24-000014,Farallon,0001175707
0001175707_0000908834-24-000003,0000071691,NEW YORK TIMES CO,13G_new,2024-01-02,0000908834-24-000003,Farallon,0001175707
0001175707_0000908834-23-000147,0001628171,"Revolution Medicines, Inc.",13G_new,2023-11-09,0000908834-23-000147,Farallon,0001175707
0001175707_0000908834-23-000146,0001439222,"AGIOS PHARMACEUTICALS, INC.",13G_new,2023-11-09,0000908834-23-000146,Farallon,0001175707
0001175707_0000908834-23-000124,0001584509,Aramark,13G_new,2023-10-16,0000908834-23-000124,Farallon,0001175707
0001175707_0000908834-23-000114,0001745999,Beam Therapeutics Inc.,13G_new,2023-09-22,0000908834-23-000114,Farallon,0001175707
0001175707_0000908834-23-000097,0001435049,"CHINOOK THERAPEUTICS, INC.",13D_new,2023-08-11,0000908834-23-000097,Farallon,0001175707
0001175707_0000908834-23-000094,0001419041,"Forte Biosciences, Inc.",13G_new,2023-08-10,0000908834-23-000094,Farallon,0001175707
0001175707_0001175707-23-000105,0001840161,Forest Road Acquisition Corp. II,13G_new,2023-04-06,0001175707-23-000105,Farallon,0001175707
0001175707_0001175707-23-000099,0001859639,Cazoo Group Ltd,13D_new,2023-03-24,0001175707-23-000099,Farallon,0001175707
0001175707_0001175707-23-000096,0000939767,"EXELIXIS, INC.",13D_new,2023-03-20,0001175707-23-000096,Farallon,0001175707
0001175707_0001175707-23-000089,0001681087,"AVROBIO, Inc.",13G_new,2023-02-17,0001175707-23-000089,Farallon,0001175707
0001175707_0000908834-22-000119,0001756497,Change Healthcare Inc.,13D_new,2022-10-07,0000908834-22-000119,Farallon,0001175707
0001175707_0000908834-22-000114,0001764046,CLARIVATE Plc,13G_new,2022-09-07,0000908834-22-000114,Farallon,0001175707
0001175707_0000908834-22-000110,0001745999,Beam Therapeutics Inc.,13G_new,2022-07-14,0000908834-22-000110,Farallon,0001175707
0001175707_0001104659-21-136187,0001846975,SDCL EDGE Acquisition Corp,13G_new,2021-11-09,0001104659-21-136187,Farallon,0001175707
0001175707_0001104659-21-135511,0001832415,"Better Therapeutics, Inc.",13G_new,2021-11-08,0001104659-21-135511,Farallon,0001175707
0001175707_0001104659-21-125234,0001838513,Marblegate Acquisition Corp.,13G_new,2021-10-12,0001104659-21-125234,Farallon,0001175707
0001175707_0001104659-21-124611,0001869673,Berenson Acquisition Corp. I,13G_new,2021-10-08,0001104659-21-124611,Farallon,0001175707
0001175707_0001104659-21-121894,0001844452,Inflection Point Acquisition Corp.,13G_new,2021-10-01,0001104659-21-121894,Farallon,0001175707
0000909661_0000908834-22-000100,0001365916,"AMYRIS, INC.",13G_new,2022-02-24,0000908834-22-000100,Farallon,0000909661
0000909661_0000908834-21-000035,0001845123,Swiftmerge Acquisition Corp.,13G_new,2021-12-27,0000908834-21-000035,Farallon,0000909661
0001055951_0000947871-24-000915,0001662579,"C4 Therapeutics, Inc.",13G_new,2024-11-14,0000947871-24-000915,OrbiMed,0001055951
0001055951_0000947871-24-000914,0001595097,"Corbus Pharmaceuticals Holdings, Inc.",13G_new,2024-11-14,0000947871-24-000914,OrbiMed,0001055951
0001055951_0000947871-24-000909,0001534120,"Avalo Therapeutics, Inc.",13G_new,2024-11-14,0000947871-24-000909,OrbiMed,0001055951
0001055951_0000947871-24-000868,0001900520,"Lomond Therapeutics Holdings, Inc.",13D_new,2024-11-08,0000947871-24-000868,OrbiMed,0001055951
0001055951_0000947871-24-000805,0002022626,"Upstream Bio, Inc.",13D_new,2024-10-17,0000947871-24-000805,OrbiMed,0001055951
0001055951_0000947871-24-000770,0001130598,"Traws Pharma, Inc.",13D_new,2024-09-23,0000947871-24-000770,OrbiMed,0001055951
0001055951_0000947871-24-000767,0001776111,"MBX Biosciences, Inc.",13D_new,2024-09-23,0000947871-24-000767,OrbiMed,0001055951
0001055951_0000947871-24-000321,0001661998,Q32 Bio Inc.,13D_new,2024-03-28,0000947871-24-000321,OrbiMed,0001055951
0001055951_0000947871-24-000162,0001433607,"InspireMD, Inc.",13G_new,2024-02-14,0000947871-24-000162,OrbiMed,0001055951
0001055951_0000947871-24-000158,0001727196,Scholar Rock Holding Corp,13G_new,2024-02-14,0000947871-24-000158,OrbiMed,0001055951
0001055951_0000947871-24-000152,0001783032,"Elevation Oncology, Inc.",13G_new,2024-02-14,0000947871-24-000152,OrbiMed,0001055951
0001055951_0000947871-24-000091,0001868279,"ArriVent Biopharma, Inc.",13D_new,2024-02-05,0000947871-24-000091,OrbiMed,0001055951
0001055951_0000947871-23-000776,0001764974,Turnstone Biologics Corp.,13D_new,2023-07-24,0000947871-23-000776,OrbiMed,0001055951
0001055951_0000947871-23-000626,0001836379,VectivBio Holding AG,13D_new,2023-05-24,0000947871-23-000626,OrbiMed,0001055951
0001055951_0000947871-23-000450,0001944885,Apollomics Inc.,13D_new,2023-04-12,0000947871-23-000450,OrbiMed,0001055951
0001055951_0000947871-23-000412,0001826492,Gracell Biotechnologies Inc.,13D_new,2023-03-31,0000947871-23-000412,OrbiMed,0001055951
0001055951_0000947871-23-000250,0001672619,"Enliven Therapeutics, Inc.",13D_new,2023-02-28,0000947871-23-000250,OrbiMed,0001055951
0001055951_0000947871-23-000191,0001526119,"Verastem, Inc.",13G_new,2023-02-14,0000947871-23-000191,OrbiMed,0001055951
0001055951_0000947871-23-000180,0001442836,"Mersana Therapeutics, Inc.",13G_new,2023-02-14,0000947871-23-000180,OrbiMed,0001055951
0001055951_0000947871-23-000176,0001645666,"Kezar Life Sciences, Inc.",13G_new,2023-02-14,0000947871-23-000176,OrbiMed,0001055951
0001055951_0000947871-23-000164,0001810182,ALX ONCOLOGY HOLDINGS INC,13G_new,2023-02-14,0000947871-23-000164,OrbiMed,0001055951
0001055951_0000947871-22-001022,0001923840,"Third Harmonic Bio, Inc.",13D_new,2022-09-28,0000947871-22-001022,OrbiMed,0001055951
0001055951_0000947871-22-000216,0001836379,VectivBio Holding AG,13G_new,2022-02-11,0000947871-22-000216,OrbiMed,0001055951
0001055951_0000947871-22-000213,0001407973,"Sonendo, Inc.",13G_new,2022-02-11,0000947871-22-000213,OrbiMed,0001055951
0001055951_0000947871-22-000211,0001111485,"RxSight, Inc.",13G_new,2022-02-11,0000947871-22-000211,OrbiMed,0001055951
0001055951_0000947871-22-000210,0001359931,"Protara Therapeutics, Inc.",13G_new,2022-02-11,0000947871-22-000210,OrbiMed,0001055951
0001055951_0000947871-22-000202,0001640455,"Jounce Therapeutics, Inc.",13G_new,2022-02-11,0000947871-22-000202,OrbiMed,0001055951
0001055951_0000947871-22-000200,0001826492,Gracell Biotechnologies Inc.,13G_new,2022-02-11,0000947871-22-000200,OrbiMed,0001055951
0001055951_0000947871-22-000195,0001124105,"CATALYST BIOSCIENCES, INC.",13G_new,2022-02-11,0000947871-22-000195,OrbiMed,0001055951
0001055951_0000947871-21-001068,0001745020,"Theseus Pharmaceuticals, Inc.",13D_new,2021-10-19,0000947871-21-001068,OrbiMed,0001055951
0001157524_0000947871-22-000212,0001459839,"SI-BONE, Inc.",13G_new,2022-02-11,0000947871-22-000212,OrbiMed,0001157524
0001157524_0000947871-22-000197,0001833141,CYBIN INC.,13G_new,2022-02-11,0000947871-22-000197,OrbiMed,0001157524
0001425738_0001104659-24-119430,0001746473,"PLIANT THERAPEUTICS, INC.",13G_new,2024-11-14,0001104659-24-119430,Redmile,0001425738
0001425738_0001104659-23-119604,0001590877,REGENXBIO Inc.,13G_new,2023-11-17,0001104659-23-119604,Redmile,0001425738
0001425738_0001104659-23-109411,0001810182,ALX ONCOLOGY HOLDINGS INC,13G_new,2023-10-16,0001104659-23-109411,Redmile,0001425738
0001425738_0001104659-23-108862,0001472012,Immunome Inc.,13G_new,2023-10-12,0001104659-23-108862,Redmile,0001425738
0001425738_0001104659-23-084840,0001404644,"Neoleukin Therapeutics, Inc.",13D_new,2023-07-27,0001104659-23-084840,Redmile,0001425738
0001425738_0001104659-23-021688,0001744659,"Akero Therapeutics, Inc.",13G_new,2023-02-14,0001104659-23-021688,Redmile,0001425738
0001425738_0001104659-23-014621,0001100397,"Ayala Pharmaceuticals, Inc.",13G_new,2023-02-08,0001104659-23-014621,Redmile,0001425738
0001425738_0001104659-22-109394,0001937653,Zymeworks Inc.,13G_new,2022-10-17,0001104659-22-109394,Redmile,0001425738
0001425738_0001104659-22-087361,0001403752,Zymeworks Inc.,13G_new,2022-08-08,0001104659-22-087361,Redmile,0001425738
0001425738_0001104659-22-068166,0001673772,"RAPT Therapeutics, Inc.",13G_new,2022-06-03,0001104659-22-068166,Redmile,0001425738
0001425738_0001104659-22-057623,0001654151,"Deciphera Pharmaceuticals, Inc.",13G_new,2022-05-09,0001104659-22-057623,Redmile,0001425738
0001425738_0001104659-22-023152,0001689375,"Entrada Therapeutics, Inc.",13G_new,2022-02-14,0001104659-22-023152,Redmile,0001425738
0001425738_0001104659-22-023124,0001830749,Achilles Therapeutics plc,13G_new,2022-02-14,0001104659-22-023124,Redmile,0001425738
0001425738_0001104659-21-127160,0001819113,"Science 37 Holdings, Inc.",13D_new,2021-10-18,0001104659-21-127160,Redmile,0001425738
,0001815442,"Kymera Therapeutics, Inc.",F4_buy,2025-06-30,0000921895-25-001910,,0000918923
,0001404281,"Eledon Pharmaceuticals, Inc.",F4_buy,2024-05-09,0000921895-24-001131,,0000918923
,0001808158,Repare Therapeutics Inc.,F4_buy,2023-11-15,0000921895-23-002669,,0000918923
,0001808158,Repare Therapeutics Inc.,F4_buy,2023-11-16,0000921895-23-002669,,0000918923
,0001815442,"Kymera Therapeutics, Inc.",F4_buy,2023-11-02,0000921895-23-002475,,0000918923
,0001815442,"Kymera Therapeutics, Inc.",F4_buy,2023-11-03,0000921895-23-002475,,0000918923
,0001808158,Repare Therapeutics Inc.,F4_buy,2023-11-02,0000921895-23-002458,,0000918923
,0001750284,"Olema Pharmaceuticals, Inc.",F4_buy,2023-09-12,0000921895-23-002167,,0000918923
,0001404281,"Eledon Pharmaceuticals, Inc.",F4_buy,2023-05-05,0000921895-23-001098,,0000918923
,0001815442,"Kymera Therapeutics, Inc.",F4_buy,2023-01-11,0000921895-23-000114,,0000918923
,0001815442,"Kymera Therapeutics, Inc.",F4_buy,2023-01-12,0000921895-23-000114,,0000918923
,0000791908,XOMA Corp,F4_buy,2023-01-05,0000921895-23-000078,,0000918923
,0000791908,XOMA Corp,F4_buy,2023-01-06,0000921895-23-000078,,0000918923
,0001923840,"Third Harmonic Bio, Inc.",F4_buy,2022-12-20,0001193805-22-001774,,0000918923
,0001724979,Rain Therapeutics Inc.,F4_buy,2022-11-08,0000921895-22-002972,,0000918923
,0000791908,XOMA Corp,F4_buy,2022-09-23,0000921895-22-002715,,0000918923
,0000791908,XOMA Corp,F4_buy,2022-09-26,0000921895-22-002715,,0000918923
,0000791908,XOMA Corp,F4_buy,2022-09-27,0000921895-22-002715,,0000918923
,0000791908,XOMA Corp,F4_buy,2022-09-14,0001193805-22-001277,,0000918923
,0000791908,XOMA Corp,F4_buy,2022-09-15,0001193805-22-001277,,0000918923
,0000791908,XOMA Corp,F4_buy,2022-09-16,0001193805-22-001277,,0000918923
,0001815442,"Kymera Therapeutics, Inc.",F4_buy,2022-08-22,0000921895-22-002524,,0000918923
,0001808158,Repare Therapeutics Inc.,F4_buy,2022-06-13,0000921895-22-002007,,0000918923
,0001750284,"Olema Pharmaceuticals, Inc.",F4_buy,2022-06-10,0000921895-22-001989,,0000918923
,0001808158,Repare Therapeutics Inc.,F4_buy,2022-06-02,0000921895-22-001916,,0000918923
,0001808158,Repare Therapeutics Inc.,F4_buy,2022-06-03,0000921895-22-001916,,0000918923
,0001808158,Repare Therapeutics Inc.,F4_buy,2022-06-06,0000921895-22-001916,,0000918923
,0001789972,"Cullinan Oncology, Inc.",F4_buy,2022-06-01,0000921895-22-001898,,0000918923
,0001815442,"Kymera Therapeutics, Inc.",F4_buy,2022-05-26,0000921895-22-001847,,0000918923
,0001815442,"Kymera Therapeutics, Inc.",F4_buy,2022-05-27,0000921895-22-001847,,0000918923
,0001815442,"Kymera Therapeutics, Inc.",F4_buy,2022-05-20,0000921895-22-001781,,0000918923
,0001839970,"BlossomHill Therapeutics, Inc.",F4_buy,2026-08-10,0000947871-26-000784,,0001055951
,0002131524,"Braveheart Bio, Inc.",F4_buy,2026-08-07,0000947871-26-000782,,0001055951
,0001853921,"Scribe Therapeutics, Inc.",F4_buy,2026-07-27,0000947871-26-000733,,0001055951
,0001661998,Q32 Bio Inc.,F4_buy,2026-05-28,0000947871-26-000593,,0001055951
,0001130598,"Traws Pharma, Inc.",F4_buy,2026-04-16,0000947871-26-000481,,0001055951
,0001678660,Prelude Therapeutics Inc,F4_buy,2026-04-21,0000947871-26-000461,,0001055951
,0001720580,"Adicet Bio, Inc.",F4_buy,2025-10-08,0000947871-25-000898,,0001055951
,0001680367,"Shattuck Labs, Inc.",F4_buy,2025-08-25,0000947871-25-000840,,0001055951
,0001710072,"Edgewise Therapeutics, Inc.",F4_buy,2025-04-03,0000947871-25-000359,,0001055951
,0001776111,"MBX Biosciences, Inc.",F4_buy,2025-02-14,0000947871-25-000199,,0001055951
,0001776111,"MBX Biosciences, Inc.",F4_buy,2025-02-18,0000947871-25-000199,,0001055951
,0002036042,"Sionna Therapeutics, Inc.",F4_buy,2025-02-10,0000947871-25-000120,,0001055951
,0002022626,"Upstream Bio, Inc.",F4_buy,2024-10-15,0000947871-24-000806,,0001055951
,0001776111,"MBX Biosciences, Inc.",F4_buy,2024-09-16,0000950170-24-107538,,0001055951
,0001604950,scPharmaceuticals Inc.,F4_buy,2024-08-13,0000947871-24-000701,,0001055951
,0001816736,"Disc Medicine, Inc.",F4_buy,2024-06-17,0000947871-24-000573,,0001055951
,0001825367,"RayzeBio, Inc.",F4_buy,2023-09-19,0000905148-23-000959,,0001103804
,0001739614,"Inhibrx, Inc.",F4_buy,2023-08-28,0000905148-23-000804,,0001103804
,0001650648,"4D Molecular Therapeutics, Inc.",F4_buy,2023-05-09,0001140361-23-024202,,0001103804
,0001828326,Frazier Lifesciences Acquisition Corp,F4_buy,2022-11-02,0001140361-22-040057,,0001103804
,0001739614,"Inhibrx, Inc.",F4_buy,2022-10-07,0001140361-22-036956,,0001103804
,0001658551,"Amylyx Pharmaceuticals, Inc.",F4_buy,2022-01-11,0001140361-22-001654,,0001103804
,0001588978,PROCEPT BioRobotics Corp,F4_buy,2021-09-17,0001567619-21-017393,,0001103804
,0001739410,Rallybio Corp,F4_buy,2021-07-29,0001387131-21-007995,,0001103804
,0001650648,4D Molecular Therapeutics Inc.,F4_buy,2020-12-15,0001387131-20-011272,,0001103804
,0001739614,"Inhibrx, Inc.",F4_buy,2020-08-26,0001387131-20-008019,,0001103804
,0001739614,"Inhibrx, Inc.",F4_buy,2020-08-24,0001387131-20-007889,,0001103804
,0001739614,"Inhibrx, Inc.",F4_buy,2020-08-25,0001387131-20-007889,,0001103804
,0001725160,"Zentalis Pharmaceuticals, Inc.",F4_buy,2020-04-07,0001387131-20-003800,,0001103804
,0001478320,Adaptive Biotechnologies Corp,F4_buy,2019-07-01,0000903423-19-000272,,0001103804
,0001743881,"BridgeBio Pharma, Inc.",F4_buy,2019-06-27,0000903423-19-000265,,0001103804
,0001740547,Urovant Sciences Ltd.,F4_buy,2019-06-17,0000903423-19-000252,,0001103804
,0001740547,Urovant Sciences Ltd.,F4_buy,2019-06-18,0000903423-19-000252,,0001103804
,0001740547,Urovant Sciences Ltd.,F4_buy,2019-06-19,0000903423-19-000252,,0001103804
,0001740547,Urovant Sciences Ltd.,F4_buy,2019-06-12,0000903423-19-000247,,0001103804
,0001740547,Urovant Sciences Ltd.,F4_buy,2019-06-13,0000903423-19-000247,,0001103804
,0001740547,Urovant Sciences Ltd.,F4_buy,2019-06-14,0000903423-19-000247,,0001103804
,0001679082,Myovant Sciences Ltd.,F4_buy,2019-06-04,0000903423-19-000245,,0001103804
,0001740547,Urovant Sciences Ltd.,F4_buy,2019-06-07,0000903423-19-000242,,0001103804
,0001740547,Urovant Sciences Ltd.,F4_buy,2019-06-10,0000903423-19-000242,,0001103804
,0001740547,Urovant Sciences Ltd.,F4_buy,2019-06-11,0000903423-19-000242,,0001103804
,0001740547,Urovant Sciences Ltd.,F4_buy,2019-06-04,0000903423-19-000240,,0001103804
,0001740547,Urovant Sciences Ltd.,F4_buy,2019-06-05,0000903423-19-000240,,0001103804
,0001740547,Urovant Sciences Ltd.,F4_buy,2019-06-06,0000903423-19-000240,,0001103804
,0001740547,Urovant Sciences Ltd.,F4_buy,2019-05-30,0000903423-19-000236,,0001103804
,0001740547,Urovant Sciences Ltd.,F4_buy,2019-05-31,0000903423-19-000236,,0001103804
,0001740547,Urovant Sciences Ltd.,F4_buy,2019-06-03,0000903423-19-000236,,0001103804
,0001740547,Urovant Sciences Ltd.,F4_buy,2019-05-24,0000903423-19-000232,,0001103804
,0001740547,Urovant Sciences Ltd.,F4_buy,2019-05-28,0000903423-19-000232,,0001103804
,0001740547,Urovant Sciences Ltd.,F4_buy,2019-05-29,0000903423-19-000232,,0001103804
,0001740547,Urovant Sciences Ltd.,F4_buy,2019-05-21,0000903423-19-000229,,0001103804
,0001740547,Urovant Sciences Ltd.,F4_buy,2019-05-22,0000903423-19-000229,,0001103804
,0001740547,Urovant Sciences Ltd.,F4_buy,2019-05-23,0000903423-19-000229,,0001103804
,0001740547,Urovant Sciences Ltd.,F4_buy,2019-05-16,0000903423-19-000225,,0001103804
,0001740547,Urovant Sciences Ltd.,F4_buy,2019-05-17,0000903423-19-000225,,0001103804
,0001740547,Urovant Sciences Ltd.,F4_buy,2019-05-20,0000903423-19-000225,,0001103804
,0001636050,Axovant Sciences Ltd.,F4_buy,2019-03-18,0000903423-19-000151,,0001103804
,0001636050,Axovant Sciences Ltd.,F4_buy,2018-12-18,0000903423-18-000640,,0001103804
,0001740547,Urovant Sciences Ltd.,F4_buy,2018-10-01,0000903423-18-000529,,0001103804
,0001636050,Axovant Sciences Ltd.,F4_buy,2018-06-05,0000903423-18-000324,,0001103804
,0000859475,TRIDENT MICROSYSTEMS INC,F4_buy,2012-12-19,0001182489-12-001002,,0001175707
,0000859475,TRIDENT MICROSYSTEMS INC,F4_buy,2012-12-11,0001182489-12-000993,,0001175707
,0000859475,TRIDENT MICROSYSTEMS INC,F4_buy,2012-12-12,0001182489-12-000993,,0001175707
,0000859475,TRIDENT MICROSYSTEMS INC,F4_buy,2012-12-07,0001182489-12-000959,,0001175707
,0000859475,TRIDENT MICROSYSTEMS INC,F4_buy,2012-12-10,0001182489-12-000959,,0001175707
,0000859475,TRIDENT MICROSYSTEMS INC,F4_buy,2012-12-05,0001182489-12-000931,,0001175707
,0000859475,TRIDENT MICROSYSTEMS INC,F4_buy,2012-12-06,0001182489-12-000931,,0001175707
,0000859475,TRIDENT MICROSYSTEMS INC,F4_buy,2012-12-03,0001182489-12-000924,,0001175707
,0000859475,TRIDENT MICROSYSTEMS INC,F4_buy,2012-11-28,0001182489-12-000911,,0001175707
,0000859475,TRIDENT MICROSYSTEMS INC,F4_buy,2012-11-29,0001182489-12-000911,,0001175707
,0000859475,TRIDENT MICROSYSTEMS INC,F4_buy,2012-11-26,0001182489-12-000903,,0001175707
,0000859475,TRIDENT MICROSYSTEMS INC,F4_buy,2012-11-27,0001182489-12-000903,,0001175707
,0001482512,"Hudson Pacific Properties, Inc.",F4_buy,2012-05-18,0001182489-12-000563,,0001175707
,0001482512,"Hudson Pacific Properties, Inc.",F4_buy,2011-05-03,0001182489-11-000285,,0001175707
,0001482512,"Hudson Pacific Properties, Inc.",F4_buy,2010-06-29,0001182489-10-000429,,0001175707
,0001241199,CAPITALSOURCE INC,F4_buy,2008-06-27,0001182489-08-000679,,0001175707
,0001850906,"Singular Genomics Systems, Inc.",F4_buy,2024-09-16,0001415889-24-023623,,0001191935
,0001850906,"Singular Genomics Systems, Inc.",F4_buy,2024-09-17,0001415889-24-023623,,0001191935
,0001850906,"Singular Genomics Systems, Inc.",F4_buy,2024-09-18,0001415889-24-023623,,0001191935
,0001724979,Rain Oncology Inc.,F4_buy,2023-10-11,0001209191-23-052788,,0001191935
,0001724979,Rain Oncology Inc.,F4_buy,2023-10-12,0001209191-23-052788,,0001191935
,0001724979,Rain Oncology Inc.,F4_buy,2023-10-13,0001209191-23-052788,,0001191935
,0001724979,Rain Oncology Inc.,F4_buy,2023-05-30,0001209191-23-033446,,0001191935
,0001724979,Rain Oncology Inc.,F4_buy,2023-05-31,0001209191-23-033446,,0001191935
,0001724979,Rain Oncology Inc.,F4_buy,2023-06-01,0001209191-23-033446,,0001191935
,0001750019,TCR2 THERAPEUTICS INC.,F4_buy,2023-05-25,0001209191-23-033041,,0001191935
,0001750019,TCR2 THERAPEUTICS INC.,F4_buy,2023-05-11,0001209191-23-029527,,0001191935
,0001750019,TCR2 THERAPEUTICS INC.,F4_buy,2023-05-12,0001209191-23-029527,,0001191935
,0001750019,TCR2 THERAPEUTICS INC.,F4_buy,2023-05-08,0001209191-23-028565,,0001191935
,0001750019,TCR2 THERAPEUTICS INC.,F4_buy,2023-05-09,0001209191-23-028565,,0001191935
,0001750019,TCR2 THERAPEUTICS INC.,F4_buy,2023-05-10,0001209191-23-028565,,0001191935
,0001750019,TCR2 THERAPEUTICS INC.,F4_buy,2023-05-03,0001209191-23-027833,,0001191935
,0001750019,TCR2 THERAPEUTICS INC.,F4_buy,2023-05-04,0001209191-23-027833,,0001191935
,0001750019,TCR2 THERAPEUTICS INC.,F4_buy,2023-05-05,0001209191-23-027833,,0001191935
,0001640455,"Jounce Therapeutics, Inc.",F4_buy,2023-03-13,0001209191-23-018721,,0001191935
,0001640455,"Jounce Therapeutics, Inc.",F4_buy,2023-03-14,0001209191-23-018721,,0001191935
,0000920465,LA JOLLA PHARMACEUTICAL CO,F4_buy,2021-05-27,0001209191-21-036939,,0001191935
,0000920465,LA JOLLA PHARMACEUTICAL CO,F4_buy,2021-06-01,0001209191-21-036939,,0001191935
,0000920465,LA JOLLA PHARMACEUTICAL CO,F4_buy,2021-05-24,0001209191-21-035962,,0001191935
,0000920465,LA JOLLA PHARMACEUTICAL CO,F4_buy,2021-05-25,0001209191-21-035962,,0001191935
,0000920465,LA JOLLA PHARMACEUTICAL CO,F4_buy,2021-05-26,0001209191-21-035962,,0001191935
,0001717452,"Odonate Therapeutics, Inc.",F4_buy,2020-12-21,0001209191-20-065024,,0001191935
,0001717452,"Odonate Therapeutics, Inc.",F4_buy,2020-12-22,0001209191-20-065024,,0001191935
,0001717452,"Odonate Therapeutics, Inc.",F4_buy,2020-12-23,0001209191-20-065024,,0001191935
,0001671584,Aptevo Therapeutics Inc.,F4_buy,2020-11-04,0001209191-20-057304,,0001191935
,0001671584,Aptevo Therapeutics Inc.,F4_buy,2020-11-05,0001209191-20-057304,,0001191935
,0001671584,Aptevo Therapeutics Inc.,F4_buy,2020-11-06,0001209191-20-057304,,0001191935
,0001717452,"Odonate Therapeutics, Inc.",F4_buy,2020-09-28,0001209191-20-052437,,0001191935
,0001717452,"Odonate Therapeutics, Inc.",F4_buy,2020-09-29,0001209191-20-052437,,0001191935
,0000920465,LA JOLLA PHARMACEUTICAL CO,F4_buy,2020-09-04,0001209191-20-049871,,0001191935
,0000920465,LA JOLLA PHARMACEUTICAL CO,F4_buy,2020-09-08,0001209191-20-049871,,0001191935
,0000920465,LA JOLLA PHARMACEUTICAL CO,F4_buy,2020-09-09,0001209191-20-049871,,0001191935
,0001717452,"Odonate Therapeutics, Inc.",F4_buy,2020-08-28,0001209191-20-048868,,0001191935
,0000920465,LA JOLLA PHARMACEUTICAL CO,F4_buy,2020-08-12,0001209191-20-046812,,0001191935
,0000920465,LA JOLLA PHARMACEUTICAL CO,F4_buy,2020-08-13,0001209191-20-046812,,0001191935
,0000920465,LA JOLLA PHARMACEUTICAL CO,F4_buy,2020-08-14,0001209191-20-046812,,0001191935
,0000920465,LA JOLLA PHARMACEUTICAL CO,F4_buy,2020-06-02,0001209191-20-034535,,0001191935
,0000920465,LA JOLLA PHARMACEUTICAL CO,F4_buy,2020-06-03,0001209191-20-034535,,0001191935
,0000920465,LA JOLLA PHARMACEUTICAL CO,F4_buy,2020-06-04,0001209191-20-034535,,0001191935
,0000920465,LA JOLLA PHARMACEUTICAL CO,F4_buy,2020-01-30,0001209191-20-006077,,0001191935
,0000920465,LA JOLLA PHARMACEUTICAL CO,F4_buy,2020-01-31,0001209191-20-006077,,0001191935
,0000920465,LA JOLLA PHARMACEUTICAL CO,F4_buy,2020-02-03,0001209191-20-006077,,0001191935
,0000920465,LA JOLLA PHARMACEUTICAL CO,F4_buy,2020-01-09,0001209191-20-003214,,0001191935
,0000920465,LA JOLLA PHARMACEUTICAL CO,F4_buy,2020-01-10,0001209191-20-003214,,0001191935
,0000920465,LA JOLLA PHARMACEUTICAL CO,F4_buy,2020-01-13,0001209191-20-003214,,0001191935
,0001717452,"Odonate Therapeutics, Inc.",F4_buy,2019-06-26,0001209191-19-039458,,0001191935
,0001717452,"Odonate Therapeutics, Inc.",F4_buy,2019-06-14,0001209191-19-037895,,0001191935
,0001717452,"Odonate Therapeutics, Inc.",F4_buy,2019-06-17,0001209191-19-037895,,0001191935
,0001717452,"Odonate Therapeutics, Inc.",F4_buy,2019-06-18,0001209191-19-037895,,0001191935
,0001717452,"Odonate Therapeutics, Inc.",F4_buy,2019-06-06,0001209191-19-035995,,0001191935
,0001717452,"Odonate Therapeutics, Inc.",F4_buy,2019-06-07,0001209191-19-035995,,0001191935
,0001717452,"Odonate Therapeutics, Inc.",F4_buy,2019-06-03,0001209191-19-034851,,0001191935
,0001717452,"Odonate Therapeutics, Inc.",F4_buy,2019-06-04,0001209191-19-034851,,0001191935
,0001717452,"Odonate Therapeutics, Inc.",F4_buy,2019-06-05,0001209191-19-034851,,0001191935
,0001717452,"Odonate Therapeutics, Inc.",F4_buy,2019-03-07,0001209191-19-018545,,0001191935
,0001717452,"Odonate Therapeutics, Inc.",F4_buy,2019-03-08,0001209191-19-018545,,0001191935
,0000920465,LA JOLLA PHARMACEUTICAL CO,F4_buy,2019-01-07,0001209191-19-003183,,0001191935
,0000920465,LA JOLLA PHARMACEUTICAL CO,F4_buy,2019-01-08,0001209191-19-003183,,0001191935
,0000920465,LA JOLLA PHARMACEUTICAL CO,F4_buy,2019-01-09,0001209191-19-003183,,0001191935
,0001717452,"Odonate Therapeutics, Inc.",F4_buy,2018-12-27,0001209191-18-064413,,0001191935
,0001717452,"Odonate Therapeutics, Inc.",F4_buy,2018-12-28,0001209191-18-064413,,0001191935
,0001717452,"Odonate Therapeutics, Inc.",F4_buy,2018-12-31,0001209191-18-064413,,0001191935
,0001717452,"Odonate Therapeutics, Inc.",F4_buy,2018-12-20,0001209191-18-064127,,0001191935
,0001717452,"Odonate Therapeutics, Inc.",F4_buy,2018-12-21,0001209191-18-064127,,0001191935
,0001717452,"Odonate Therapeutics, Inc.",F4_buy,2018-12-26,0001209191-18-064127,,0001191935
,0001717452,"Odonate Therapeutics, Inc.",F4_buy,2018-12-14,0001209191-18-063288,,0001191935
,0001717452,"Odonate Therapeutics, Inc.",F4_buy,2018-12-17,0001209191-18-063288,,0001191935
,0001717452,"Odonate Therapeutics, Inc.",F4_buy,2018-12-18,0001209191-18-063288,,0001191935
,0001717452,"Odonate Therapeutics, Inc.",F4_buy,2018-12-11,0001209191-18-062539,,0001191935
,0001717452,"Odonate Therapeutics, Inc.",F4_buy,2018-12-12,0001209191-18-062539,,0001191935
,0001717452,"Odonate Therapeutics, Inc.",F4_buy,2018-12-06,0001209191-18-061861,,0001191935
,0001717452,"Odonate Therapeutics, Inc.",F4_buy,2018-12-07,0001209191-18-061861,,0001191935
,0001717452,"Odonate Therapeutics, Inc.",F4_buy,2018-11-27,0001209191-18-060245,,0001191935
,0001717452,"Odonate Therapeutics, Inc.",F4_buy,2018-11-21,0001209191-18-059967,,0001191935
,0001717452,"Odonate Therapeutics, Inc.",F4_buy,2018-11-23,0001209191-18-059967,,0001191935
,0001717452,"Odonate Therapeutics, Inc.",F4_buy,2018-11-26,0001209191-18-059967,,0001191935
,0001717452,"Odonate Therapeutics, Inc.",F4_buy,2018-11-01,0001209191-18-057309,,0001191935
,0001717452,"Odonate Therapeutics, Inc.",F4_buy,2018-10-26,0001209191-18-056519,,0001191935
,0001717452,"Odonate Therapeutics, Inc.",F4_buy,2018-10-29,0001209191-18-056519,,0001191935
,0001717452,"Odonate Therapeutics, Inc.",F4_buy,2018-10-23,0001209191-18-056226,,0001191935
,0001717452,"Odonate Therapeutics, Inc.",F4_buy,2018-10-24,0001209191-18-056226,,0001191935
,0001717452,"Odonate Therapeutics, Inc.",F4_buy,2018-10-25,0001209191-18-056226,,0001191935
,0001717452,"Odonate Therapeutics, Inc.",F4_buy,2018-09-27,0001209191-18-052755,,0001191935
,0001717452,"Odonate Therapeutics, Inc.",F4_buy,2018-09-28,0001209191-18-052755,,0001191935
,0001717452,"Odonate Therapeutics, Inc.",F4_buy,2018-09-24,0001209191-18-052317,,0001191935
,0001717452,"Odonate Therapeutics, Inc.",F4_buy,2018-09-25,0001209191-18-052317,,0001191935
,0001717452,"Odonate Therapeutics, Inc.",F4_buy,2018-09-26,0001209191-18-052317,,0001191935
,0001717452,"Odonate Therapeutics, Inc.",F4_buy,2018-09-18,0001209191-18-051845,,0001191935
,0001717452,"Odonate Therapeutics, Inc.",F4_buy,2018-09-19,0001209191-18-051845,,0001191935
,0001717452,"Odonate Therapeutics, Inc.",F4_buy,2018-09-20,0001209191-18-051845,,0001191935
,0001717452,"Odonate Therapeutics, Inc.",F4_buy,2018-08-21,0001209191-18-048266,,0001191935
,0001717452,"Odonate Therapeutics, Inc.",F4_buy,2018-08-16,0001209191-18-047662,,0001191935
,0001717452,"Odonate Therapeutics, Inc.",F4_buy,2018-08-17,0001209191-18-047662,,0001191935
,0001717452,"Odonate Therapeutics, Inc.",F4_buy,2018-08-20,0001209191-18-047662,,0001191935
,0001717452,"Odonate Therapeutics, Inc.",F4_buy,2018-08-13,0001209191-18-046869,,0001191935
,0001717452,"Odonate Therapeutics, Inc.",F4_buy,2018-08-14,0001209191-18-046869,,0001191935
,0001717452,"Odonate Therapeutics, Inc.",F4_buy,2018-08-15,0001209191-18-046869,,0001191935
,0000818033,"HERON THERAPEUTICS, INC. /DE/",F4_buy,2018-03-29,0001209191-18-022351,,0001191935
,0000920465,LA JOLLA PHARMACEUTICAL CO,F4_buy,2018-03-15,0001209191-18-020761,,0001191935
,0001717452,"Odonate Therapeutics, Inc.",F4_buy,2018-02-28,0001209191-18-015950,,0001191935
,0001717452,"Odonate Therapeutics, Inc.",F4_buy,2018-03-01,0001209191-18-015950,,0001191935
,0000920465,LA JOLLA PHARMACEUTICAL CO,F4_buy,2018-02-28,0001209191-18-015945,,0001191935
,0000920465,LA JOLLA PHARMACEUTICAL CO,F4_buy,2018-03-02,0001209191-18-015945,,0001191935
,0001717452,"Odonate Therapeutics, Inc.",F4_buy,2018-02-23,0001209191-18-013965,,0001191935
,0001717452,"Odonate Therapeutics, Inc.",F4_buy,2018-02-26,0001209191-18-013965,,0001191935
,0001717452,"Odonate Therapeutics, Inc.",F4_buy,2018-02-27,0001209191-18-013965,,0001191935
,0000920465,LA JOLLA PHARMACEUTICAL CO,F4_buy,2018-02-23,0001209191-18-013961,,0001191935
,0000920465,LA JOLLA PHARMACEUTICAL CO,F4_buy,2018-02-26,0001209191-18-013961,,0001191935
,0000920465,LA JOLLA PHARMACEUTICAL CO,F4_buy,2018-02-27,0001209191-18-013961,,0001191935
,0001717452,"Odonate Therapeutics, Inc.",F4_buy,2018-02-20,0001209191-18-012618,,0001191935
,0001717452,"Odonate Therapeutics, Inc.",F4_buy,2018-02-21,0001209191-18-012618,,0001191935
,0001717452,"Odonate Therapeutics, Inc.",F4_buy,2018-02-22,0001209191-18-012618,,0001191935
,0001717452,"Odonate Therapeutics, Inc.",F4_buy,2018-02-14,0001209191-18-011056,,0001191935
,0001717452,"Odonate Therapeutics, Inc.",F4_buy,2018-02-15,0001209191-18-011056,,0001191935
,0001717452,"Odonate Therapeutics, Inc.",F4_buy,2018-02-16,0001209191-18-011056,,0001191935
,0001809196,Immatics N.V.,F4_buy,2026-08-26,0001193125-26-371237,,0001224962
,0001814114,"Orchestra BioMed Holdings, Inc.",F4_buy,2025-08-01,0000950170-25-102537,,0001224962
,0001707502,Solid Biosciences Inc.,F4_buy,2025-02-19,0001062993-25-003153,,0001224962
,0001735438,MeiraGTx Holdings plc,F4_buy,2024-08-12,0001062993-24-015109,,0001224962
,0001781174,"Acrivon Therapeutics, Inc.",F4_buy,2024-04-11,0001062993-24-008378,,0001224962
,0001341235,"Aldeyra Therapeutics, Inc.",F4_buy,2024-04-04,0001062993-24-008171,,0001224962
,0001341235,"Aldeyra Therapeutics, Inc.",F4_buy,2024-04-05,0001062993-24-008171,,0001224962
,0001341235,"Aldeyra Therapeutics, Inc.",F4_buy,2024-04-01,0001062993-24-007959,,0001224962
,0001341235,"Aldeyra Therapeutics, Inc.",F4_buy,2024-04-02,0001062993-24-007959,,0001224962
,0001341235,"Aldeyra Therapeutics, Inc.",F4_buy,2024-04-03,0001062993-24-007959,,0001224962
,0001454789,"Astria Therapeutics, Inc.",F4_buy,2024-02-01,0001062993-24-001979,,0001224962
,0001707502,Solid Biosciences Inc.,F4_buy,2024-01-11,0001062993-24-000843,,0001224962
,0001660334,Verrica Pharmaceuticals Inc.,F4_buy,2023-12-27,0001062993-23-023292,,0001224962
,0001660334,Verrica Pharmaceuticals Inc.,F4_buy,2023-12-28,0001062993-23-023292,,0001224962
,0001660334,Verrica Pharmaceuticals Inc.,F4_buy,2023-12-29,0001062993-23-023292,,0001224962
,0001620463,"Athira Pharma, Inc.",F4_buy,2023-12-27,0001062993-23-023291,,0001224962
,0001620463,"Athira Pharma, Inc.",F4_buy,2023-12-28,0001062993-23-023291,,0001224962
,0001620463,"Athira Pharma, Inc.",F4_buy,2023-12-29,0001062993-23-023291,,0001224962
,0001660334,Verrica Pharmaceuticals Inc.,F4_buy,2023-12-21,0000899243-23-020691,,0001224962
,0001660334,Verrica Pharmaceuticals Inc.,F4_buy,2023-12-22,0000899243-23-020691,,0001224962
,0001660334,Verrica Pharmaceuticals Inc.,F4_buy,2023-12-26,0000899243-23-020691,,0001224962
,0001454789,"Astria Therapeutics, Inc.",F4_buy,2023-12-21,0001062993-23-023077,,0001224962
,0001660334,Verrica Pharmaceuticals Inc.,F4_buy,2023-12-15,0001062993-23-022861,,0001224962
,0001660334,Verrica Pharmaceuticals Inc.,F4_buy,2023-12-18,0001062993-23-022861,,0001224962
,0001660334,Verrica Pharmaceuticals Inc.,F4_buy,2023-12-19,0001062993-23-022861,,0001224962
,0001966494,"CARGO Therapeutics, Inc.",F4_buy,2023-11-14,0001062993-23-020811,,0001224962
,0001454789,"Astria Therapeutics, Inc.",F4_buy,2023-10-16,0001062993-23-019533,,0001224962
,0001805387,"Cerevel Therapeutics Holdings, Inc.",F4_buy,2023-10-16,0001062993-23-019470,,0001224962
,0001484565,SOLENO THERAPEUTICS INC,F4_buy,2023-09-26,0001062993-23-018574,,0001224962
,0001484565,SOLENO THERAPEUTICS INC,F4_buy,2023-09-28,0001062993-23-018574,,0001224962
,0001484565,SOLENO THERAPEUTICS INC,F4_buy,2023-06-02,0001062993-23-013027,,0001224962
,0001484565,SOLENO THERAPEUTICS INC,F4_buy,2023-06-05,0001062993-23-013027,,0001224962
,0001484565,SOLENO THERAPEUTICS INC,F4_buy,2023-06-06,0001062993-23-013027,,0001224962
,0001327273,"Lyra Therapeutics, Inc.",F4_buy,2023-05-31,0001062993-23-012744,,0001224962
,0001484565,SOLENO THERAPEUTICS INC,F4_buy,2023-05-30,0001062993-23-012639,,0001224962
,0001484565,SOLENO THERAPEUTICS INC,F4_buy,2023-05-31,0001062993-23-012639,,0001224962
,0001484565,SOLENO THERAPEUTICS INC,F4_buy,2023-06-01,0001062993-23-012639,,0001224962
,0001484565,SOLENO THERAPEUTICS INC,F4_buy,2023-05-24,0000899243-23-013988,,0001224962
,0001484565,SOLENO THERAPEUTICS INC,F4_buy,2023-05-25,0000899243-23-013988,,0001224962
,0001484565,SOLENO THERAPEUTICS INC,F4_buy,2023-05-26,0000899243-23-013988,,0001224962
,0001484565,SOLENO THERAPEUTICS INC,F4_buy,2023-05-19,0000899243-23-013748,,0001224962
,0001484565,SOLENO THERAPEUTICS INC,F4_buy,2023-05-22,0000899243-23-013748,,0001224962
,0001484565,SOLENO THERAPEUTICS INC,F4_buy,2023-05-23,0000899243-23-013748,,0001224962
,0001735438,MeiraGTx Holdings plc,F4_buy,2023-05-05,0000899243-23-013015,,0001224962
,0001092662,"CHEMBIO DIAGNOSTICS, INC.",F4_buy,2023-04-21,0000899243-23-011689,,0001224962
,0001092662,"CHEMBIO DIAGNOSTICS, INC.",F4_buy,2023-04-24,0000899243-23-011689,,0001224962
,0001092662,"CHEMBIO DIAGNOSTICS, INC.",F4_buy,2023-04-25,0000899243-23-011689,,0001224962
,0001092662,"CHEMBIO DIAGNOSTICS, INC.",F4_buy,2023-04-18,0000899243-23-011511,,0001224962
,0001092662,"CHEMBIO DIAGNOSTICS, INC.",F4_buy,2023-04-19,0000899243-23-011511,,0001224962
,0001092662,"CHEMBIO DIAGNOSTICS, INC.",F4_buy,2023-04-20,0000899243-23-011511,,0001224962
,0001092662,"CHEMBIO DIAGNOSTICS, INC.",F4_buy,2023-04-13,0000899243-23-011334,,0001224962
,0001092662,"CHEMBIO DIAGNOSTICS, INC.",F4_buy,2023-04-14,0000899243-23-011334,,0001224962
,0001092662,"CHEMBIO DIAGNOSTICS, INC.",F4_buy,2023-04-17,0000899243-23-011334,,0001224962
,0001092662,"CHEMBIO DIAGNOSTICS, INC.",F4_buy,2023-04-11,0001062993-23-009144,,0001224962
,0001092662,"CHEMBIO DIAGNOSTICS, INC.",F4_buy,2023-04-04,0000899243-23-010947,,0001224962
,0001092662,"CHEMBIO DIAGNOSTICS, INC.",F4_buy,2023-04-05,0000899243-23-010947,,0001224962
,0001092662,"CHEMBIO DIAGNOSTICS, INC.",F4_buy,2023-04-06,0000899243-23-010947,,0001224962
,0001782303,"Boundless Bio, Inc.",F4_buy,2026-07-17,0001178579-26-000017,,0001232621
,0001782303,"Boundless Bio, Inc.",F4_buy,2026-07-20,0001178579-26-000017,,0001232621
,0001782303,"Boundless Bio, Inc.",F4_buy,2026-07-21,0001178579-26-000017,,0001232621
,0001680581,"Fulcrum Therapeutics, Inc.",F4_buy,2026-07-16,0001178579-26-000016,,0001232621
,0001680581,"Fulcrum Therapeutics, Inc.",F4_buy,2026-07-17,0001178579-26-000016,,0001232621
,0001782303,"Boundless Bio, Inc.",F4_buy,2026-07-14,0001178579-26-000015,,0001232621
,0001782303,"Boundless Bio, Inc.",F4_buy,2026-07-15,0001178579-26-000015,,0001232621
,0001782303,"Boundless Bio, Inc.",F4_buy,2026-07-16,0001178579-26-000015,,0001232621
,0001680581,"Fulcrum Therapeutics, Inc.",F4_buy,2026-07-13,0001178579-26-000014,,0001232621
,0001680581,"Fulcrum Therapeutics, Inc.",F4_buy,2026-07-14,0001178579-26-000014,,0001232621
,0001680581,"Fulcrum Therapeutics, Inc.",F4_buy,2026-07-15,0001178579-26-000014,,0001232621
,0001782303,"Boundless Bio, Inc.",F4_buy,2026-07-09,0001178579-26-000011,,0001232621
,0001782303,"Boundless Bio, Inc.",F4_buy,2026-07-10,0001178579-26-000011,,0001232621
,0001782303,"Boundless Bio, Inc.",F4_buy,2026-07-13,0001178579-26-000011,,0001232621
,0001782303,"Boundless Bio, Inc.",F4_buy,2026-07-06,0001178579-26-000010,,0001232621
,0001782303,"Boundless Bio, Inc.",F4_buy,2026-07-07,0001178579-26-000010,,0001232621
,0001782303,"Boundless Bio, Inc.",F4_buy,2026-07-08,0001178579-26-000010,,0001232621
,0001782303,"Boundless Bio, Inc.",F4_buy,2026-06-30,0001178579-26-000009,,0001232621
,0001782303,"Boundless Bio, Inc.",F4_buy,2026-07-01,0001178579-26-000009,,0001232621
,0001782303,"Boundless Bio, Inc.",F4_buy,2026-07-02,0001178579-26-000009,,0001232621
,0001782303,"Boundless Bio, Inc.",F4_buy,2026-06-25,0001178579-26-000008,,0001232621
,0001782303,"Boundless Bio, Inc.",F4_buy,2026-06-26,0001178579-26-000008,,0001232621
,0001782303,"Boundless Bio, Inc.",F4_buy,2026-06-29,0001178579-26-000008,,0001232621
,0001600620,Aurinia Pharmaceuticals Inc.,F4_buy,2026-05-29,0001178579-26-000004,,0001232621
,0001600620,Aurinia Pharmaceuticals Inc.,F4_buy,2026-06-01,0001178579-26-000004,,0001232621
,0001600620,Aurinia Pharmaceuticals Inc.,F4_buy,2026-06-02,0001178579-26-000004,,0001232621
,0001468748,Kodiak Sciences Inc.,F4_buy,2025-12-18,0001193125-25-326820,,0001263508
,0001815442,"Kymera Therapeutics, Inc.",F4_buy,2025-12-11,0001193125-25-315999,,0001263508
,0001689375,"Entrada Therapeutics, Inc.",F4_buy,2025-11-20,0001193125-25-293698,,0001263508
,0001689375,"Entrada Therapeutics, Inc.",F4_buy,2025-11-10,0001193125-25-278038,,0001263508
,0001689375,"Entrada Therapeutics, Inc.",F4_buy,2025-11-11,0001193125-25-278038,,0001263508
,0001689375,"Entrada Therapeutics, Inc.",F4_buy,2025-11-12,0001193125-25-278038,,0001263508
,0001603454,Celcuity Inc.,F4_buy,2025-09-08,0000950170-25-113977,,0001263508
,0001157601,"MADRIGAL PHARMACEUTICALS, INC.",F4_buy,2025-08-18,0000950170-25-110502,,0001263508
,0001157601,"MADRIGAL PHARMACEUTICALS, INC.",F4_buy,2025-08-20,0000950170-25-110502,,0001263508
,0001671927,Immunocore Holdings plc,F4_buy,2025-03-17,0000950170-25-042242,,0001263508
,0001479419,"KALA BIO, Inc.",F4_buy,2024-12-30,0000950170-24-141592,,0001263508
,0001761612,BICYCLE THERAPEUTICS PLC,F4_buy,2024-12-13,0000950170-24-137446,,0001263508
,0001761612,BICYCLE THERAPEUTICS PLC,F4_buy,2024-12-16,0000950170-24-137446,,0001263508
,0001534133,"CalciMedica, Inc.",F4_buy,2024-11-01,0001415889-24-026103,,0001306717
,0001534133,"CalciMedica, Inc.",F4_buy,2024-01-23,0001415889-24-001830,,0001306717
,0001396814,"Pacira Pharmaceuticals, Inc.",F4_buy,2011-02-08,0001181431-11-009280,,0001306717
,0000901823,PUTNAM MANAGED HIGH YIELD TRUST,F4_buy,2006-02-24,0001104659-06-016936,,0001331693
,0000901823,PUTNAM MANAGED HIGH YIELD TRUST,F4_buy,2006-02-27,0001104659-06-016936,,0001331693
,0000901823,PUTNAM MANAGED HIGH YIELD TRUST,F4_buy,2006-02-28,0001104659-06-016936,,0001331693
,0000901823,PUTNAM MANAGED HIGH YIELD TRUST,F4_buy,2006-03-01,0001104659-06-016936,,0001331693
,0000901823,PUTNAM MANAGED HIGH YIELD TRUST,F4_buy,2006-03-02,0001104659-06-016936,,0001331693
,0000901823,PUTNAM MANAGED HIGH YIELD TRUST,F4_buy,2006-03-03,0001104659-06-016936,,0001331693
,0000901823,PUTNAM MANAGED HIGH YIELD TRUST,F4_buy,2006-03-06,0001104659-06-016936,,0001331693
,0000901823,PUTNAM MANAGED HIGH YIELD TRUST,F4_buy,2006-03-07,0001104659-06-016936,,0001331693
,0000901823,PUTNAM MANAGED HIGH YIELD TRUST,F4_buy,2006-03-08,0001104659-06-016936,,0001331693
,0000901823,PUTNAM MANAGED HIGH YIELD TRUST,F4_buy,2006-03-09,0001104659-06-016936,,0001331693
,0000901823,PUTNAM MANAGED HIGH YIELD TRUST,F4_buy,2006-03-10,0001104659-06-016936,,0001331693
,0000901823,PUTNAM MANAGED HIGH YIELD TRUST,F4_buy,2006-03-13,0001104659-06-016936,,0001331693
,0001567892,Keenova Therapeutics plc,F4_buy,2026-05-19,0001193125-26-235195,,0001332784
,0001567892,Keenova Therapeutics plc,F4_buy,2026-05-20,0001193125-26-235195,,0001332784
,0001567892,Keenova Therapeutics plc,F4_buy,2026-04-15,0001193125-26-161818,,0001332784
,0001567892,Keenova Therapeutics plc,F4_buy,2026-04-17,0001193125-26-161818,,0001332784
,0001320695,"TreeHouse Foods, Inc.",F4_buy,2026-02-10,0001193125-26-049393,,0001332784
,0001567892,Keenova Therapeutics plc,F4_buy,2026-01-07,0001193125-26-009126,,0001332784
,0001567892,Keenova Therapeutics plc,F4_buy,2025-12-08,0001193125-25-314511,,0001332784
,0001567892,Keenova Therapeutics plc,F4_buy,2025-11-17,0001193125-25-288480,,0001332784
,0001567892,Keenova Therapeutics plc,F4_buy,2025-11-19,0001193125-25-288480,,0001332784
,0001567892,Keenova Therapeutics plc,F4_buy,2025-11-10,0001193125-25-278319,,0001332784
,0001837671,Copper Property CTL Pass Through Trust,F4_buy,2025-10-21,0001193125-25-248792,,0001332784
,0001837671,Copper Property CTL Pass Through Trust,F4_buy,2025-10-17,0001193125-25-245534,,0001332784
,0001837671,Copper Property CTL Pass Through Trust,F4_buy,2025-08-06,0000950170-25-105991,,0001332784
,0001837671,Copper Property CTL Pass Through Trust,F4_buy,2025-08-04,0000950170-25-104226,,0001332784
,0001837671,Copper Property CTL Pass Through Trust,F4_buy,2025-08-05,0000950170-25-104226,,0001332784
,0001274644,TRANZYME INC,F4_buy,2011-04-06,0001104659-11-018933,,0001335196
,0001375151,"ZOGENIX, INC.",F4_buy,2010-11-29,0001181431-10-058080,,0001335196
,0001294649,"GlobalOptions Group, Inc.",F4_buy,2011-12-01,0001357550-11-000023,,0001357550
,0001294649,"GlobalOptions Group, Inc.",F4_buy,2011-01-11,0001357550-11-000001,,0001357550
,0001294649,"GlobalOptions Group, Inc.",F4_buy,2010-10-27,0001357550-10-000014,,0001357550
,0001417370,Spring Creek Acquisition Corp.,F4_buy,2009-01-14,0001357550-09-000002,,0001357550
,0001113809,BUILD A BEAR WORKSHOP INC,F4_buy,2010-02-18,0001140361-10-007581,,0001373604
,0001113809,BUILD A BEAR WORKSHOP INC,F4_buy,2009-12-15,0001140361-09-029451,,0001373604
,0001113809,BUILD A BEAR WORKSHOP INC,F4_buy,2009-12-03,0001140361-09-028248,,0001373604
,0001113809,BUILD A BEAR WORKSHOP INC,F4_buy,2009-11-23,0001140361-09-027474,,0001373604
,0001113809,BUILD A BEAR WORKSHOP INC,F4_buy,2009-11-24,0001140361-09-027474,,0001373604
,0001417892,Emeren Group Ltd,F4_buy,2024-12-18,0001383838-24-000003,,0001383838
,0001417892,Emeren Group Ltd,F4_buy,2024-12-19,0001383838-24-000003,,0001383838
,0001417892,Emeren Group Ltd,F4_buy,2024-12-12,0001383838-24-000002,,0001383838
,0001417892,Emeren Group Ltd,F4_buy,2024-12-13,0001383838-24-000002,,0001383838
,0001417892,Emeren Group Ltd,F4_buy,2024-09-19,0001383838-24-000001,,0001383838
,0001417892,Emeren Group Ltd,F4_buy,2024-09-20,0001383838-24-000001,,0001383838
,0001417892,Emeren Group Ltd,F4_buy,2024-09-03,0001398344-24-017408,,0001383838
,0001417892,Emeren Group Ltd,F4_buy,2024-09-04,0001398344-24-017408,,0001383838
,0001417892,Emeren Group Ltd,F4_buy,2023-12-11,0001383838-23-000020,,0001383838
,0001417892,Emeren Group Ltd,F4_buy,2023-12-12,0001383838-23-000020,,0001383838
,0001417892,Emeren Group Ltd,F4_buy,2023-12-01,0001383838-23-000019,,0001383838
,0001417892,Emeren Group Ltd,F4_buy,2023-12-05,0001383838-23-000019,,0001383838
,0001417892,Emeren Group Ltd,F4_buy,2023-11-27,0001383838-23-000018,,0001383838
,0001417892,Emeren Group Ltd,F4_buy,2023-11-28,0001383838-23-000018,,0001383838
,0001417892,Emeren Group Ltd,F4_buy,2023-11-22,0001383838-23-000017,,0001383838
,0001417892,Emeren Group Ltd,F4_buy,2023-11-24,0001383838-23-000017,,0001383838
,0001417892,Emeren Group Ltd,F4_buy,2023-09-21,0001383838-23-000015,,0001383838
,0001417892,Emeren Group Ltd,F4_buy,2023-09-22,0001383838-23-000015,,0001383838
,0001417892,Emeren Group Ltd,F4_buy,2023-09-19,0001383838-23-000014,,0001383838
,0001417892,Emeren Group Ltd,F4_buy,2023-09-15,0001383838-23-000013,,0001383838
,0001417892,Emeren Group Ltd,F4_buy,2023-09-18,0001383838-23-000013,,0001383838
,0001417892,Emeren Group Ltd,F4_buy,2023-09-13,0001383838-23-000012,,0001383838
,0001417892,Emeren Group Ltd,F4_buy,2023-09-06,0001383838-23-000011,,0001383838
,0001417892,Emeren Group Ltd,F4_buy,2023-09-07,0001383838-23-000011,,0001383838
,0001417892,Emeren Group Ltd,F4_buy,2023-09-08,0001383838-23-000011,,0001383838
,0001417892,Emeren Group Ltd,F4_buy,2023-09-01,0001383838-23-000010,,0001383838
,0001417892,Emeren Group Ltd,F4_buy,2023-06-23,0001383838-23-000006,,0001383838
,0001417892,Emeren Group Ltd,F4_buy,2023-06-12,0001383838-23-000005,,0001383838
,0001417892,Emeren Group Ltd,F4_buy,2023-06-08,0001383838-23-000004,,0001383838
,0001417892,ReneSola Ltd,F4_buy,2022-12-28,0001383838-22-000012,,0001383838
,0001417892,ReneSola Ltd,F4_buy,2022-12-14,0001383838-22-000011,,0001383838
,0001417892,ReneSola Ltd,F4_buy,2022-12-15,0001383838-22-000011,,0001383838
,0001417892,ReneSola Ltd,F4_buy,2022-06-29,0001383838-22-000008,,0001383838
,0001417892,ReneSola Ltd,F4_buy,2022-06-21,0001383838-22-000007,,0001383838
,0001417892,ReneSola Ltd,F4_buy,2022-06-22,0001383838-22-000007,,0001383838
,0001417892,ReneSola Ltd,F4_buy,2022-06-13,0001383838-22-000005,,0001383838
,0001417892,ReneSola Ltd,F4_buy,2022-06-14,0001383838-22-000005,,0001383838
,0001417892,ReneSola Ltd,F4_buy,2021-09-20,0001383838-21-000009,,0001383838
,0001417892,ReneSola Ltd,F4_buy,2021-09-16,0001383838-21-000008,,0001383838
,0001417892,ReneSola Ltd,F4_buy,2021-09-08,0001383838-21-000007,,0001383838
,0001417892,ReneSola Ltd,F4_buy,2020-03-23,0001383838-20-000005,,0001383838
,0001417892,ReneSola Ltd,F4_buy,2020-03-19,0001383838-20-000004,,0001383838
,0001417892,ReneSola Ltd,F4_buy,2019-12-30,0001383838-20-000001,,0001383838
,0001417892,ReneSola Ltd,F4_buy,2019-12-31,0001383838-20-000001,,0001383838
,0001417892,ReneSola Ltd,F4_buy,2019-12-23,0001383838-19-000010,,0001383838
,0001360530,"Vitamin Shoppe, Inc.",F4_buy,2018-04-02,0001383838-18-000007,,0001383838
,0001360530,"Vitamin Shoppe, Inc.",F4_buy,2018-02-05,0001383838-18-000005,,0001383838
,0001360530,"Vitamin Shoppe, Inc.",F4_buy,2018-02-01,0001383838-18-000003,,0001383838
,0001360530,"Vitamin Shoppe, Inc.",F4_buy,2018-01-02,0001383838-18-000003,,0001383838
,0001360530,"Vitamin Shoppe, Inc.",F4_buy,2018-02-02,0001383838-18-000003,,0001383838
,0001344376,AEGEAN MARINE PETROLEUM NETWORK INC.,F4_buy,2017-12-29,0000921895-18-000334,,0001383838
,0001344376,AEGEAN MARINE PETROLEUM NETWORK INC.,F4_buy,2018-01-31,0000921895-18-000334,,0001383838
,0001499494,China Xiniya Fashion Ltd,F4_buy,2016-05-23,0001383838-16-000025,,0001383838
,0001030471,UTSTARCOM HOLDINGS CORP.,F4_buy,2014-03-25,0001383838-14-000016,,0001383838
,0001030471,UTSTARCOM HOLDINGS CORP.,F4_buy,2014-01-17,0001383838-14-000003,,0001383838
,0000716823,MILACRON INC,F4_buy,2008-05-23,0001383838-08-000029,,0001383838
,0000716823,MILACRON INC,F4_buy,2008-04-25,0001383838-08-000023,,0001383838
,0000716823,MILACRON INC,F4_buy,2008-04-24,0001383838-08-000022,,0001383838
,0000716823,MILACRON INC,F4_buy,2008-04-03,0001383838-08-000021,,0001383838
,0000716823,MILACRON INC,F4_buy,2008-04-01,0001383838-08-000020,,0001383838
,0000716823,MILACRON INC,F4_buy,2008-03-31,0001383838-08-000019,,0001383838
,0000716823,MILACRON INC,F4_buy,2008-03-18,0001383838-08-000018,,0001383838
,0000716823,MILACRON INC,F4_buy,2008-03-17,0001383838-08-000017,,0001383838
,0000716823,MILACRON INC,F4_buy,2008-03-04,0001383838-08-000016,,0001383838
,0000716823,MILACRON INC,F4_buy,2008-03-03,0001383838-08-000015,,0001383838
,0000716823,MILACRON INC,F4_buy,2008-02-22,0001383838-08-000011,,0001383838
,0000716823,MILACRON INC,F4_buy,2008-02-07,0001383838-08-000010,,0001383838
,0000716823,MILACRON INC,F4_buy,2008-02-06,0001383838-08-000009,,0001383838
,0001501796,"Aura Biosciences, Inc.",F4_buy,2023-11-09,0000902664-23-005429,,0001410830
,0001725160,"Zentalis Pharmaceuticals, Inc.",F4_buy,2023-06-20,0000902664-23-003642,,0001410830
,0001501796,"Aura Biosciences, Inc.",F4_buy,2022-12-05,0000902664-22-005061,,0001410830
,0001501796,"Aura Biosciences, Inc.",F4_buy,2021-11-02,0000902664-21-004738,,0001410830
,0001531048,"Inari Medical, Inc.",F4_buy,2020-05-27,0001548538-20-000010,,0001440514
,0001819133,"Tango Therapeutics, Inc.",F4_buy,2023-10-13,0000895345-23-000588,,0001465837
,0001819133,"Tango Therapeutics, Inc.",F4_buy,2023-10-16,0000895345-23-000588,,0001465837
,0001576263,"Mirati Therapeutics, Inc.",F4_buy,2023-08-11,0000895345-23-000500,,0001465837
,0001819133,"Tango Therapeutics, Inc.",F4_buy,2023-08-11,0000895345-23-000498,,0001465837
,0001819133,"Tango Therapeutics, Inc.",F4_buy,2022-10-11,0000899243-22-033595,,0001465837
,0001819133,"Tango Therapeutics, Inc.",F4_buy,2022-10-12,0000899243-22-033595,,0001465837
,0001819133,"Tango Therapeutics, Inc.",F4_buy,2022-10-13,0000899243-22-033595,,0001465837
,0001819133,"Tango Therapeutics, Inc.",F4_buy,2022-10-04,0000899243-22-033177,,0001465837
,0001819133,"Tango Therapeutics, Inc.",F4_buy,2022-10-05,0000899243-22-033177,,0001465837
,0001819133,"Tango Therapeutics, Inc.",F4_buy,2022-10-06,0000899243-22-033177,,0001465837
,0001863127,"Tyra Biosciences, Inc.",F4_buy,2021-12-17,0000899243-21-049181,,0001465837
,0001863127,"Tyra Biosciences, Inc.",F4_buy,2021-09-17,0000899243-21-036419,,0001465837
,0001724979,Rain Therapeutics Inc.,F4_buy,2021-04-23,0000899243-21-017120,,0001465837
,0001724979,Rain Therapeutics Inc.,F4_buy,2021-04-27,0000899243-21-017120,,0001465837
,0001717452,"Odonate Therapeutics, Inc.",F4_buy,2020-12-28,0000899243-20-035535,,0001465837
,0001717452,"Odonate Therapeutics, Inc.",F4_buy,2020-12-30,0000899243-20-035535,,0001465837
,0001699382,"PMV Pharmaceuticals, Inc.",F4_buy,2020-09-25,0001209191-20-052341,,0001465837
,0001717452,"Odonate Therapeutics, Inc.",F4_buy,2020-09-04,0000899243-20-024780,,0001465837
,0001717452,"Odonate Therapeutics, Inc.",F4_buy,2020-09-08,0000899243-20-024780,,0001465837
,0001717452,"Odonate Therapeutics, Inc.",F4_buy,2020-09-09,0000899243-20-024780,,0001465837
,0001808865,"iTeos Therapeutics, Inc.",F4_buy,2020-07-28,0000899243-20-020687,,0001465837
,0001807901,"Pandion Therapeutics, Inc.",F4_buy,2020-07-21,0000899243-20-019894,,0001465837
,0001576263,"Mirati Therapeutics, Inc.",F4_buy,2020-01-10,0000899243-20-001161,,0001465837
,0001576263,"Mirati Therapeutics, Inc.",F4_buy,2019-01-17,0000899243-19-001646,,0001465837
,0001576263,"Mirati Therapeutics, Inc.",F4_buy,2018-06-07,0000899243-18-016029,,0001465837
,0001717452,"Odonate Therapeutics, Inc.",F4_buy,2018-03-22,0000899243-18-008514,,0001465837
,0001717452,"Odonate Therapeutics, Inc.",F4_buy,2018-03-23,0000899243-18-008514,,0001465837
,0001717452,"Odonate Therapeutics, Inc.",F4_buy,2018-03-26,0000899243-18-008514,,0001465837
,0001717452,"Odonate Therapeutics, Inc.",F4_buy,2017-12-06,0000899243-17-028261,,0001465837
,0001576263,"Mirati Therapeutics, Inc.",F4_buy,2017-11-16,0000899243-17-026986,,0001465837
,0001576263,"Mirati Therapeutics, Inc.",F4_buy,2017-01-06,0000899243-17-000987,,0001465837
,0001576263,"Mirati Therapeutics, Inc.",F4_buy,2015-09-16,0000899243-15-005055,,0001465837
,0001576263,"Mirati Therapeutics, Inc.",F4_buy,2015-01-29,0001209191-15-008285,,0001465837
,0001576263,"Mirati Therapeutics, Inc.",F4_buy,2013-10-24,0001181431-13-055312,,0001465837
,0001563855,SOPHIRIS BIO INC.,F4_buy,2013-08-16,0001181431-13-045728,,0001465837
,0001025315,24HOLDINGS INC,F4_buy,2013-05-09,0001209191-13-026319,,0001481867
,0001262104,"MEI Pharma, Inc.",F4_buy,2023-09-22,0000921895-23-002232,,0001491072
,0001262104,"MEI Pharma, Inc.",F4_buy,2023-09-20,0001193805-23-001317,,0001491072
,0001262104,"MEI Pharma, Inc.",F4_buy,2023-09-21,0001193805-23-001317,,0001491072
,0001055454,SCHOOL SPECIALTY INC,F4_buy,2016-11-22,0000899243-16-034388,,0001491072
,0001072725,GOLD RESERVE LTD,F4_buy,2025-04-24,0001641172-25-006457,,0001516478
,0001072725,GOLD RESERVE LTD,F4_buy,2025-04-03,0001641172-25-003063,,0001516478
,0001072725,GOLD RESERVE LTD,F4_buy,2025-04-04,0001641172-25-003063,,0001516478
,0001072725,GOLD RESERVE LTD,F4_buy,2025-04-07,0001641172-25-003063,,0001516478
,0001072725,GOLD RESERVE LTD,F4_buy,2025-03-27,0001641172-25-001916,,0001516478
,0001072725,GOLD RESERVE LTD,F4_buy,2025-03-28,0001641172-25-001916,,0001516478
,0001072725,GOLD RESERVE LTD,F4_buy,2025-03-21,0001641172-25-000389,,0001516478
,0001072725,GOLD RESERVE LTD,F4_buy,2025-03-24,0001641172-25-000389,,0001516478
,0001072725,GOLD RESERVE LTD,F4_buy,2025-03-12,0001493152-25-010432,,0001516478
,0001072725,GOLD RESERVE LTD,F4_buy,2025-03-13,0001493152-25-010432,,0001516478
,0001072725,GOLD RESERVE LTD,F4_buy,2025-03-06,0001493152-25-009743,,0001516478
,0001072725,GOLD RESERVE LTD,F4_buy,2025-03-07,0001493152-25-009743,,0001516478
,0001072725,GOLD RESERVE LTD,F4_buy,2025-03-10,0001493152-25-009743,,0001516478
,0001072725,GOLD RESERVE LTD,F4_buy,2025-02-04,0001493152-25-005225,,0001516478
,0001072725,GOLD RESERVE LTD,F4_buy,2025-01-22,0001493152-25-003476,,0001516478
,0001841330,Pasithea Therapeutics Corp.,F4_buy,2022-09-28,0001209191-22-051650,,0001516478
,0001841330,Pasithea Therapeutics Corp.,F4_buy,2022-09-29,0001209191-22-051650,,0001516478
,0001841330,Pasithea Therapeutics Corp.,F4_buy,2022-09-01,0001209191-22-048789,,0001516478
,0001841330,Pasithea Therapeutics Corp.,F4_buy,2022-09-02,0001209191-22-048789,,0001516478
,0001841330,Pasithea Therapeutics Corp.,F4_buy,2022-09-06,0001209191-22-048789,,0001516478
,0001841330,Pasithea Therapeutics Corp.,F4_buy,2022-08-29,0001209191-22-048135,,0001516478
,0001841330,Pasithea Therapeutics Corp.,F4_buy,2022-08-30,0001209191-22-048135,,0001516478
,0001841330,Pasithea Therapeutics Corp.,F4_buy,2022-08-17,0001493152-22-023502,,0001516478
,0001667489,Liberated Syndication Inc.,F4_buy,2021-11-24,0001867498-21-000003,,0001516478
,0001279715,"Wright Investors Service Holdings, Inc.",F4_buy,2019-07-29,0001250853-19-000095,,0001531612
,0001279715,"Wright Investors Service Holdings, Inc.",F4_buy,2019-07-12,0001250853-19-000086,,0001531612
,0000844161,CHEROKEE INC,F4_buy,2018-09-28,0001667731-18-000228,,0001531612
,0001818331,GeneDx Holdings Corp.,F4_buy,2026-06-04,0000919574-26-003907,,0001534261
,0001818331,GeneDx Holdings Corp.,F4_buy,2026-06-05,0000919574-26-003907,,0001534261
,0001818331,GeneDx Holdings Corp.,F4_buy,2026-05-18,0000919574-26-003627,,0001534261
,0001818331,GeneDx Holdings Corp.,F4_buy,2026-05-19,0000919574-26-003627,,0001534261
,0001818331,GeneDx Holdings Corp.,F4_buy,2026-05-20,0000919574-26-003627,,0001534261
,0001162194,STANDARD BIOTOOLS INC.,F4_buy,2025-12-02,0000919574-25-007243,,0001534261
,0001162194,STANDARD BIOTOOLS INC.,F4_buy,2025-12-03,0000919574-25-007243,,0001534261
,0001162194,STANDARD BIOTOOLS INC.,F4_buy,2025-12-04,0000919574-25-007243,,0001534261
,0001162194,STANDARD BIOTOOLS INC.,F4_buy,2025-11-24,0000919574-25-007187,,0001534261
,0001162194,STANDARD BIOTOOLS INC.,F4_buy,2025-11-25,0000919574-25-007187,,0001534261
,0001162194,STANDARD BIOTOOLS INC.,F4_buy,2025-11-18,0000919574-25-007124,,0001534261
,0001162194,STANDARD BIOTOOLS INC.,F4_buy,2025-11-19,0000919574-25-007124,,0001534261
,0001162194,STANDARD BIOTOOLS INC.,F4_buy,2025-11-20,0000919574-25-007124,,0001534261
,0001162194,STANDARD BIOTOOLS INC.,F4_buy,2025-11-13,0000919574-25-007087,,0001534261
,0001162194,STANDARD BIOTOOLS INC.,F4_buy,2025-11-14,0000919574-25-007087,,0001534261
,0001162194,STANDARD BIOTOOLS INC.,F4_buy,2025-11-17,0000919574-25-007087,,0001534261
,0001162194,STANDARD BIOTOOLS INC.,F4_buy,2025-11-07,0000919574-25-006597,,0001534261
,0001162194,STANDARD BIOTOOLS INC.,F4_buy,2025-11-10,0000919574-25-006597,,0001534261
,0001162194,STANDARD BIOTOOLS INC.,F4_buy,2025-11-11,0000919574-25-006597,,0001534261
,0001162194,STANDARD BIOTOOLS INC.,F4_buy,2025-11-12,0000919574-25-006597,,0001534261
,0001162194,STANDARD BIOTOOLS INC.,F4_buy,2025-09-09,0000919574-25-005636,,0001534261
,0001162194,STANDARD BIOTOOLS INC.,F4_buy,2025-09-03,0000919574-25-005603,,0001534261
,0001162194,STANDARD BIOTOOLS INC.,F4_buy,2025-09-04,0000919574-25-005603,,0001534261
,0001162194,STANDARD BIOTOOLS INC.,F4_buy,2025-08-22,0000919574-25-005152,,0001534261
,0001162194,STANDARD BIOTOOLS INC.,F4_buy,2025-08-25,0000919574-25-005152,,0001534261
,0001162194,STANDARD BIOTOOLS INC.,F4_buy,2025-08-26,0000919574-25-005152,,0001534261
,0001162194,STANDARD BIOTOOLS INC.,F4_buy,2025-08-13,0000919574-25-004979,,0001534261
,0001162194,STANDARD BIOTOOLS INC.,F4_buy,2025-08-14,0000919574-25-004979,,0001534261
,0001162194,STANDARD BIOTOOLS INC.,F4_buy,2025-08-15,0000919574-25-004979,,0001534261
,0001162194,STANDARD BIOTOOLS INC.,F4_buy,2025-02-28,0000919574-25-001777,,0001534261
,0001162194,STANDARD BIOTOOLS INC.,F4_buy,2024-08-27,0000919574-24-005134,,0001534261
,0001162194,STANDARD BIOTOOLS INC.,F4_buy,2024-08-22,0000919574-24-004878,,0001534261
,0001162194,STANDARD BIOTOOLS INC.,F4_buy,2024-08-23,0000919574-24-004878,,0001534261
,0001162194,STANDARD BIOTOOLS INC.,F4_buy,2024-08-26,0000919574-24-004878,,0001534261
,0001162194,STANDARD BIOTOOLS INC.,F4_buy,2024-08-19,0000919574-24-004812,,0001534261
,0001162194,STANDARD BIOTOOLS INC.,F4_buy,2024-08-20,0000919574-24-004812,,0001534261
,0001162194,STANDARD BIOTOOLS INC.,F4_buy,2024-08-21,0000919574-24-004812,,0001534261
,0001162194,STANDARD BIOTOOLS INC.,F4_buy,2024-08-14,0000919574-24-004802,,0001534261
,0001162194,STANDARD BIOTOOLS INC.,F4_buy,2024-08-09,0000919574-24-004593,,0001534261
,0001162194,STANDARD BIOTOOLS INC.,F4_buy,2024-08-12,0000919574-24-004593,,0001534261
,0001162194,STANDARD BIOTOOLS INC.,F4_buy,2024-08-13,0000919574-24-004593,,0001534261
,0001162194,STANDARD BIOTOOLS INC.,F4_buy,2024-08-07,0000919574-24-004339,,0001534261
,0001162194,STANDARD BIOTOOLS INC.,F4_buy,2024-08-08,0000919574-24-004339,,0001534261
,0001162194,STANDARD BIOTOOLS INC.,F4_buy,2024-08-02,0000919574-24-004280,,0001534261
,0001162194,STANDARD BIOTOOLS INC.,F4_buy,2024-08-05,0000919574-24-004280,,0001534261
,0001818331,GeneDx Holdings Corp.,F4_buy,2024-06-03,0000919574-24-003510,,0001534261
,0001818331,GeneDx Holdings Corp.,F4_buy,2024-06-04,0000919574-24-003510,,0001534261
,0001818331,GeneDx Holdings Corp.,F4_buy,2024-05-29,0000919574-24-003432,,0001534261
,0001162194,STANDARD BIOTOOLS INC.,F4_buy,2024-05-23,0000919574-24-003356,,0001534261
,0001818331,GeneDx Holdings Corp.,F4_buy,2024-05-23,0000919574-24-003355,,0001534261
,0001818331,GeneDx Holdings Corp.,F4_buy,2024-05-24,0000919574-24-003355,,0001534261
,0001818331,GeneDx Holdings Corp.,F4_buy,2024-05-28,0000919574-24-003355,,0001534261
,0001162194,STANDARD BIOTOOLS INC.,F4_buy,2024-05-20,0000919574-24-003308,,0001534261
,0001162194,STANDARD BIOTOOLS INC.,F4_buy,2024-05-21,0000919574-24-003308,,0001534261
,0001162194,STANDARD BIOTOOLS INC.,F4_buy,2024-05-22,0000919574-24-003308,,0001534261
,0001162194,STANDARD BIOTOOLS INC.,F4_buy,2024-05-15,0000919574-24-003252,,0001534261
,0001162194,STANDARD BIOTOOLS INC.,F4_buy,2024-05-16,0000919574-24-003252,,0001534261
,0001162194,STANDARD BIOTOOLS INC.,F4_buy,2024-05-17,0000919574-24-003252,,0001534261
,0001818331,GeneDx Holdings Corp.,F4_buy,2024-05-13,0000919574-24-003212,,0001534261
,0001860782,"2seventy bio, Inc.",F4_buy,2024-03-26,0000919574-24-002241,,0001534261
,0001860782,"2seventy bio, Inc.",F4_buy,2024-03-21,0000919574-24-002176,,0001534261
,0001860782,"2seventy bio, Inc.",F4_buy,2024-03-22,0000919574-24-002176,,0001534261
,0001860782,"2seventy bio, Inc.",F4_buy,2024-03-25,0000919574-24-002176,,0001534261
,0001818331,GeneDx Holdings Corp.,F4_buy,2024-03-04,0000919574-24-001889,,0001534261
,0001818331,GeneDx Holdings Corp.,F4_buy,2024-03-05,0000919574-24-001889,,0001534261
,0001162194,STANDARD BIOTOOLS INC.,F4_buy,2024-03-04,0000919574-24-001888,,0001534261
,0001162194,STANDARD BIOTOOLS INC.,F4_buy,2024-03-05,0000919574-24-001888,,0001534261
,0000834365,BIOLIFE SOLUTIONS INC,F4_buy,2023-10-19,0000919574-23-005783,,0001534261
,0000834365,BIOLIFE SOLUTIONS INC,F4_buy,2023-08-09,0000919574-23-004543,,0001534261
,0000834365,BIOLIFE SOLUTIONS INC,F4_buy,2023-05-19,0000919574-23-003449,,0001534261
,0000834365,BIOLIFE SOLUTIONS INC,F4_buy,2023-05-22,0000919574-23-003449,,0001534261
,0001162194,STANDARD BIOTOOLS INC.,F4_buy,2023-05-17,0000919574-23-003425,,0001534261
,0001162194,STANDARD BIOTOOLS INC.,F4_buy,2023-05-18,0000919574-23-003425,,0001534261
,0001162194,STANDARD BIOTOOLS INC.,F4_buy,2023-05-19,0000919574-23-003425,,0001534261
,0000834365,BIOLIFE SOLUTIONS INC,F4_buy,2023-05-16,0000919574-23-003408,,0001534261
,0000834365,BIOLIFE SOLUTIONS INC,F4_buy,2023-05-17,0000919574-23-003408,,0001534261
,0000834365,BIOLIFE SOLUTIONS INC,F4_buy,2023-05-18,0000919574-23-003408,,0001534261
,0001858848,"Tenaya Therapeutics, Inc.",F4_buy,2022-11-17,0000919574-22-006902,,0001534261
,0001858848,"Tenaya Therapeutics, Inc.",F4_buy,2021-08-03,0001209191-21-049765,,0001534261
,0001287098,"MAXCYTE, INC.",F4_buy,2021-07-30,0000919574-21-004808,,0001534261
,0001672688,Absci Corp,F4_buy,2021-07-26,0001628280-21-014732,,0001534261
,0000834365,BIOLIFE SOLUTIONS INC,F4_buy,2020-11-24,0000919574-20-007362,,0001534261
,0000834365,BIOLIFE SOLUTIONS INC,F4_buy,2020-07-01,0000919574-20-004430,,0001534261
,0000834365,BIOLIFE SOLUTIONS INC,F4_buy,2020-07-02,0000919574-20-004430,,0001534261
,0001707502,Solid Biosciences Inc.,F4_buy,2025-02-18,0000902664-25-001114,,0001535978
,0000849146,Lifevantage Corp,F4_buy,2023-08-23,0000921895-23-002084,,0001554334
,0000849146,Lifevantage Corp,F4_buy,2023-08-24,0000921895-23-002084,,0001554334
,0000849146,Lifevantage Corp,F4_buy,2023-08-25,0000921895-23-002084,,0001554334
,0001755237,"Cyclerion Therapeutics, Inc.",F4_buy,2021-06-03,0000902664-21-003032,,0001559706
,0001274792,MERRIMACK PHARMACEUTICALS INC,F4_buy,2023-01-12,0000899243-23-001838,,0001569241
,0001274792,MERRIMACK PHARMACEUTICALS INC,F4_buy,2022-12-30,0000899243-23-000580,,0001569241
,0001274792,MERRIMACK PHARMACEUTICALS INC,F4_buy,2023-01-03,0000899243-23-000580,,0001569241
,0001274792,MERRIMACK PHARMACEUTICALS INC,F4_buy,2022-07-13,0000899243-22-026124,,0001569241
,0001274792,MERRIMACK PHARMACEUTICALS INC,F4_buy,2022-07-11,0000899243-22-026020,,0001569241
,0001274792,MERRIMACK PHARMACEUTICALS INC,F4_buy,2022-07-12,0000899243-22-026020,,0001569241
,0001274792,MERRIMACK PHARMACEUTICALS INC,F4_buy,2022-07-07,0000899243-22-025909,,0001569241
,0001274792,MERRIMACK PHARMACEUTICALS INC,F4_buy,2022-07-08,0000899243-22-025909,,0001569241
,0001274792,MERRIMACK PHARMACEUTICALS INC,F4_buy,2022-06-30,0000899243-22-024972,,0001569241
,0001274792,MERRIMACK PHARMACEUTICALS INC,F4_buy,2022-06-23,0000899243-22-024187,,0001569241
,0001274792,MERRIMACK PHARMACEUTICALS INC,F4_buy,2022-06-24,0000899243-22-024187,,0001569241
,0001274792,MERRIMACK PHARMACEUTICALS INC,F4_buy,2022-06-16,0000899243-22-023332,,0001569241
,0001274792,MERRIMACK PHARMACEUTICALS INC,F4_buy,2022-06-17,0000899243-22-023332,,0001569241
,0001274792,MERRIMACK PHARMACEUTICALS INC,F4_buy,2022-06-14,0000899243-22-022785,,0001569241
,0001274792,MERRIMACK PHARMACEUTICALS INC,F4_buy,2022-06-15,0000899243-22-022785,,0001569241
,0001274792,MERRIMACK PHARMACEUTICALS INC,F4_buy,2022-06-10,0000899243-22-022373,,0001569241
,0001274792,MERRIMACK PHARMACEUTICALS INC,F4_buy,2022-06-13,0000899243-22-022373,,0001569241
,0000075488,PACIFIC GAS &amp; ELECTRIC Co,F4_buy,2022-04-05,0000905718-22-000555,,0001569241
,0000075488,PACIFIC GAS &amp; ELECTRIC Co,F4_buy,2022-02-10,0000905718-22-000449,,0001569241
,0000075488,PACIFIC GAS &amp; ELECTRIC Co,F4_buy,2022-02-11,0000905718-22-000449,,0001569241
,0000075488,PACIFIC GAS &amp; ELECTRIC Co,F4_buy,2022-02-15,0000905718-22-000449,,0001569241
,0000075488,PACIFIC GAS &amp; ELECTRIC Co,F4_buy,2022-02-16,0000905718-22-000449,,0001569241
,0001274792,MERRIMACK PHARMACEUTICALS INC,F4_buy,2022-01-28,0000899243-22-003837,,0001569241
,0001274792,MERRIMACK PHARMACEUTICALS INC,F4_buy,2022-01-31,0000899243-22-003837,,0001569241
,0001274792,MERRIMACK PHARMACEUTICALS INC,F4_buy,2022-01-26,0000899243-22-003553,,0001569241
,0001274792,MERRIMACK PHARMACEUTICALS INC,F4_buy,2022-01-27,0000899243-22-003553,,0001569241
,0001274792,MERRIMACK PHARMACEUTICALS INC,F4_buy,2022-01-10,0000899243-22-001744,,0001569241
,0001274792,MERRIMACK PHARMACEUTICALS INC,F4_buy,2022-01-11,0000899243-22-001744,,0001569241
,0001274792,MERRIMACK PHARMACEUTICALS INC,F4_buy,2022-01-07,0000899243-22-001470,,0001569241
,0001735707,Garrett Motion Inc.,F4_buy,2021-01-04,0000899243-21-001417,,0001569241
,0001735707,Garrett Motion Inc.,F4_buy,2021-01-06,0000899243-21-001417,,0001569241
,0001735707,Garrett Motion Inc.,F4_buy,2021-01-07,0000899243-21-001417,,0001569241
,0001735707,Garrett Motion Inc.,F4_buy,2021-01-08,0000899243-21-001417,,0001569241
,0001274792,MERRIMACK PHARMACEUTICALS INC,F4_buy,2020-12-01,0000899243-20-032668,,0001569241
,0001274792,MERRIMACK PHARMACEUTICALS INC,F4_buy,2020-11-24,0000899243-20-032258,,0001569241
,0001274792,MERRIMACK PHARMACEUTICALS INC,F4_buy,2020-11-12,0000899243-20-031115,,0001569241
,0001080014,"Innoviva, Inc.",F4_buy,2023-06-15,0000899140-23-000758,,0001577524
,0001080014,"Innoviva, Inc.",F4_buy,2023-06-05,0000899140-23-000730,,0001577524
,0001080014,"Innoviva, Inc.",F4_buy,2023-06-06,0000899140-23-000730,,0001577524
,0001080014,"Innoviva, Inc.",F4_buy,2023-05-25,0000899140-23-000696,,0001577524
,0001080014,"Innoviva, Inc.",F4_buy,2023-05-26,0000899140-23-000696,,0001577524
,0001080014,"Innoviva, Inc.",F4_buy,2023-05-30,0000899140-23-000696,,0001577524
,0001080014,"Innoviva, Inc.",F4_buy,2023-05-17,0000899140-23-000667,,0001577524
,0001080014,"Innoviva, Inc.",F4_buy,2023-05-18,0000899140-23-000667,,0001577524
,0001080014,"Innoviva, Inc.",F4_buy,2023-05-11,0000899140-23-000656,,0001577524
,0001446847,IRONWOOD PHARMACEUTICALS INC,F4_buy,2021-03-08,0001567619-21-006050,,0001577524
,0001446847,IRONWOOD PHARMACEUTICALS INC,F4_buy,2021-03-10,0001567619-21-006050,,0001577524
,0001446847,IRONWOOD PHARMACEUTICALS INC,F4_buy,2021-03-03,0001567619-21-005770,,0001577524
,0001446847,IRONWOOD PHARMACEUTICALS INC,F4_buy,2021-03-04,0001567619-21-005770,,0001577524
,0001446847,IRONWOOD PHARMACEUTICALS INC,F4_buy,2021-03-05,0001567619-21-005770,,0001577524
,0001017491,"APRICUS BIOSCIENCES, INC.",F4_buy,2017-08-31,0001140361-17-034162,,0001577524
,0001017491,"APRICUS BIOSCIENCES, INC.",F4_buy,2016-03-03,0001140361-16-056843,,0001577524
,0001017491,"APRICUS BIOSCIENCES, INC.",F4_buy,2016-01-12,0001104659-16-089929,,0001577524
,0001604464,"Atara Biotherapeutics, Inc.",F4_buy,2026-05-07,0000935836-26-000239,,0001587114
,0002035832,"Aktis Oncology, Inc.",F4_buy,2026-01-12,0000935836-26-000031,,0001587114
,0001937653,Zymeworks Inc.,F4_buy,2025-05-15,0000935836-25-000389,,0001587114
,0001937653,Zymeworks Inc.,F4_buy,2025-05-19,0000935836-25-000389,,0001587114
,0001808865,"iTeos Therapeutics, Inc.",F4_buy,2025-05-14,0000935836-25-000384,,0001587114
,0001808865,"iTeos Therapeutics, Inc.",F4_buy,2025-05-15,0000935836-25-000384,,0001587114
,0001937653,Zymeworks Inc.,F4_buy,2025-04-16,0000935836-25-000292,,0001587114
,0001937653,Zymeworks Inc.,F4_buy,2025-04-17,0000935836-25-000292,,0001587114
,0001937653,Zymeworks Inc.,F4_buy,2025-04-03,0000935836-25-000266,,0001587114
,0001937653,Zymeworks Inc.,F4_buy,2025-04-04,0000935836-25-000266,,0001587114
,0001937653,Zymeworks Inc.,F4_buy,2025-03-31,0000935836-25-000259,,0001587114
,0001937653,Zymeworks Inc.,F4_buy,2025-04-01,0000935836-25-000259,,0001587114
,0001937653,Zymeworks Inc.,F4_buy,2025-04-02,0000935836-25-000259,,0001587114
,0001937653,Zymeworks Inc.,F4_buy,2025-03-25,0000935836-25-000253,,0001587114
,0001937653,Zymeworks Inc.,F4_buy,2025-03-26,0000935836-25-000253,,0001587114
,0001937653,Zymeworks Inc.,F4_buy,2025-03-20,0000935836-25-000245,,0001587114
,0001937653,Zymeworks Inc.,F4_buy,2025-03-21,0000935836-25-000245,,0001587114
,0001937653,Zymeworks Inc.,F4_buy,2025-03-24,0000935836-25-000245,,0001587114
,0001937653,Zymeworks Inc.,F4_buy,2025-03-17,0000935836-25-000239,,0001587114
,0001937653,Zymeworks Inc.,F4_buy,2025-03-18,0000935836-25-000239,,0001587114
,0001937653,Zymeworks Inc.,F4_buy,2025-03-19,0000935836-25-000239,,0001587114
,0001937653,Zymeworks Inc.,F4_buy,2025-03-11,0000935836-25-000225,,0001587114
,0001937653,Zymeworks Inc.,F4_buy,2025-03-12,0000935836-25-000225,,0001587114
,0001937653,Zymeworks Inc.,F4_buy,2025-03-13,0000935836-25-000225,,0001587114
,0001937653,Zymeworks Inc.,F4_buy,2025-01-16,0000935836-25-000074,,0001587114
,0001937653,Zymeworks Inc.,F4_buy,2025-01-17,0000935836-25-000074,,0001587114
,0001937653,Zymeworks Inc.,F4_buy,2025-01-13,0000935836-25-000067,,0001587114
,0001937653,Zymeworks Inc.,F4_buy,2025-01-14,0000935836-25-000067,,0001587114
,0001937653,Zymeworks Inc.,F4_buy,2025-01-15,0000935836-25-000067,,0001587114
,0001937653,Zymeworks Inc.,F4_buy,2025-01-08,0000935836-25-000048,,0001587114
,0001937653,Zymeworks Inc.,F4_buy,2025-01-10,0000935836-25-000048,,0001587114
,0001370053,"ANAPTYSBIO, INC",F4_buy,2024-12-30,0000935836-25-000008,,0001587114
,0001370053,"ANAPTYSBIO, INC",F4_buy,2024-12-31,0000935836-25-000008,,0001587114
,0001370053,"ANAPTYSBIO, INC",F4_buy,2025-01-02,0000935836-25-000008,,0001587114
,0001937653,Zymeworks Inc.,F4_buy,2024-12-30,0000935836-25-000007,,0001587114
,0001937653,Zymeworks Inc.,F4_buy,2024-12-31,0000935836-25-000007,,0001587114
,0001937653,Zymeworks Inc.,F4_buy,2025-01-02,0000935836-25-000007,,0001587114
,0001937653,Zymeworks Inc.,F4_buy,2024-12-24,0000935836-24-000785,,0001587114
,0001937653,Zymeworks Inc.,F4_buy,2024-12-26,0000935836-24-000785,,0001587114
,0001937653,Zymeworks Inc.,F4_buy,2024-12-27,0000935836-24-000785,,0001587114
,0001370053,"ANAPTYSBIO, INC",F4_buy,2024-08-14,0000935836-24-000532,,0001587114
,0001811063,Nuvation Bio Inc.,F4_buy,2023-02-19,0000935836-23-000619,,0001587114
,0001811063,Nuvation Bio Inc.,F4_buy,2023-02-20,0000935836-23-000619,,0001587114
,0001811063,Nuvation Bio Inc.,F4_buy,2023-02-21,0000935836-23-000619,,0001587114
,0001937653,Zymeworks Inc.,F4_buy,2023-06-16,0000935836-23-000469,,0001587114
,0001937653,Zymeworks Inc.,F4_buy,2023-03-28,0000935836-23-000348,,0001587114
,0001937653,Zymeworks Inc.,F4_buy,2023-01-19,0001567619-23-001148,,0001587114
,0001937653,Zymeworks Inc.,F4_buy,2023-01-20,0001567619-23-001148,,0001587114
,0001937653,Zymeworks Inc.,F4_buy,2023-01-13,0001567619-23-000997,,0001587114
,0001937653,Zymeworks Inc.,F4_buy,2023-01-17,0001567619-23-000997,,0001587114
,0001937653,Zymeworks Inc.,F4_buy,2023-01-18,0001567619-23-000997,,0001587114
,0001937653,Zymeworks Inc.,F4_buy,2023-01-10,0001567619-23-000896,,0001587114
,0001937653,Zymeworks Inc.,F4_buy,2023-01-11,0001567619-23-000896,,0001587114
,0001640266,"Voyager Therapeutics, Inc.",F4_buy,2022-06-21,0001567619-22-013333,,0001587114
,0001640266,"Voyager Therapeutics, Inc.",F4_buy,2022-06-23,0001567619-22-013333,,0001587114
,0001370053,"ANAPTYSBIO, INC",F4_buy,2022-05-05,0001567619-22-009732,,0001587114
,0001559053,PROTHENA CORP PUBLIC LTD CO,F4_buy,2022-05-05,0001567619-22-009730,,0001587114
,0001559053,PROTHENA CORP PUBLIC LTD CO,F4_buy,2022-01-12,0001567619-22-001133,,0001587114
,0001717452,"Odonate Therapeutics, Inc.",F4_buy,2021-12-01,0001567619-21-021902,,0001587114
,0001811063,Nuvation Bio Inc.,F4_buy,2021-03-31,0001567619-21-021329,,0001587114
,0001811063,Nuvation Bio Inc.,F4_buy,2021-07-31,0001567619-21-021329,,0001587114
,0001811063,Nuvation Bio Inc.,F4_buy,2021-11-24,0001567619-21-021329,,0001587114
,0001370053,"ANAPTYSBIO, INC",F4_buy,2021-04-30,0001567619-21-008992,,0001587114
,0001370053,"ANAPTYSBIO, INC",F4_buy,2021-05-03,0001567619-21-008992,,0001587114
,0001370053,"ANAPTYSBIO, INC",F4_buy,2021-05-04,0001567619-21-008992,,0001587114
,0001370053,"ANAPTYSBIO, INC",F4_buy,2021-04-23,0001567619-21-008650,,0001587114
,0001370053,"ANAPTYSBIO, INC",F4_buy,2021-04-26,0001567619-21-008650,,0001587114
,0001370053,"ANAPTYSBIO, INC",F4_buy,2021-04-27,0001567619-21-008650,,0001587114
,0001811063,Nuvation Bio Inc.,F4_buy,2021-04-09,0001567619-21-007976,,0001587114
,0001811063,Nuvation Bio Inc.,F4_buy,2021-04-12,0001567619-21-007976,,0001587114
,0001811063,Nuvation Bio Inc.,F4_buy,2021-04-13,0001567619-21-007976,,0001587114
,0001828989,Panacea Acquisition Corp. II,F4_buy,2021-04-09,0001213900-21-021365,,0001587114
,0001559053,PROTHENA CORP PUBLIC LTD CO,F4_buy,2021-03-24,0001567619-21-006927,,0001587114
,0001370053,"ANAPTYSBIO, INC",F4_buy,2021-03-08,0001567619-21-006040,,0001587114
,0001370053,"ANAPTYSBIO, INC",F4_buy,2021-03-09,0001567619-21-006040,,0001587114
,0001559053,PROTHENA CORP PUBLIC LTD CO,F4_buy,2021-02-23,0001567619-21-004963,,0001587114
,0001559053,PROTHENA CORP PUBLIC LTD CO,F4_buy,2021-02-24,0001567619-21-004963,,0001587114
,0001370053,"ANAPTYSBIO, INC",F4_buy,2021-02-23,0001567619-21-004961,,0001587114
,0001559053,PROTHENA CORP PUBLIC LTD CO,F4_buy,2021-02-18,0001567619-21-004588,,0001587114
,0001559053,PROTHENA CORP PUBLIC LTD CO,F4_buy,2021-02-12,0001567619-21-004320,,0001587114
,0001559053,PROTHENA CORP PUBLIC LTD CO,F4_buy,2021-02-16,0001567619-21-004320,,0001587114
,0001559053,PROTHENA CORP PUBLIC LTD CO,F4_buy,2021-02-17,0001567619-21-004320,,0001587114
,0001811063,Panacea Acquisition Corp,F4_buy,2020-07-06,0001213900-20-016762,,0001587114
,0001722271,"Akouos, Inc.",F4_buy,2020-06-30,0001567619-20-012870,,0001587114
,0000934473,GENVEC INC,F4_buy,2014-05-22,0000921895-14-001307,,0001587114
,0000934473,GENVEC INC,F4_buy,2014-05-23,0000921895-14-001307,,0001587114
,0000934473,GENVEC INC,F4_buy,2014-05-27,0000921895-14-001307,,0001587114
,0000934473,GENVEC INC,F4_buy,2014-03-26,0000921895-14-000680,,0001587114
,0000934473,GENVEC INC,F4_buy,2014-03-27,0000921895-14-000680,,0001587114
,0000934473,GENVEC INC,F4_buy,2014-03-28,0000921895-14-000680,,0001587114
,0001764974,Turnstone Biologics Corp.,F4_buy,2023-07-25,0001209191-23-043527,,0001589097
,0001808158,Repare Therapeutics Inc.,F4_buy,2020-06-23,0001209191-20-038990,,0001589097
,0001781983,"Aprea Therapeutics, Inc.",F4_buy,2019-10-07,0001140361-19-018090,,0001589097
,0001766478,"Angel Oak Mortgage, Inc.",F4_buy,2022-05-20,0000902664-22-003077,,0001595082
,0001766478,"Angel Oak Mortgage, Inc.",F4_buy,2022-05-23,0000902664-22-003077,,0001595082
,0001766478,"Angel Oak Mortgage, Inc.",F4_buy,2022-05-24,0000902664-22-003077,,0001595082
,0001810739,"Radius Global Infrastructure, Inc.",F4_buy,2021-05-12,0000902664-21-002762,,0001595082
,0001810739,"Radius Global Infrastructure, Inc.",F4_buy,2020-11-02,0000902664-20-003816,,0001595082
,0001810739,"Radius Global Infrastructure, Inc.",F4_buy,2020-10-20,0000902664-20-003711,,0001595082
,0001810739,"Radius Global Infrastructure, Inc.",F4_buy,2020-10-16,0000902664-20-003686,,0001595082
,0001810739,"Radius Global Infrastructure, Inc.",F4_buy,2020-10-13,0000902664-20-003638,,0001595082
,0001588972,"Societal CDMO, Inc.",F4_buy,2023-08-24,0000929638-23-002356,,0001600004
,0001659352,"Codiak BioSciences, Inc.",F4_buy,2022-09-13,0001062993-22-019586,,0001605598
,0001659352,"Codiak BioSciences, Inc.",F4_buy,2020-10-16,0000899243-20-028809,,0001605598
,0001634379,"Metacrine, Inc.",F4_buy,2020-09-18,0001209191-20-051402,,0001605598
,0001656328,"Sienna Biopharmaceuticals, Inc.",F4_buy,2019-02-22,0001012975-19-000198,,0001605598
,0001689375,"Entrada Therapeutics, Inc.",F4_buy,2021-11-02,0001209191-21-062982,,0001609492
,0001785530,"Werewolf Therapeutics, Inc.",F4_buy,2021-05-04,0001209191-21-030626,,0001609492
,0001671818,"Oncorus, Inc.",F4_buy,2020-10-06,0001209191-20-054324,,0001609492
,0001750019,TCR2 THERAPEUTICS INC.,F4_buy,2019-02-19,0001209191-19-012243,,0001609492
,0001708493,"Harpoon Therapeutics, Inc.",F4_buy,2019-02-12,0001209191-19-010312,,0001609492
,0001827401,BRIGHT MINDS BIOSCIENCES INC.,F4_buy,2024-10-15,0000929638-24-003542,,0001618442
,0001827401,BRIGHT MINDS BIOSCIENCES INC.,F4_buy,2024-10-16,0000929638-24-003542,,0001618442
,0001595097,"Corbus Pharmaceuticals Holdings, Inc.",F4_buy,2024-09-20,0000929638-24-003217,,0001618442
,0001314102,"EyePoint Pharmaceuticals, Inc.",F4_buy,2024-05-06,0000929638-24-001743,,0001618442
,0001314102,"EyePoint Pharmaceuticals, Inc.",F4_buy,2024-04-18,0000929638-24-001536,,0001618442
,0001595097,"Corbus Pharmaceuticals Holdings, Inc.",F4_buy,2024-03-07,0000929638-24-000985,,0001618442
,0001595097,"Corbus Pharmaceuticals Holdings, Inc.",F4_buy,2024-03-08,0000929638-24-000985,,0001618442
,0001595097,"Corbus Pharmaceuticals Holdings, Inc.",F4_buy,2024-02-02,0000929638-24-000383,,0001618442
,0001595097,"Corbus Pharmaceuticals Holdings, Inc.",F4_buy,2024-01-26,0000929638-24-000304,,0001618442
,0001314102,"EyePoint Pharmaceuticals, Inc.",F4_buy,2024-01-09,0000929638-24-000081,,0001618442
,0001314102,"EyePoint Pharmaceuticals, Inc.",F4_buy,2024-01-11,0000929638-24-000081,,0001618442
,0001314102,"EyePoint Pharmaceuticals, Inc.",F4_buy,2023-12-08,0000929638-23-003419,,0001618442
,0001314102,"EyePoint Pharmaceuticals, Inc.",F4_buy,2023-12-04,0000929638-23-003383,,0001618442
,0001990550,"Ambrx Biopharma, Inc.",F4_buy,2023-10-23,0000929638-23-002829,,0001618442
,0001821586,MoonLake Immunotherapeutics,F4_buy,2023-10-05,0000929638-23-002739,,0001618442
,0001821586,MoonLake Immunotherapeutics,F4_buy,2023-10-02,0000929638-23-002692,,0001618442
,0001821586,MoonLake Immunotherapeutics,F4_buy,2023-10-03,0000929638-23-002692,,0001618442
,0001821586,MoonLake Immunotherapeutics,F4_buy,2023-10-04,0000929638-23-002692,,0001618442
,0001836056,Ambrx Biopharma Inc.,F4_buy,2023-09-15,0000929638-23-002564,,0001618442
,0001836056,Ambrx Biopharma Inc.,F4_buy,2023-09-18,0000929638-23-002564,,0001618442
,0001836056,Ambrx Biopharma Inc.,F4_buy,2023-04-18,0000929638-23-001211,,0001618442
,0001836056,Ambrx Biopharma Inc.,F4_buy,2023-04-19,0000929638-23-001211,,0001618442
,0001836056,Ambrx Biopharma Inc.,F4_buy,2023-04-20,0000929638-23-001211,,0001618442
,0001836056,Ambrx Biopharma Inc.,F4_buy,2023-04-13,0000929638-23-001185,,0001618442
,0001836056,Ambrx Biopharma Inc.,F4_buy,2023-04-14,0000929638-23-001185,,0001618442
,0001836056,Ambrx Biopharma Inc.,F4_buy,2023-04-17,0000929638-23-001185,,0001618442
,0001840439,"Biomea Fusion, Inc.",F4_buy,2023-03-30,0000929638-23-001057,,0001618442
,0001836056,Ambrx Biopharma Inc.,F4_buy,2023-03-14,0000929638-23-000867,,0001618442
,0001836056,Ambrx Biopharma Inc.,F4_buy,2023-03-15,0000929638-23-000867,,0001618442
,0001836056,Ambrx Biopharma Inc.,F4_buy,2023-03-16,0000929638-23-000867,,0001618442
,0001761918,"Erasca, Inc.",F4_buy,2022-12-13,0000929638-22-001901,,0001618442
,0001851194,"Ventyx Biosciences, Inc.",F4_buy,2021-10-25,0001567619-21-018789,,0001618442
,0001782223,"Pyxis Oncology, Inc.",F4_buy,2021-10-13,0001567619-21-018355,,0001618442
,0001790340,Immuneering Corp,F4_buy,2021-08-03,0001567619-21-014499,,0001618442
,0001761918,"Erasca, Inc.",F4_buy,2021-07-20,0001567619-21-013838,,0001618442
,0001798749,"Aerovate Therapeutics, Inc.",F4_buy,2021-07-02,0001567619-21-013070,,0001618442
,0001783032,"Elevation Oncology, Inc.",F4_buy,2021-06-29,0001567619-21-012841,,0001618442
,0001826457,"Monte Rosa Therapeutics, Inc.",F4_buy,2021-06-28,0001567619-21-012781,,0001618442
,0001840574,"Verve Therapeutics, Inc.",F4_buy,2021-06-21,0001567619-21-012510,,0001618442
,0001840439,"Biomea Fusion, Inc.",F4_buy,2021-04-20,0001567619-21-008471,,0001618442
,0001807120,"Design Therapeutics, Inc.",F4_buy,2021-03-30,0001567619-21-007374,,0001618442
,0001718852,"Prometheus Biosciences, Inc.",F4_buy,2021-03-16,0001567619-21-006615,,0001618442
,0001826892,"BioAtla, Inc.",F4_buy,2020-12-18,0001567619-20-021488,,0001618442
,0001750284,"Olema Pharmaceuticals, Inc.",F4_buy,2020-11-23,0001567619-20-020222,,0001618442
,0001599901,"Avidity Biosciences, Inc.",F4_buy,2020-06-16,0001567619-20-012364,,0001618442
,0001603756,"Axonics Modulation Technologies, Inc.",F4_buy,2018-10-31,0001567619-18-005006,,0001618442
,0001645666,"Kezar Life Sciences, Inc.",F4_buy,2018-06-25,0001140361-18-030192,,0001618442
,0001730430,"Kiniksa Pharmaceuticals, Ltd.",F4_buy,2018-05-29,0001140361-18-026543,,0001618442
,0001681087,"AVROBIO, Inc.",F4_buy,2019-07-19,0000899243-19-020101,,0001628098
,0001786205,"Arcellx, Inc.",F4_buy,2022-06-21,0001209191-22-038994,,0001629794
,0001786205,"Arcellx, Inc.",F4_buy,2022-02-08,0001209191-22-008192,,0001629794
,0001637715,"Reneo Pharmaceuticals, Inc.",F4_buy,2021-04-13,0001209191-21-026862,,0001629794
,0001719395,"Eargo, Inc.",F4_buy,2020-10-20,0001209191-20-055616,,0001629794
,0001693011,"Inozyme Pharma, Inc.",F4_buy,2020-07-28,0001209191-20-043880,,0001629794
,0001787400,"Nkarta, Inc.",F4_buy,2020-07-14,0001209191-20-042657,,0001629794
,0001325879,"AVEO PHARMACEUTICALS, INC.",F4_buy,2020-06-19,0001209191-20-038234,,0001629794
,0001325879,AVEO PHARMACEUTICALS INC,F4_buy,2019-04-08,0001209191-19-023995,,0001629794
,0001325879,AVEO PHARMACEUTICALS INC,F4_buy,2018-12-20,0001209191-18-064024,,0001629794
,0001325879,AVEO PHARMACEUTICALS INC,F4_buy,2018-12-21,0001209191-18-064024,,0001629794
,0001325879,AVEO PHARMACEUTICALS INC,F4_buy,2018-12-11,0001209191-18-062247,,0001629794
,0001325879,AVEO PHARMACEUTICALS INC,F4_buy,2018-12-06,0001209191-18-061832,,0001629794
,0001325879,AVEO PHARMACEUTICALS INC,F4_buy,2018-12-07,0001209191-18-061832,,0001629794
,0001325879,AVEO PHARMACEUTICALS INC,F4_buy,2018-12-10,0001209191-18-061832,,0001629794
,0001325879,AVEO PHARMACEUTICALS INC,F4_buy,2018-11-28,0001209191-18-060414,,0001629794
,0001325879,AVEO PHARMACEUTICALS INC,F4_buy,2018-11-30,0001209191-18-060414,,0001629794
,0001325879,AVEO PHARMACEUTICALS INC,F4_buy,2018-11-20,0001209191-18-059729,,0001629794
,0001325879,AVEO PHARMACEUTICALS INC,F4_buy,2018-11-15,0001209191-18-059344,,0001629794
,0001325879,AVEO PHARMACEUTICALS INC,F4_buy,2018-11-16,0001209191-18-059344,,0001629794
,0001325879,AVEO PHARMACEUTICALS INC,F4_buy,2018-11-19,0001209191-18-059344,,0001629794
,0001325879,AVEO PHARMACEUTICALS INC,F4_buy,2018-08-21,0001209191-18-047958,,0001629794
,0001325879,AVEO PHARMACEUTICALS INC,F4_buy,2018-07-18,0001209191-18-043476,,0001629794
,0001325879,AVEO PHARMACEUTICALS INC,F4_buy,2018-07-19,0001209191-18-043476,,0001629794
,0001325879,AVEO PHARMACEUTICALS INC,F4_buy,2018-06-27,0001209191-18-039956,,0001629794
,0001325879,AVEO PHARMACEUTICALS INC,F4_buy,2018-06-28,0001209191-18-039956,,0001629794
,0001325879,AVEO PHARMACEUTICALS INC,F4_buy,2018-05-30,0001209191-18-034183,,0001629794
,0001325879,AVEO PHARMACEUTICALS INC,F4_buy,2018-05-17,0001209191-18-031981,,0001629794
,0001325879,AVEO PHARMACEUTICALS INC,F4_buy,2018-05-18,0001209191-18-031981,,0001629794
,0001325879,AVEO PHARMACEUTICALS INC,F4_buy,2018-05-21,0001209191-18-031981,,0001629794
,0001325879,AVEO PHARMACEUTICALS INC,F4_buy,2018-05-08,0001209191-18-029293,,0001629794
,0001325879,AVEO PHARMACEUTICALS INC,F4_buy,2018-04-06,0001209191-18-024532,,0001629794
,0001325879,AVEO PHARMACEUTICALS INC,F4_buy,2018-04-09,0001209191-18-024532,,0001629794
,0001325879,AVEO PHARMACEUTICALS INC,F4_buy,2018-04-10,0001209191-18-024532,,0001629794
,0001325879,AVEO PHARMACEUTICALS INC,F4_buy,2017-03-28,0001209191-17-023485,,0001629794
,0001301501,Achaogen Inc,F4_buy,2016-12-19,0001209191-16-155933,,0001629794
,0001853921,"Scribe Therapeutics, Inc.",F4_buy,2026-07-24,0000902664-26-003270,,0001633313
,0001853921,"Scribe Therapeutics, Inc.",F4_buy,2026-07-28,0000902664-26-003270,,0001633313
,0000722830,IMMUNOMEDICS INC,F4_buy,2020-05-01,0000902664-20-001946,,0001633313
,0000722830,IMMUNOMEDICS INC,F4_buy,2019-12-05,0000902664-19-004538,,0001633313
,0000722830,IMMUNOMEDICS INC,F4_buy,2019-10-02,0000902664-19-003903,,0001633313
,0000722830,IMMUNOMEDICS INC,F4_buy,2019-10-03,0000902664-19-003903,,0001633313
,0000722830,IMMUNOMEDICS INC,F4_buy,2019-06-26,0000902664-19-002892,,0001633313
,0000722830,IMMUNOMEDICS INC,F4_buy,2019-06-27,0000902664-19-002892,,0001633313
,0000722830,IMMUNOMEDICS INC,F4_buy,2019-06-28,0000902664-19-002892,,0001633313
,0000722830,IMMUNOMEDICS INC,F4_buy,2019-06-03,0000902664-19-002619,,0001633313
,0000722830,IMMUNOMEDICS INC,F4_buy,2019-06-04,0000902664-19-002619,,0001633313
,0000722830,IMMUNOMEDICS INC,F4_buy,2019-06-05,0000902664-19-002619,,0001633313
,0000722830,IMMUNOMEDICS INC,F4_buy,2019-05-13,0000902664-19-002373,,0001633313
,0000722830,IMMUNOMEDICS INC,F4_buy,2019-05-14,0000902664-19-002373,,0001633313
,0000722830,IMMUNOMEDICS INC,F4_buy,2019-05-15,0000902664-19-002373,,0001633313
,0000722830,IMMUNOMEDICS INC,F4_buy,2018-06-15,0000902664-18-002624,,0001633313
,0001576263,"Mirati Therapeutics, Inc.",F4_buy,2018-06-11,0000902664-18-002549,,0001633313
,0000722830,IMMUNOMEDICS INC,F4_buy,2017-11-14,0000902664-17-004371,,0001633313
,0000722830,IMMUNOMEDICS INC,F4_buy,2017-11-15,0000902664-17-004371,,0001633313
,0000723603,CULP INC,F4_buy,2025-03-18,0000921895-25-000835,,0001640809
,0000723603,CULP INC,F4_buy,2025-03-19,0000921895-25-000835,,0001640809
,0000723603,CULP INC,F4_buy,2025-03-13,0000921895-25-000797,,0001640809
,0000723603,CULP INC,F4_buy,2025-03-14,0000921895-25-000797,,0001640809
,0000723603,CULP INC,F4_buy,2025-03-17,0000921895-25-000797,,0001640809
,0000723603,CULP INC,F4_buy,2025-03-10,0000921895-25-000751,,0001640809
,0000723603,CULP INC,F4_buy,2025-03-11,0000921895-25-000751,,0001640809
,0000723603,CULP INC,F4_buy,2025-03-12,0000921895-25-000751,,0001640809
,0001815974,"Anebulo Pharmaceuticals, Inc.",F4_buy,2024-12-23,0001493152-24-052101,,0001640809
,0000723603,CULP INC,F4_buy,2024-12-18,0000921895-24-003006,,0001640809
,0000723603,CULP INC,F4_buy,2024-12-19,0000921895-24-003006,,0001640809
,0000723603,CULP INC,F4_buy,2024-12-20,0000921895-24-003006,,0001640809
,0000723603,CULP INC,F4_buy,2024-12-09,0000921895-24-002931,,0001640809
,0000723603,CULP INC,F4_buy,2024-12-10,0000921895-24-002931,,0001640809
,0000723603,CULP INC,F4_buy,2024-12-11,0000921895-24-002931,,0001640809
,0000723603,CULP INC,F4_buy,2024-09-17,0000921895-24-002147,,0001640809
,0000723603,CULP INC,F4_buy,2024-09-18,0000921895-24-002147,,0001640809
,0000723603,CULP INC,F4_buy,2024-09-19,0000921895-24-002147,,0001640809
,0000723603,CULP INC,F4_buy,2024-09-09,0000921895-24-002119,,0001640809
,0000723603,CULP INC,F4_buy,2024-09-10,0000921895-24-002119,,0001640809
,0000723603,CULP INC,F4_buy,2024-09-11,0000921895-24-002119,,0001640809
,0000723603,CULP INC,F4_buy,2024-07-17,0000921895-24-001608,,0001640809
,0000723603,CULP INC,F4_buy,2024-07-18,0000921895-24-001608,,0001640809
,0000723603,CULP INC,F4_buy,2024-07-19,0000921895-24-001608,,0001640809
,0000723603,CULP INC,F4_buy,2024-07-12,0000921895-24-001574,,0001640809
,0000723603,CULP INC,F4_buy,2024-07-16,0000921895-24-001574,,0001640809
,0000723603,CULP INC,F4_buy,2024-07-08,0000921895-24-001551,,0001640809
,0000723603,CULP INC,F4_buy,2024-07-10,0000921895-24-001551,,0001640809
,0001340476,DIRTT ENVIRONMENTAL SOLUTIONS LTD,F4_buy,2023-12-01,0000921895-23-002704,,0001640809
,0001051514,"STRATA Skin Sciences, Inc.",F4_buy,2023-08-16,0000921895-23-002033,,0001640809
,0000352825,FOSTER L B CO,F4_buy,2023-05-17,0000921895-23-001295,,0001640809
,0000352825,FOSTER L B CO,F4_buy,2023-05-18,0000921895-23-001295,,0001640809
,0001340476,DIRTT ENVIRONMENTAL SOLUTIONS LTD,F4_buy,2022-11-30,0000921895-22-003144,,0001640809
,0001815974,"Anebulo Pharmaceuticals, Inc.",F4_buy,2021-12-17,0001493152-21-032220,,0001640809
,0001815974,"Anebulo Pharmaceuticals, Inc.",F4_buy,2021-12-14,0001493152-21-031664,,0001640809
,0001815974,"Anebulo Pharmaceuticals, Inc.",F4_buy,2021-12-03,0001493152-21-030513,,0001640809
,0001815974,"Anebulo Pharmaceuticals, Inc.",F4_buy,2021-12-02,0001493152-21-030384,,0001640809
,0001340476,DIRTT ENVIRONMENTAL SOLUTIONS LTD,F4_buy,2021-11-01,0000921895-21-002518,,0001640809
,0001340476,DIRTT ENVIRONMENTAL SOLUTIONS LTD,F4_buy,2021-11-02,0000921895-21-002518,,0001640809
,0001340476,DIRTT ENVIRONMENTAL SOLUTIONS LTD,F4_buy,2021-11-03,0000921895-21-002518,,0001640809
,0001340476,DIRTT ENVIRONMENTAL SOLUTIONS LTD,F4_buy,2021-10-25,0001193805-21-001505,,0001640809
,0001340476,DIRTT ENVIRONMENTAL SOLUTIONS LTD,F4_buy,2021-10-26,0001193805-21-001505,,0001640809
,0001340476,DIRTT ENVIRONMENTAL SOLUTIONS LTD,F4_buy,2021-10-27,0001193805-21-001505,,0001640809
,0001340476,DIRTT ENVIRONMENTAL SOLUTIONS LTD,F4_buy,2021-08-12,0000921895-21-002005,,0001640809
,0001340476,DIRTT ENVIRONMENTAL SOLUTIONS LTD,F4_buy,2021-08-05,0000921895-21-001924,,0001640809
,0001340476,DIRTT ENVIRONMENTAL SOLUTIONS LTD,F4_buy,2021-07-28,0000921895-21-001910,,0001640809
,0001340476,DIRTT ENVIRONMENTAL SOLUTIONS LTD,F4_buy,2021-07-29,0000921895-21-001910,,0001640809
,0001655075,"Armstrong Flooring, Inc.",F4_buy,2021-07-26,0000921895-21-001906,,0001640809
,0001655075,"Armstrong Flooring, Inc.",F4_buy,2021-07-27,0000921895-21-001906,,0001640809
,0001340476,DIRTT ENVIRONMENTAL SOLUTIONS LTD,F4_buy,2021-06-18,0000921895-21-001868,,0001640809
,0001340476,DIRTT ENVIRONMENTAL SOLUTIONS LTD,F4_buy,2021-06-22,0000921895-21-001868,,0001640809
,0001340476,DIRTT ENVIRONMENTAL SOLUTIONS LTD,F4_buy,2021-07-14,0000921895-21-001868,,0001640809
,0001340476,DIRTT ENVIRONMENTAL SOLUTIONS LTD,F4_buy,2021-07-15,0000921895-21-001868,,0001640809
,0001340476,DIRTT ENVIRONMENTAL SOLUTIONS LTD,F4_buy,2021-07-16,0000921895-21-001868,,0001640809
,0001655075,"Armstrong Flooring, Inc.",F4_buy,2021-06-17,0000921895-21-001678,,0001640809
,0001274792,MERRIMACK PHARMACEUTICALS INC,F4_buy,2019-04-15,0000921895-19-001116,,0001640809
,0001274792,MERRIMACK PHARMACEUTICALS INC,F4_buy,2019-04-16,0000921895-19-001116,,0001640809
,0001274792,MERRIMACK PHARMACEUTICALS INC,F4_buy,2019-04-17,0000921895-19-001116,,0001640809
,0001274792,MERRIMACK PHARMACEUTICALS INC,F4_buy,2019-04-05,0000921895-19-001056,,0001640809
,0001274792,MERRIMACK PHARMACEUTICALS INC,F4_buy,2019-04-08,0000921895-19-001056,,0001640809
,0001515156,"Advanced Emissions Solutions, Inc.",F4_buy,2019-12-30,0001515156-20-000002,,0001641604
,0001515156,"Advanced Emissions Solutions, Inc.",F4_buy,2019-12-31,0001515156-20-000002,,0001641604
,0001515156,"Advanced Emissions Solutions, Inc.",F4_buy,2019-11-20,0001515156-19-000106,,0001641604
,0001515156,"Advanced Emissions Solutions, Inc.",F4_buy,2019-11-21,0001515156-19-000106,,0001641604
,0001515156,"Advanced Emissions Solutions, Inc.",F4_buy,2019-11-22,0001515156-19-000106,,0001641604
,0001515156,"Advanced Emissions Solutions, Inc.",F4_buy,2019-09-06,0001515156-19-000096,,0001641604
,0001515156,"Advanced Emissions Solutions, Inc.",F4_buy,2019-09-03,0001515156-19-000092,,0001641604
,0001515156,"Advanced Emissions Solutions, Inc.",F4_buy,2019-09-04,0001515156-19-000092,,0001641604
,0001515156,"Advanced Emissions Solutions, Inc.",F4_buy,2019-08-27,0001515156-19-000090,,0001641604
,0001515156,"Advanced Emissions Solutions, Inc.",F4_buy,2019-08-23,0001515156-19-000088,,0001641604
,0001515156,"Advanced Emissions Solutions, Inc.",F4_buy,2019-08-26,0001515156-19-000088,,0001641604
,0001515156,"Advanced Emissions Solutions, Inc.",F4_buy,2019-08-21,0001515156-19-000086,,0001641604
,0001515156,"Advanced Emissions Solutions, Inc.",F4_buy,2019-08-22,0001515156-19-000086,,0001641604
,0001515156,"Advanced Emissions Solutions, Inc.",F4_buy,2019-08-19,0001515156-19-000084,,0001641604
,0001515156,"Advanced Emissions Solutions, Inc.",F4_buy,2019-08-20,0001515156-19-000084,,0001641604
,0001515156,"Advanced Emissions Solutions, Inc.",F4_buy,2018-12-31,0001515156-19-000002,,0001641604
,0001515156,"Advanced Emissions Solutions, Inc.",F4_buy,2018-12-27,0001515156-18-000116,,0001641604
,0001515156,"Advanced Emissions Solutions, Inc.",F4_buy,2018-12-28,0001515156-18-000116,,0001641604
,0001515156,"Advanced Emissions Solutions, Inc.",F4_buy,2018-06-29,0001515156-18-000084,,0001641604
,0001515156,"Advanced Emissions Solutions, Inc.",F4_buy,2018-06-28,0001515156-18-000075,,0001641604
,0001515156,"Advanced Emissions Solutions, Inc.",F4_buy,2017-12-13,0001515156-17-000128,,0001641604
,0001515156,"Advanced Emissions Solutions, Inc.",F4_buy,2017-12-14,0001515156-17-000128,,0001641604
,0001515156,"Advanced Emissions Solutions, Inc.",F4_buy,2017-01-20,0001515156-17-000006,,0001641604
,0001455365,COGNITION THERAPEUTICS INC,F4_buy,2022-11-28,0001104659-22-122625,,0001643749
,0001455365,COGNITION THERAPEUTICS INC,F4_buy,2022-11-16,0001104659-22-119721,,0001643749
,0001455365,COGNITION THERAPEUTICS INC,F4_buy,2022-11-15,0001104659-22-119341,,0001643749
,0001455365,COGNITION THERAPEUTICS INC,F4_buy,2021-10-13,0001104659-21-126906,,0001643749
,0001805890,Fusion Pharmaceuticals Inc.,F4_buy,2020-06-30,0000899243-20-018256,,0001645161
,0001100397,"Ayala Pharmaceuticals, Inc.",F4_buy,2023-10-18,0001178913-23-003462,,0001652458
,0001797336,"Ayala Pharmaceuticals, Inc.",F4_buy,2020-05-12,0000899243-20-013093,,0001652458
,0001736730,Camp4 Therapeutics Corp,F4_buy,2024-10-15,0001415889-24-025380,,0001656629
,0001806952,"Lyell Immunopharma, Inc.",F4_buy,2026-03-06,0001012975-26-000235,,0001666306
,0001782303,"Boundless Bio, Inc.",F4_buy,2024-04-02,0000950170-24-041841,,0001666306
,0001770121,"Sana Biotechnology, Inc.",F4_buy,2024-02-08,0001062993-24-002840,,0001666306
,0001706431,"Vir Biotechnology, Inc.",F4_buy,2019-10-16,0001209191-19-053664,,0001666306
,0001771917,"Karuna Therapeutics, Inc.",F4_buy,2019-07-02,0000899243-19-018905,,0001666306
,0001739410,Rallybio Corp,F4_buy,2021-08-02,0001209191-21-049821,,0001674324
,0001445499,IMPEL NEUROPHARMA INC,F4_buy,2021-04-27,0001209191-21-029136,,0001674324
,0001759138,"Cabaletta Bio, Inc.",F4_buy,2019-10-29,0001104659-19-058504,,0001674324
,0001840292,"Heliogen, Inc.",F4_buy,2024-02-15,0000950170-24-017225,,0001675758
,0001840292,"Heliogen, Inc.",F4_buy,2023-09-01,0000899243-23-018664,,0001675758
,0001566469,"NantHealth, Inc.",F4_buy,2023-08-28,0000950170-23-045521,,0001675758
,0001840292,"Heliogen, Inc.",F4_buy,2023-06-22,0000899243-23-016529,,0001675758
,0001840292,"Heliogen, Inc.",F4_buy,2023-06-16,0000899243-23-016170,,0001675758
,0001840292,"Heliogen, Inc.",F4_buy,2023-06-20,0000899243-23-016170,,0001675758
,0001840292,"Heliogen, Inc.",F4_buy,2023-06-21,0000899243-23-016170,,0001675758
,0001840292,"Heliogen, Inc.",F4_buy,2023-06-13,0000899243-23-015652,,0001675758
,0001840292,"Heliogen, Inc.",F4_buy,2023-06-14,0000899243-23-015652,,0001675758
,0001840292,"Heliogen, Inc.",F4_buy,2023-06-15,0000899243-23-015652,,0001675758
,0001840292,"Heliogen, Inc.",F4_buy,2023-06-07,0000899243-23-015295,,0001675758
,0001840292,"Heliogen, Inc.",F4_buy,2023-06-08,0000899243-23-015295,,0001675758
,0001840292,"Heliogen, Inc.",F4_buy,2023-06-09,0000899243-23-015295,,0001675758
,0001840292,"Heliogen, Inc.",F4_buy,2023-06-01,0000899243-23-014517,,0001675758
,0001840292,"Heliogen, Inc.",F4_buy,2023-06-02,0000899243-23-014517,,0001675758
,0001840292,"Heliogen, Inc.",F4_buy,2023-04-13,0000899243-23-011312,,0001675758
,0001840292,"Heliogen, Inc.",F4_buy,2023-04-10,0000899243-23-011223,,0001675758
,0001840292,"Heliogen, Inc.",F4_buy,2023-04-11,0000899243-23-011223,,0001675758
,0001840292,"Heliogen, Inc.",F4_buy,2023-04-12,0000899243-23-011223,,0001675758
,0001840292,"Heliogen, Inc.",F4_buy,2023-04-05,0000899243-23-011075,,0001675758
,0001840292,"Heliogen, Inc.",F4_buy,2023-04-06,0000899243-23-011075,,0001675758
,0001840292,"Heliogen, Inc.",F4_buy,2023-03-23,0000899243-23-009756,,0001675758
,0001840292,"Heliogen, Inc.",F4_buy,2023-03-24,0000899243-23-009756,,0001675758
,0001736730,Camp4 Therapeutics Corp,F4_buy,2025-09-11,0001193125-25-201392,,0001678203
,0001604477,SQZ Biotechnologies Co,F4_buy,2020-11-03,0000899243-20-030317,,0001678203
,0001556263,"Syros Pharmaceuticals, Inc.",F4_buy,2016-07-06,0001104659-16-131584,,0001678203
